acc_id	anchor_atom	angle_base_anchor_p	base_atom	chain_id	context_n_sites	context_signature	d_P_O1P	d_P_O2P	d_P_O3P	d_anchor_p	expected_resname	mapped_uniprot_range	master_phospho_sites	master_site_count	n_context_sites_input	n_target_sites	observed_uniprot_range	pdb_id	resname	resolution	status	subset_class	target_position	target_site_residues	torsion_CD1_CE1_CZ_OH	torsion_CE1_CZ_OH_P	torsion_CE2_CZ_OH_P
A4HXQ3	OH	122.44087844017682	CZ	A	1	186	1.5061561158054921	1.505449724134436	1.5077278655930233	1.606817471253906	PTR	1-259,262-353		1	1	1	1-259,262-353	7S6U	PTR	1.74	ok	PTR_single	186	PTR	-0.3581758921596009	-102.37580753877573	76.4750550235121
A4HXQ3	OH	124.25712816433963	CZ	A	1	186	1.5090652529487734	1.5086252543064562	1.5155449965208168	1.6094973178005951	PTR	1-255,264-353		1	1	1	1-255,264-353	7S6V	PTR	1.66	ok	PTR_single	186	PTR	-0.8585713462770392	-83.94321219044787	94.29929201176586
O15151	OH	121.30876916648032	CZ	A	1	99	1.5191484309714125	1.506250110653496	1.5195808505320916	1.6308311882506052	PTR	25-108		2	1	1	25-108	4RXZ	PTR	1.55	ok	PTR_single	99	PTR	-1.180186183152426	107.3331172584344	-72.89150707583048
O60674	OH	124.51656411133386	CZ	A	1	1007	1.5452586517100526	1.5501655852981575	1.492266802175239	1.6123869393514454	PTR	840-1012,1016-1130		2	1	1	840-1012,1016-1130	5USY	PTR	2.0	ok	PTR_single	1007	PTR	1.092671509050415	40.07995800330217	-137.55133803446384
O60674	OH	123.46412848282722	CZ	A	1	1007	1.5405718555371501	1.480618296971047	1.5425130806790865	1.6131016565950707	PTR	840-857,860-1012,1016-1131		2	1	1	840-857,860-1012,1016-1131	6DRW	PTR	2.303	ok	PTR_single	1007	PTR	-0.20837899212357303	-1.725290568481305	178.38227246973338
O60674	OH	124.66556215431778	CZ	B	1	1007	1.491650790566718	1.5432756617007266	1.5393509861302768	1.6174225347665774	PTR	840-1132		2	1	1	840-1132	6VGL	PTR	1.9	ok	PTR_single	1007	PTR	1.139140346155193	66.27756233994693	-111.61084168146266
O60674	OH	122.77372215438194	CZ	B	1	1007	1.5284588676042274	1.5293946261413933	1.4726779565239783	1.609619024135301	PTR	840-1132		2	1	1	843-1131	6VN8	PTR	1.9	ok	PTR_single	1007	PTR	-0.5499463977414434	60.63992371598075	-122.64867963205234
O60674	OH	124.59390755166463	CZ	B	1	1007	1.541623665735748	1.4833828402633225	1.5455360944094574	1.6056942667183631	PTR	840-1132		2	1	1	843-1131	6VNB	PTR	2.19	ok	PTR_single	1007	PTR	1.5057100299898554	81.5943621004628	-96.09631981779064
O60674	OH	120.9241426286223	CZ	B	1	1007	1.640604198607268	1.539862009454309	1.4594545007541067	1.6664245298558302	PTR	840-1131		2	1	1	843-1131	6VNC	PTR	2.3	ok	PTR_single	1007	PTR	2.5722617228683906	103.77893541960422	-74.92635849713483
O60674	OH	121.7004129848205	CZ	B	1	1007	1.5449300254530898	1.5424497051628765	1.4827248518671958	1.5943459661767554	PTR	840-1131		2	1	1	843-1131	6VNE	PTR	2.32	ok	PTR_single	1007	PTR	1.9484466976519221	110.50128083105734	-64.83302435184156
O60674	OH	125.0207420162234	CZ	B	1	1007	1.533599098986589	1.5366797405823611	1.4910470137869085	1.6056802938989723	PTR	840-1132		2	1	1	841-1131	6VNF	PTR	2.06	ok	PTR_single	1007	PTR	0.7291986304402822	83.81189973449948	-95.59685630341633
O60674	OH	122.31565685653867	CZ	B	1	1007	1.481024959369078	1.5408899302506804	1.5448320431837916	1.6070204441843279	PTR	841-1132		2	1	1	843-1131	6VNG	PTR	2.5	ok	PTR_single	1007	PTR	0.2910648763566652	104.94262680064881	-78.39703666593266
O60674	OH	120.90405277642076	CZ	B	1	1007	1.4806865908361342	1.539829214948077	1.5410192449723237	1.6086137005227048	PTR	840-1132		2	1	1	843-1131	6VNH	PTR	2.4	ok	PTR_single	1007	PTR	0.2998013327298854	128.65730919655982	-50.44272513242615
O60674	OH	122.34002245546081	CZ	B	1	1007	1.5423868746291383	1.5447797481872747	1.4893093552915142	1.6069009784408432	PTR	842-1132		2	1	1	843-1131	6VNI	PTR	2.1	ok	PTR_single	1007	PTR	0.7928364007374018	74.45432589622344	-104.76942404278435
O60674	OH	125.78705246970036	CZ	B	1	1007	1.5397823336266978	1.4921599389557632	1.5539464560510057	1.6091761954396007	PTR	840-1132		2	1	1	842-1131	6VNJ	PTR	1.9	ok	PTR_single	1007	PTR	1.132529818720633	82.23921320662586	-97.42107878236763
O60674	OH	123.22663983455186	CZ	B	1	1007	1.4785377025655082	1.5411667072087827	1.54555314159362	1.620428008684014	PTR	840-919,921-1132		2	1	1	840-919,921-1132	6VNK	PTR	2.0	ok	PTR_single	1007	PTR	-0.09993106073694116	99.42395825071699	-81.8372404373568
O60674	OH	118.43760932845049	CZ	B	1	1007	1.4806491804453061	1.5435799672896728	1.5398015402019523	1.613566367068046	PTR	840-1132		2	1	1	840-1132	6VNL	PTR	2.4	ok	PTR_single	1007	PTR	-0.5103886009339792	69.9766396560202	-109.6466075843208
O60674	OH	121.65153639442583	CZ	B	1	1007	1.5418594459306683	1.4817389472987186	1.542378391017613	1.612734956977565	PTR	840-1132		2	1	1	843-1131	6VNM	PTR	2.2	ok	PTR_single	1007	PTR	0.08167092051040155	154.9082017454906	-24.316758367357544
O60674	OH	125.14321947176371	CZ	B	1	1007	1.4825612417544738	1.5441692597712484	1.5406236380394547	1.6136544404128637	PTR	840-1132		2	1	1	840-1132	6VS3	PTR	2.0	ok	PTR_single	1007	PTR	0.9400337594067686	69.44717960426854	-106.41016563475496
O60674	OH	121.9017381796622	CZ	B	1	1007	1.4826257571442374	1.546533781988416	1.541405342902355	1.601991647346125	PTR	842-1132		2	1	1	842-1132	6VSN	PTR	2.5	ok	PTR_single	1007	PTR	0.5077015927595174	91.69212267366964	-87.61127697313083
O60674	OH	125.13214590658941	CZ	A	1	1007	1.538529924115179	1.5401334681266148	1.483014569163052	1.616835816573547	PTR	839-1132		2	1	1	839-1132	7LL4	PTR	1.31	ok	PTR_single	1007	PTR	-0.8790661499233196	-146.8551756715823	31.31465785912917
O60674	OH	125.80638691504977	CZ	A	1	1007	1.5379483342233156	1.5428882807352715	1.4800722760481355	1.6120907692453685	PTR	840-873,876-1132		2	1	1	840-873,876-1132	7LL5	PTR	1.5	ok	PTR_single	1007	PTR	-1.187253416643627	-135.2884872642352	42.43763453585491
O60674	OH	124.55541764714528	CZ	A	1	1007	1.4850891888181053	1.543553425515823	1.5409126881424968	1.598233806059531	PTR	839-873,876-1013,1016-1130		2	1	1	839-873,876-1013,1016-1130	7REE	PTR	1.38	ok	PTR_single	1007	PTR	-1.4356222465776483	-145.09830271386642	32.80928562795358
O60674	OH	125.42496484914659	CZ	A	1	1007	1.5216063904062327	1.5166203212499996	1.5058777872026834	1.5892532051449288	PTR	843-918,923-1010,1013-1067,1070-1131		2	1	1	843-918,923-1010,1013-1067,1070-1131	8G6Z	PTR	2.45	ok	PTR_single	1007	PTR	1.1139490375413992	45.82116043394289	-132.8173773032536
P00519				A	1	393					PTR	229-500		4	1	1	229-500	2GQG	PTR	2.4	missing_required_atoms:OH	PTR_single	393	PTR			
P00519	OH	128.47878994041957	CZ	A	1	393	1.5416081538870952	1.4959443816760054	1.5384682685988809	1.6478769188431157	PTR	233-503		4	1	1	233-503	2V7A	PTR	2.5	ok	PTR_single	393	PTR	-0.1238921212225839	23.012481817832125	-155.92613927315963
P00519	OH	131.38799414246392	CZ	A	1	393	1.5320166164097493	1.481044702926092	1.5357793044508172	1.604580030398407	PTR	232-275,278-500		4	1	1	232-275,278-500	7W7X	PTR	2.00000937681	ok	PTR_single	393	PTR	1.6167008324696552	26.24257451537386	-151.38564178436232
P00519	OH	126.94181613503866	CZ	A	1	393	1.487408632827515	1.5409522233015083	1.53792566833211	1.6120393883374764	PTR	232-500		4	1	1	232-500	7W7Y	PTR	2.20003021871	ok	PTR_single	393	PTR	-0.04683900817432784	5.821258654111379	-173.93633964173716
P00519	OH	126.11155387746572	CZ	A	1	393	1.5405904629444895	1.4805664694943756	1.5410247659759622	1.6089977828910866	PTR	232-273,276-500		4	1	1	232-273,276-500	8H7F	PTR	2.4501342407	ok	PTR_single	393	PTR	-1.252132284481575	-136.61211430500026	41.16684277824825
P00519	OH	123.38233075375547	CZ	A	1	393	1.4796423414611979	1.5392561083213092	1.5409651728650549	1.6103953232553923	PTR	232-500		4	1	1	232-500	8H7H	PTR	2.27789711576	ok	PTR_single	393	PTR	-0.43868801415642183	-29.24805657692904	150.14163605242655
P00519	OH	127.72073737203318	CZ	B	1	393	1.5427161729957939	1.5417309901411218	1.4799754133170426	1.6103947160470287	PTR	232-274,280-500		4	1	1	232-274,280-500	8I7S	PTR	1.94635467805	ok	PTR_single	393	PTR	-1.4803689298719267	-132.54006956439383	44.65887034335927
P00519	OH	123.4855916221477	CZ	B	1	393	1.4804720825752065	1.5404802211440924	1.5398753315806657	1.6115939831355997	PTR	232-248,250-273,277-500		4	1	1	232-248,250-273,277-500	8I7Z	PTR	2.25495806781	ok	PTR_single	393	PTR	-0.4546786576417384	-53.81451308567119	125.21990707383384
P00519	OH	126.14268744189334	CZ	B	1	393	1.482134429285262	1.5404650089824259	1.5395697413556295	1.6167382557717003	PTR	233-500		4	1	1	233-500	9KS5	PTR	2.2	ok	PTR_single	393	PTR	0.5940200598068713	155.66261516063102	-23.14022466404785
P00520	OH	127.0526480395106	CZ	A	1	393	1.479083334380606	1.5367948992953646	1.535509170699095	1.6162270011881934	PTR	233-248,251-273,279-502		1	1	1	233-248,251-273,279-502	3DK6	PTR	2.02	ok	PTR_single	393	PTR	1.053733746177093	32.378024748096735	-145.8009891136112
P00520	OH	125.14894379246206	CZ	B	1	393	1.4817615152640005	1.541466585899021	1.5391122452902763	1.6098229063841618	PTR	233-273,278-505		1	1	1	233-273,278-505	3DK7	PTR	2.01	ok	PTR_single	393	PTR	1.6932913719999245	86.92153040769988	-90.57362018905164
P00523	OH	121.04335202593373	CZ	A	1	527	1.5505574109562221	1.5616365978000595	1.553991874291389	1.5876999380821062	PTR	83-299,304-407,424-528		2	1	1	83-299,304-407,424-528	2PTK	PTR	2.35	ok	PTR_single	527	PTR	3.123179137801752	104.95391925679762	-71.74466825262715
P00523	OH	124.74086592866963	CZ	A	1	416	1.4784877193744075	1.5347820683561029	1.54183380316593	1.6171269371908064	PTR	255-533		2	1	1	255-533	3DQW	PTR	2.017	ok	PTR_single	416	PTR	-0.36874249023527184	-174.7454053773346	5.166051988866983
P01112	OH	125.69359591415987	CZ	A	1	64	1.50121746097724	1.5005528597803104	1.4970524600157111	1.5868028097061417	PTR	1-166		1	1	1	1-166	8CNN	PTR	1.48	ok	PTR_single	64	PTR	0.8383716360376328	147.41337782436423	-31.68708416586993
P05480	OH	125.02003702174999	CZ	A	1	529	1.5073952437161138	1.504393253422893	1.5065210258265078	1.5570936631041352	PTR	85-534		1	1	1	85-534	8XN8	PTR	1.95	ok	PTR_single	529	PTR	-2.0261511001873433	-106.83273131963534	70.9539167364617
P06239	OH	122.99099606618414	CZ	A	1	394	1.440131044570119	1.484852612948717	1.527697277002149	1.631986158397885	PTR	231-502		2	1	1	231-502	1QPC	PTR	1.6	ok	PTR_single	394	PTR	0.3054387429028912	-27.675409750659345	152.49288685283733
P06239	OH	134.83840327181449	CZ	A	1	394	1.4462815546547843	1.5558572922919665	1.4113980359840956	1.5738836051055005	PTR	231-502		2	1	1	231-502	1QPD	PTR	2.0	ok	PTR_single	394	PTR	0.888153285494635	6.082605552058358	-173.91031213405626
P06239	OH	122.99099606618414	CZ	A	1	394	1.440131044570119	1.484852612948717	1.527697277002149	1.631986158397885	PTR	231-501		2	1	1	231-501	1QPE	PTR	2.0	ok	PTR_single	394	PTR	0.3054387429028912	-27.675409750659345	152.49288685283733
P06239	OH	130.19018383214103	CZ	A	1	394	1.4918633845989737	1.5024118949158176	1.4892039818319638	1.760021787828379	PTR	236-501		2	1	1	236-501	1QPJ	PTR	2.2	ok	PTR_single	394	PTR	3.1173450249682872	-179.90226295614286	2.733038602300832
P06239	OH	122.22467799507147	CZ	A	1	394	1.4811115896873168	1.5242986242036154	1.5044328124602817	1.6418294346607447	PTR	229-501		2	1	1	229-501	2OFU	PTR	2.0	ok	PTR_single	394	PTR	5.728314789250171	22.02343624109055	-150.54672229968205
P06239	OH	127.64245103429121	CZ	A	1	394	1.495139536376602	1.5058997295563201	1.5036332561603012	1.6113531720177858	PTR	231-501		2	1	1	231-501	2ZM1	PTR	2.1	ok	PTR_single	394	PTR	0.29020931435308206	17.637768485912446	-161.82025772729384
P06239	OH	125.89606535781672	CZ	A	1	394	1.4776261544862226	1.5237882873663275	1.5280124609248158	1.5950789593265198	PTR	231-502		2	1	1	231-502	3AC1	PTR	1.99	ok	PTR_single	394	PTR	0.6801473131695875	-176.0119949318811	4.295967030852045
P06239	OH	129.64694744597077	CZ	A	1	394	1.4759306786394477	1.5280938355416753	1.5277377215499204	1.606554761134349	PTR	231-502		2	1	1	231-502	3AC2	PTR	2.1	ok	PTR_single	394	PTR	2.5880998919566296	147.37293826652382	-27.586181066169775
P06239	OH	123.78108064743557	CZ	A	1	394	1.4765456076534338	1.538680558481843	1.5369855556093053	1.6115165532771505	PTR	231-502		2	1	1	231-502	3AC5	PTR	2.5	ok	PTR_single	394	PTR	-0.5550842998204538	-159.1880262805638	19.672037185417334
P06239	OH	122.2412066772342	CZ	A	1	394	1.4814572040507112	1.5397819610836685	1.5385639256737371	1.6118952166801463	PTR	231-501		2	1	1	231-501	3AC8	PTR	2.3	ok	PTR_single	394	PTR	-0.06095934187009268	-172.75654108408375	7.1823593986378755
P06239	OH	130.0248182978143	CZ	A	1	394	1.4754639862239773	1.5294775015889113	1.534841212997248	1.6134882448511747	PTR	231-502		2	1	1	231-502	3ACJ	PTR	2.2	ok	PTR_single	394	PTR	0.5238142673576032	176.71407030670173	-2.5887761452947617
P06239	OH	129.8358810288449	CZ	A	1	394	1.470512363464894	1.520616509544142	1.5240850284841398	1.5889779451993982	PTR	231-502		2	1	1	231-502	3AD4	PTR	2.2	ok	PTR_single	394	PTR	-1.0677043415803038	-174.29769471104066	4.329754092912538
P06239	OH	126.37236622686626	CZ	A	1	394	1.4800962436939453	1.5156914553762162	1.529200149209379	1.6053141184247837	PTR	230-502		2	1	1	230-502	3AD5	PTR	2.0	ok	PTR_single	394	PTR	-0.03259621546166478	-175.53538108296468	4.672028056886441
P06239	OH	128.3671958038739	CZ	A	1	394	1.4758709179384455	1.5205670885707012	1.5264855438852774	1.607926505841113	PTR	230-502		2	1	1	230-502	3AD6	PTR	2.15	ok	PTR_single	394	PTR	3.2418581605910615	154.54125557012568	-21.283953295380332
P06239	OH	121.42944559420799	CZ	A	1	394	1.5192588429959992	1.5488580082659391	1.5199433196696865	1.6235353310495746	PTR	230-501		2	1	1	230-501	3BYM	PTR	2.0	ok	PTR_single	394	PTR	-1.2642316578316792	-178.8405165203873	-0.09412826493451744
P06239	OH	121.93677991119532	CZ	A	1	394	1.5390653112800148	1.538111662410961	1.520170102401599	1.624585306226287	PTR	231-501		2	1	1	231-501	3BYO	PTR	2.0	ok	PTR_single	394	PTR	-5.278930468044291	-3.644485140527812	172.00154875650313
P06239	OH	128.4884350560106	CZ	A	1	394	1.4790506423469836	1.5416793334704908	1.5452024101509911	1.62042434858463	PTR	238-501		2	1	1	238-501	3KXZ	PTR	2.37	ok	PTR_single	394	PTR	-0.41284323913653614	-19.267056982491127	159.6453241649251
P06239	OH	155.04863610505058	CZ	A	1	394	1.4832114082015955	1.4802365367049606	1.4807685274783593	1.604024044725688	PTR	231-501		2	1	1	231-501	3LCK	PTR	1.7	ok	PTR_single	394	PTR	-0.20984901988989157	-139.82229125995607	39.99161357441414
P06239	OH	129.41518438683963	CZ	A	1	394	1.5036326812161986	1.5065093630537714	1.5402859510706999	1.5961490091352402	PTR	225,231-500		2	1	1	225,231-500	6PDJ	PTR	1.81	ok	PTR_single	394	PTR	0.44749496219105545	177.29428141383872	-1.8997262029367616
P06612	OH	119.98720574482131	CZ	A	1	319	1.4800148143238523	1.540101101181483	1.539655397656554	1.611062428090254	PTR	2-38,62-356,365-441,448-590		1	1	1	2-38,62-356,365-441,448-590	3PX7	PTR	2.3	ok	PTR_single	319	PTR	0.002424471127242897	-11.796792201473751	168.183791572055
P06786	OH	129.68881151530329	CZ	A	1	782	1.482687521659811	1.5410699238358816	1.5386398137814303	1.617010129592105	PTR	421-1070,1107-1177		1	1	1	421-1070,1107-1177	3L4J	PTR	2.48	ok	PTR_single	782	PTR	0.6295405995244875	25.59257549911726	-152.45210387655882
P07332	OH	128.3007848826449	CZ	A	1	713	1.4797903733451379	1.5358757012933257	1.5416630663195705	1.5995887971350162	PTR	448-485,489-495,501-506,511-515,520-537,541-593,598-821		1	1	1	448-485,489-495,501-506,511-515,520-537,541-593,598-821	3CD3	PTR	1.98	ok	PTR_single	713	PTR	3.2232495853248766	22.61073508180761	-156.44262214063232
P07949	OH	131.6095344525071	CZ	A	1	905	1.537607073030151	1.5384982685306345	1.5077300501843178	1.6323971234514365	PTR	703-712,714-820,844-1012		5	1	1	703-712,714-820,844-1012	2IVU	PTR	2.5	ok	PTR_single	905	PTR	0.4371738705040287	-179.6901689488885	0.04958705312143473
P07949	OH	129.0003823415318	CZ	A	1	905	1.4892698516832985	1.5428537361113133	1.5406363665837608	1.6427347188172738	PTR	703-711,716-820,846-1011		5	1	1	703-711,716-820,846-1011	2IVV	PTR	2.25	ok	PTR_single	905	PTR	-0.636265578964146	-178.5508209485825	0.8351787229742552
P07949	OH	128.69537571520567	CZ	A	1	905	1.5012817834373502	1.5551569583191795	1.5605845265229004	1.5965039023603174	PTR	703-712,715-822,844-1010		5	1	1	703-712,715-822,844-1010	2X2L	PTR	2.0	ok	PTR_single	905	PTR	-0.483815088376188	-5.522627248881476	174.5122686188448
P07949	OH	126.89162439818158	CZ	A	1	905	1.5161546329656859	1.565630272025335	1.5449951817509244	1.6039414554813942	PTR	703-712,714-732,735-820,845-1013		5	1	1	703-712,714-732,735-820,845-1013	2X2M	PTR	2.5	ok	PTR_single	905	PTR	-0.3926567548691391	2.7247991513748167	-177.29119809901914
P07949	OH	126.13069325682181	CZ	A	1	905	1.5106621324490122	1.5721891512822583	1.5437033328303305	1.6331406849813364	PTR	705-822,844-1013		5	1	1	705-822,844-1013	4CKJ	PTR	1.65	ok	PTR_single	905	PTR	-1.9465231725786796	-4.475394191424082	176.078866782608
P07949	OH	125.56884270653775	CZ	B	1	928	1.5202192441833764	1.5253427390356615	1.4993669296915297	1.6633211070167018	PTR	714-828,842-1012		5	1	1	714-828,842-1012	6I82	PTR	2.05	ok	PTR_single	928	PTR	1.179970053255117	-177.47195851631244	1.8390331464653997
P07949	OH	125.58734414393945	CZ	A	1	905	1.513980767716283	1.517183178277352	1.5193566124768074	1.5793817178092462	PTR	705-821,844-1013		5	1	1	705-821,844-1013	6I83	PTR	1.88	ok	PTR_single	905	PTR	0.5929951618055362	10.399293048904386	-169.0002362939367
P12931	OH	123.98631226483143	CZ	A	1	530	1.4217920331129312	1.3798532783619115	1.401725110112812	1.4948722996362145	PTR	86-536		3	1	1	86-536	8JN8	PTR	1.902	ok	PTR_single	530	PTR	3.403534752883577	81.2403371674816	-97.04980799686868
P12931	OH	124.31218054281283	CZ	A	1	530	1.4770237449317365	1.539743033702071	1.5402421655078535	1.6121936947225437	PTR	86-536		3	1	1	86-529,531-536	9IRL	PTR	2.031	ok	PTR_single	530	PTR	0.08045291161694769	-176.76242792610563	3.1783909603770235
P21802	OH	126.15338414595355	CZ	A	1	561	1.5147961839945807	1.510361683980213	1.5083467402294175	1.6415393539115146	PTR	468-583,595-766		6	1	1	468-583,595-766	6LVK	PTR	2.29	ok	PTR_single	561	PTR	-1.0482554249597469	-134.78623089836822	44.18115957144498
P21802	OH	125.25125328564835	CZ	B	1	656	1.5314868724487964	1.5256054645547625	1.5172863158557246	1.582213804518582	PTR	467-585,595-766		6	1	1	467-585,595-766	6V6Q	PTR	2.46	ok	PTR_single	656	PTR	-1.5388274613041042	0.92532078233083	179.6202589156528
P22681	OH	128.24612921895914	CZ	A	1	371	1.4780027906318258	1.5549141527038	1.5355197053669054	1.6092553326847356	PTR	359-435		1	1	1	359-435	4A49	PTR	2.214	ok	PTR_single	371	PTR	-0.6390292469199108	-150.94488585327358	26.961743378292457
P22681	OH	122.74706216443461	CZ	C	1	371	1.504176683783145	1.5403969540160876	1.5001032966407957	1.5436693646266557	PTR	48-434		1	1	1	48-434	5O76	PTR	2.473	ok	PTR_single	371	PTR	0.3378047790545921	-150.09789282464078	26.32062351965047
P23458	OH	122.63768400442667	CZ	A	1	1035	1.5404780936865945	1.5395262150047855	1.479908663952256	1.5702544254555848	PTR	869-894,898-912,918-946,951-1153		2	1	1	869-894,898-912,918-946,951-1153	6C7Y	PTR	2.499	ok	PTR_single	1035	PTR	-0.042148576815234984	-43.42658437883479	136.5847657731517
P27361	OH	123.32664319121758	CZ	A	1	204	1.4822612014653027	1.4828809182380964	1.4855833611346732	1.535388968110256	PTR	24-375		3	1	1	24-375	2ZOQ	PTR	2.39	ok	PTR_single	204	PTR	4.400007338951783	-90.10568350072441	93.42347742926405
P29317	OH	130.1670151297992	CZ	A	1	772	1.485478121921059	1.5462632712717523	1.5429804912531568	1.6192110109806526	PTR	599-634,640-649,651-653,655-765,767-875		1	1	1	599-634,640-649,651-653,655-765,767-875	4TRL	PTR	2.452	ok	PTR_single	772	PTR	-1.2658331726194205	-27.183916443277298	150.98472740781827
P29320	OH	124.15066340599225	CZ	A	1	701	1.482897672662286	1.5390337065271995	1.5410428233917652	1.615920926305495	PTR	595-600,608-766,787-893,898-904		1	1	1	595-600,608-766,787-893,898-904	2QO7	PTR	1.605	ok	PTR_single	701	PTR	0.5618480601829635	58.67091726491011	-120.3550651066502
P29320	OH	121.69345914609671	CZ	A	1	701	1.4805776356829865	1.5369101427512828	1.5386589928641983	1.602322882898077	PTR	609-771,785-892,897-906		1	1	1	609-771,785-892,897-906	2QOB	PTR	1.65	ok	PTR_single	701	PTR	0.3279466862475148	86.1721950735182	-92.59436167894295
P29320	OH	128.2988434394237	CZ	A	1	701	1.4680362818234263	1.5347586281215788	1.5280324609561868	1.6175983248213996	PTR	595-597,608-769,786-894,898-905		1	1	1	595-597,608-769,786-894,898-905	2QON	PTR	1.79	ok	PTR_single	701	PTR	2.6607256056747013	96.85063164513942	-76.90917800140204
P29320	OH	123.01508783663732	CZ	A	1	701	1.4835363721733075	1.5407414946451183	1.538546272879086	1.6183317891292823	PTR	595-600,603-766,785-892,900-906		1	1	1	595-600,603-766,785-892,900-906	2QOQ	PTR	1.6	ok	PTR_single	701	PTR	0.2724335412611975	60.32816178832894	-118.91648533861532
P29322	OH	128.77599126706647	CZ	B	1	793	1.483005845457854	1.5453767056560606	1.5427029409692272	1.6119452847031128	PTR	627-795,797-899		1	1	1	627-795,797-899	3KUL	PTR	2.15	ok	PTR_single	793	PTR	-1.4405750720605743	-151.39586411618927	26.342464554336207
P29597	OH	125.96956572102525	CZ	A	1	1054	1.4459632389363026	1.5007396114615685	1.499469947349442	1.6199386438399426	PTR	888-1057,1061-1178		2	1	1	888-1057,1061-1178	3LXN	PTR	2.5	ok	PTR_single	1054	PTR	-0.6627167577166891	92.08517039413539	-89.28913180382116
P29597	OH	130.06396876477334	CZ	A	1	1054	1.4649680090423052	1.4954874854758466	1.5201820982524605	1.6253727582321766	PTR	888-920,923-1057,1061-1178		2	1	1	888-920,923-1057,1061-1178	3LXP	PTR	1.65	ok	PTR_single	1054	PTR	1.3851308867265664	126.93287449674739	-49.353003406668584
P29597	OH	115.44854919670429	CZ	A	1	1054	1.5234758808275015	1.5318988284078383	1.5344459782129278	1.5565720021463343	PTR	889-1178		2	1	1	889-1178	4PY1	PTR	2.16	ok	PTR_single	1054	PTR	0.5496090644166258	94.1598932346599	-83.49303615779145
P29597	OH	118.68056247884664	CZ	A	1	1054	1.512945923041897	1.5443430388448591	1.5250039056945122	1.5604366004226866	PTR	889-1178		2	1	1	889-1178	6DBK	PTR	2.0	ok	PTR_single	1054	PTR	1.9387129511029677	97.50915686596815	-79.04021202642096
P29597	OH	121.24095174448603	CZ	A	1	1054	1.5387755034942228	1.5405853931358822	1.4802223434816473	1.6122764746864475	PTR	889-916,925-933,939-1056,1060-1178		2	1	1	889-916,925-933,939-1056,1060-1178	6DBM	PTR	2.368	ok	PTR_single	1054	PTR	0.19105143685828996	93.41103735507791	-86.06050252572457
P29597	OH	114.6788193717915	CZ	A	1	1054	1.522142112071679	1.5504337630319096	1.5178858561130284	1.5762376704767749	PTR	889-1178		2	1	1	889-1178	6VNS	PTR	2.09	ok	PTR_single	1054	PTR	0.4642363432789686	109.60839434081662	-69.33554132339052
P29597	OH	117.19413920043648	CZ	A	1	1054	1.5008100573229526	1.5216864055190005	1.5239188941128197	1.6151592395171455	PTR	889-919,925-934,938-966,974-1178		2	1	1	889-919,925-934,938-966,974-1178	6VNV	PTR	2.15	ok	PTR_single	1054	PTR	-1.4683117948790039	117.09034171083806	-63.08323174073932
P29597	OH	114.67488115722031	CZ	A	1	1054	1.5364210343614202	1.5449732470701152	1.5354515881802555	1.566854211715817	PTR	889-1178		2	1	1	889-1178	6VNX	PTR	2.18	ok	PTR_single	1054	PTR	0.6417413011049012	94.73234255234502	-83.47925555160636
P29597	OH	115.6418233542679	CZ	A	1	1054	1.5265054852332272	1.5520478271414697	1.527337738406261	1.598879998224902	PTR	889-1056,1060-1178		2	1	1	889-1056,1060-1178	6VNY	PTR	2.3	ok	PTR_single	1054	PTR	0.020784623126512494	104.4793037608126	-74.6857157336625
P29597	OH	112.36923341070576	CZ	A	1	1054	1.5232703754553094	1.536177740045176	1.5557958849745859	1.565344083234117	PTR	889-966,974-1178		2	1	1	889-966,974-1178	6X8F	PTR	2.15	ok	PTR_single	1054	PTR	1.1383368887356715	91.08526999917635	-87.76059008259492
P29597	OH	113.93467565558862	CZ	A	1	1054	1.515757395777213	1.5410681187837776	1.5328358207009973	1.5846372460093407	PTR	889-920,925-933,936-1057,1060-1178		2	1	1	889-920,925-933,936-1057,1060-1178	6X8G	PTR	2.21	ok	PTR_single	1054	PTR	-1.365950832025546	89.96960434043073	-89.93994563892541
P43405	OH	123.34183309491318	CZ	A	1	525	1.4962198888210736	1.5485153594470664	1.5422475550350783	1.615795166353095	PTR	364-378,381-405,412-634		3	1	1	364-378,381-405,412-634	3SRV	PTR	1.95	ok	PTR_single	525	PTR	1.8432799649953042	36.082784315674644	-143.1688523291138
P43405	OH	124.06718931722824	CZ	A	1	525	1.512482471055674	1.5113972382900713	1.5102841379994432	1.6167693020289764	PTR	363-529,532-632		3	1	1	363-529,532-632	5LMA	PTR	1.43	ok	PTR_single	525	PTR	0.39066226239614815	65.58874374399768	-113.80417275519427
P43405	OH	122.2587392290265	CZ	A	1	525	1.5127751750829137	1.5125969588915023	1.5146910132435327	1.614230599987286	PTR	364-404,411-634		3	1	1	364-404,411-634	5LMB	PTR	1.95	ok	PTR_single	525	PTR	0.6812143873942206	71.8869799057038	-107.15839363594365
P43405	OH	123.84484795484822	CZ	A	1	525	1.5185368445855218	1.5139506211340903	1.510581459329317	1.616368330610575	PTR	364-392,394-404,410-529,532-632		3	1	1	364-392,394-404,410-529,532-632	6HM6	PTR	2.1	ok	PTR_single	525	PTR	0.23117061556833968	49.604417606087	-129.63066645036906
P43405	OH	123.71840636462059	CZ	A	1	525	1.5125804773940783	1.5154492468600915	1.5153226374310707	1.618385243653547	PTR	363-530,534-633		3	1	1	363-530,534-633	6HM7	PTR	1.64	ok	PTR_single	525	PTR	-0.7399775811255561	-126.22503673200052	52.813125397912074
P49840	OH	124.24985584666271	CZ	A	1	279	1.5481832191110105	1.5397837256201954	1.4835525774159612	1.6184190471800075	PTR	101-138,142-184,187-444		1	1	1	101-138,142-184,187-444	7SXF	PTR	1.94	ok	PTR_single	279	PTR	0.8514082740465959	73.77877826366124	-104.46639424460038
P49840	OH	121.12835952583094	CZ	A	1	279	1.540211913814654	1.5389060858474062	1.481981613106707	1.6085982369998832	PTR	103-109,111-113,116-138,142-184,188-445		1	1	1	103-109,111-113,116-138,142-184,188-445	7SXG	PTR	2.4	ok	PTR_single	279	PTR	-0.4170214194258921	-106.69675568487138	72.74970412317136
P49841	OH	125.48007669279285	CZ	A	1	216	1.4649172120079716	1.4863086736491165	1.4923426250064116	1.644511575444053	PTR	35-384		3	1	1	35-384	1O9U	PTR	2.4	ok	PTR_single	216	PTR	0.9103351980180863	-61.36980624747314	119.3908980555543
P49841	OH	123.13886709685458	CZ	A	1	216	1.4886708469676275	1.54632199258201	1.5459876883167434	1.6100189636916822	PTR	35-121,125-287,295-383		3	1	1	35-121,125-287,295-383	3F7Z	PTR	2.4	ok	PTR_single	216	PTR	-0.7371841808855377	-96.4304946968121	82.58175328511187
P49841	OH	123.46993588004152	CZ	A	1	216	1.4906673939064095	1.5179449359144823	1.5507727351358418	1.6194334616737787	PTR	35-119,125-286,290-383		3	1	1	35-119,125-286,290-383	3GB2	PTR	2.4	ok	PTR_single	216	PTR	-0.9476343588477404	-101.6148001164247	76.9745804389488
P49841	OH	124.71206663106145	CZ	A	1	216	1.4969106373486747	1.543759127039593	1.5389839392823317	1.6262896351329414	PTR	35-288,291-384		3	1	1	35-288,291-384	3SAY	PTR	2.231	ok	PTR_single	216	PTR	-1.031364725581167	-104.627820575853	73.67674878704103
P49841	OH	126.26213443297776	CZ	B	1	216	1.4845794100359098	1.5378577686332668	1.5385177569683248	1.627421851038688	PTR	36-384		3	1	1	36-384	3ZRK	PTR	2.37	ok	PTR_single	216	PTR	-1.119121310075662	-118.000289933727	59.83904561882261
P49841	OH	126.27128978797946	CZ	B	1	216	1.4830521383983077	1.5385165009928847	1.5409427442893149	1.6322486751228569	PTR	36-384		3	1	1	36-384	3ZRL	PTR	2.48	ok	PTR_single	216	PTR	-0.8154943323051449	-128.93452758100747	49.42957669576654
P49841	OH	125.85930264756406	CZ	B	1	216	1.4798793651458735	1.5365245991636014	1.5452481042687574	1.6266336393634462	PTR	36-384		3	1	1	36-384	3ZRM	PTR	2.49	ok	PTR_single	216	PTR	-0.42498474783268353	-131.781142771805	47.244589423993425
P49841	OH	122.80479140010623	CZ	B	1	216	1.547372093858155	1.550010222442689	1.5337030545219859	1.5447208931696266	PTR	34-89,94-384		3	1	1	34-89,94-384	4AFJ	PTR	1.98	ok	PTR_single	216	PTR	-4.6680340035320045	-104.49645718233927	70.20895530787244
P49841	OH	123.20564009245817	CZ	A	1	216	1.5114233389774694	1.5083740711044769	1.5107549228737585	1.6130643463668393	PTR	36-383		3	1	1	36-383	4J71	PTR	2.31	ok	PTR_single	216	PTR	-0.012528628699082996	-90.90772198841431	88.8244779756273
P49841	OH	119.46925998234703	CZ	B	1	216	1.5432061761261777	1.5049398374832463	1.51179763397959	1.547059344050706	PTR	36-45,49-89,95-287,294-384		3	1	1	36-45,49-89,95-287,294-384	5K5N	PTR	2.2	ok	PTR_single	216	PTR	-2.837234640139818	-94.02699809659823	81.30137203702448
P49841	OH	128.87858894482474	CZ	A	1	216	1.4880004749015634	1.5373828936633398	1.5216431143274336	1.6098018957768756	PTR	35-119,123-384		3	1	1	35-119,123-384	5KPK	PTR	2.4	ok	PTR_single	216	PTR	-2.1347195224828233	-102.44475644782695	75.13756520277319
P49841	OH	122.51668271776083	CZ	A	1	216	1.5469243046251033	1.4838726704823741	1.5363046854103273	1.60150219040351	PTR	35-384		3	1	1	35-384	6HK3	PTR	2.35	ok	PTR_single	216	PTR	-0.6639588557082282	-100.8875708410563	78.3273479739006
P49841	OH	121.03776781103203	CZ	A	1	216	1.5613181600093353	1.4916479751939586	1.5319988479510764	1.5981425621887229	PTR	35-384		3	1	1	35-384	6HK4	PTR	2.5	ok	PTR_single	216	PTR	-0.8118624774809954	-99.47072330291701	79.96616641336789
P49841	OH	127.2595826078702	CZ	A	1	216	1.5024756155691745	1.510889404285099	1.504001594641536	1.6052636192325715	PTR	35-384		3	1	1	35-384	6TCU	PTR	2.14	ok	PTR_single	216	PTR	-1.6756444875604095	-86.52723549334365	91.72064106056442
P49841	OH	125.99471683435613	CZ	A	1	216	1.535578653763878	1.5355549975983964	1.520079024523538	1.5859852435741562	PTR	37-91,96-384		3	1	1	37-91,96-384	6V6L	PTR	2.19	ok	PTR_single	216	PTR	-2.4781076497499908	-89.80326477857952	86.69142189762192
P49841	OH	126.3888061693048	CZ	A	1	216	1.5112688713113633	1.504442554356074	1.5183589564096711	1.6197996764481257	PTR	35-384		3	1	1	35-384	6Y9R	PTR	2.08	ok	PTR_single	216	PTR	-1.0847737717076595	-94.2348706815203	85.29408460017102
P49841	OH	128.27300597383115	CZ	A	1	216	1.5095359266367228	1.5089298859999056	1.5104283477097673	1.607674706920728	PTR	35-287,293-383		3	1	1	35-287,293-383	6Y9S	PTR	2.03	ok	PTR_single	216	PTR	-1.5593027350337556	-97.59101223850402	79.90347055237929
P49841	OH	126.4763640334416	CZ	A	1	216	1.4918836805149	1.5395455654147212	1.5391403029229542	1.6254569942315618	PTR	36-382		3	1	1	36-382	7B6F	PTR	2.05	ok	PTR_single	216	PTR	1.172317643622674	70.50110645186385	-107.4823117534899
P49841	OH	120.69842385636068	CZ	A	1	216	1.5405646472423158	1.4801977144090301	1.541251068282763	1.6119839735163526	PTR	37-119,123-148,151-288,290-383		3	1	1	37-119,123-148,151-288,290-383	7SXH	PTR	2.09	ok	PTR_single	216	PTR	-0.12095088529614431	-86.03712772946199	93.77541945092375
P49841	OH	123.11209841778009	CZ	A	1	216	1.5409553247112753	1.4813180214567818	1.5420602377483885	1.6107532560333957	PTR	34-63,67-120,122-383		3	1	1	34-63,67-120,122-383	7SXJ	PTR	1.85	ok	PTR_single	216	PTR	0.580579795929003	73.986598252023	-104.95077435293983
P49841	OH	125.32585945102902	CZ	A	1	216	1.4872357428274088	1.4913405690535781	1.521693698367488	1.5580566536202494	PTR	27-119,124-381		3	1	1	27-119,124-381	8AV1	PTR	2.15	ok	PTR_single	216	PTR	-1.7961444656435297	-82.03014471483075	95.54245825208288
P49841	OH	124.16502552126488	CZ	A	1	216	1.5133524005128558	1.5240662070770892	1.4910752270623646	1.5874964514902048	PTR	36-45,48-119,125-285,294-382		3	1	1	36-45,48-119,125-285,294-382	9PE9	PTR	2.11	ok	PTR_single	216	PTR	0.65746876192287	89.08980971867295	-87.54075719610272
P54760	OH	127.45511284315901	CZ	A	1	774	1.5294068413426238	1.5265853608872464	1.523484759027243	1.5663932305266834	PTR	609-649,654-765,769-777,781-888		1	1	1	609-649,654-765,769-777,781-888	3ZEW	PTR	2.5	ok	PTR_single	774	PTR	2.6230676927600047	160.3852206105755	-16.726882035324287
P54762	OH	121.0084377608984	CZ	A	1	647	1.4863082555859164	1.5439872355257973	1.5442000108944602	1.6197893233572105	PTR	611-763,786-889		2	1	1	611-763,786-889	6UMW	PTR	1.982	ok	PTR_single	647	PTR	0.12278754485471999	71.5098324787508	-108.23387999599598
P54762	OH	119.91566727119049	CZ	A	1	647	1.4911683610507067	1.5373744059656864	1.5432048471177207	1.6188817809234468	PTR	611-763,787-888		2	1	1	611-763,787-888	7KPM	PTR	1.608	ok	PTR_single	647	PTR	-0.03757168652535558	81.85278280471509	-98.07139716385316
P9WG47	OH	117.49213975662259	CZ	A	1	129	1.5395592270773513	1.5594839719730775	1.5007975919430254	1.5949985650275273	PTR	15-500		1	1	1	15-500	5BS8	PTR	2.399	ok	PTR_single	129	PTR	-0.2786877890145984	133.24119217459338	-47.26332209454601
P9WG47	OH	120.72348778753063	CZ	A	1	129	1.510445849553884	1.508898526717893	1.5100518174217215	1.6095272248640429	PTR	15-500		1	1	1	15-500	5BTD	PTR	2.497	ok	PTR_single	129	PTR	0.1313035965793631	129.61093870169933	-50.087334820445456
P9WG47	OH	119.29490944611712	CZ	A	1	129	1.5096810264992258	1.5086564359224581	1.5095813124074973	1.6089451607783702	PTR	15-500		1	1	1	15-500	5BTG	PTR	2.5	ok	PTR_single	129	PTR	0.05650863051027616	111.69766954104598	-68.35764098612826
P9WG47	OH	118.20105173087535	CZ	A	1	129	1.4404570303662283	1.5106930940710122	1.4958046525285116	1.555756943985279	PTR	15-500		1	1	1	15-500	5BTL	PTR	2.5	ok	PTR_single	129	PTR	-0.5487938881915103	130.79659852510042	-49.57719321902418
P9WG47	OH	119.34085917719358	CZ	A	1	129	1.5032556320220583	1.5622448829371127	1.540131324510307	1.5959624914154869	PTR	15-500		1	1	1	15-500	5BTN	PTR	2.5	ok	PTR_single	129	PTR	0.13447984394887139	134.460089507368	-45.204575684037636
Q07912	OH	135.35324247759982	CZ	B	1	284	1.5539215858442317	1.5701494312419109	1.5065234617654684	1.6929256563577129	PTR	117-391		1	1	1	117-390	4EWH	PTR	2.5	ok	PTR_single	284	PTR	1.0820934260411017	37.61420456355289	-139.57882014908208
Q13191	OH	124.4987185281046	CZ	A	1	363	1.5384155025693411	1.4849624560044825	1.5373279654461107	1.610199914897228	PTR	38-427		1	1	1	38-427	3ZNI	PTR	2.21	ok	PTR_single	363	PTR	-0.7427878022645529	-159.1122325556541	20.102508863566452
Q13523	OH	125.1590963650164	CZ	A	1	849	1.4923236512720328	1.4924580020308456	1.4896704049226381	1.5445928482608458	PTR	676-935,940-960,965-1005		1	1	1	676-935,940-960,965-1005	4IAN	PTR	2.44	ok	PTR_single	849	PTR	-2.911246985129999	-83.72086703080991	93.85440880093397
Q13523	OH	119.03239981632025	CZ	B	1	849	1.5257421330617489	1.5290561229519266	1.5280026706475032	1.5509173949436943	PTR	670-695,697-935,939-960,963-1005		1	1	1	670-695,697-935,939-960,963-1005	4IFC	PTR	2.13	ok	PTR_single	849	PTR	0.7645204788798692	25.395756517809893	-152.5844985841743
Q13523	OH	119.09268524124579	CZ	B	1	849	1.521863490180812	1.5266774582891263	1.5282489800859458	1.5374587072906942	PTR	670-695,699-935,939-960,963-1005		1	1	1	670-695,699-935,939-960,963-1005	4IIR	PTR	2.0	ok	PTR_single	849	PTR	0.8733418471980867	27.999845778697026	-149.65821127455328
Q13523	OH	119.72844253334124	CZ	B	1	849	1.5278561218981395	1.5233794840760102	1.5301395981569448	1.5480111493419648	PTR	668-935,940-1005		1	1	1	668-935,940-1005	4IJP	PTR	2.25	ok	PTR_single	849	PTR	0.7169666960589485	20.84595384763114	-157.16410840416523
Q13523	OH	125.58802081185773	CZ	B	1	849	1.508929760227936	1.511216455014664	1.502597837472549	1.5867047408246875	PTR	674-695,698-934,939-1005		1	1	1	674-695,698-934,939-1005	6PJJ	PTR	2.4	ok	PTR_single	849	PTR	0.5702087325787931	177.09312961080684	-2.6214138350060057
Q13523	OH	124.48046875634795	CZ	A	1	849	1.5141714534660318	1.5041310067695288	1.5103207084776318	1.5790548734595005	PTR	668-1005		1	1	1	668-1005	6PK6	PTR	2.1	ok	PTR_single	849	PTR	-0.10958920701766019	-120.57688203195798	59.30498953926304
Q13627	OH	134.80681591472197	CZ	A	1	321	1.5241841001028182	1.4820943740883206	1.5698660739327635	1.6018740300689127	PTR	135-481		2	1	1	135-481	2VX3	PTR	2.4	ok	PTR_single	321	PTR	3.423522299148053	59.21039763314359	-114.46333085229338
Q13627	OH	114.4343394470158	CZ	A	1	321	1.4832692601365594	1.5447406614540047	1.5514568613962014	1.5971091110312448	PTR	133-408,413-481		2	1	1	133-408,413-481	2WO6	PTR	2.5	ok	PTR_single	321	PTR	-0.4657163283679442	-84.04573247490289	96.818463378937
Q13627	OH	125.38650372398213	CZ	A	1	321	1.4844014933186538	1.493613628001364	1.5313078274518037	1.5568829210555	PTR	135-480		2	1	1	135-480	4MQ1	PTR	2.35	ok	PTR_single	321	PTR	3.048580839010821	71.1640214621997	-103.47668773827787
Q13627	OH	123.1111081257099	CZ	A	1	321	1.5093714787606962	1.534559107711817	1.5293762241347932	1.6284372211241154	PTR	134-407,414-481		2	1	1	134-407,414-481	4YLK	PTR	1.4	ok	PTR_single	321	PTR	-2.956276659715737	-76.36650678643474	97.4126909205534
Q13627	OH	123.40325175711678	CZ	A	1	321	1.4969742330962879	1.5468289914067537	1.5424321597827082	1.63270719892589	PTR	134-407,414-481		2	1	1	134-407,414-481	4YLL	PTR	1.4	ok	PTR_single	321	PTR	-1.7084901513779776	-73.79683847479868	102.6399583876574
Q13627	OH	126.59056611993532	CZ	A	1	321	1.5108112704492935	1.5115839536559932	1.5006893405863537	1.6076414513655701	PTR	134-408,414-481		2	1	1	134-408,414-481	5A3X	PTR	2.26	ok	PTR_single	321	PTR	1.3305123503442984	76.44421121537137	-101.25827797943091
Q13627	OH	127.68492320068303	CZ	A	1	321	1.511729875958772	1.5140127007973543	1.5007884235233968	1.6139181656448442	PTR	134-408,414-480		2	1	1	134-408,414-480	5A4Q	PTR	2.37	ok	PTR_single	321	PTR	0.1931528900027907	82.55977487853495	-97.56642338746094
Q13627	OH	123.61484389592682	CZ	A	1	321	1.513187164462383	1.4985551287413885	1.519082342432983	1.6086990630324989	PTR	134-408,414-480		2	1	1	134-408,414-480	5A4T	PTR	2.15	ok	PTR_single	321	PTR	1.3166631624144647	102.60825806020306	-75.20655670832507
Q13627	OH	122.66490416149259	CZ	A	1	321	1.5103685896535675	1.535046220562979	1.5219860811788133	1.604839306401573	PTR	134-409,414-483		2	1	1	134-409,414-483	6A1F	PTR	1.5	ok	PTR_single	321	PTR	0.10339512358909111	97.50188901173448	-81.07818926939572
Q13627	OH	128.38831235708616	CZ	A	1	321	1.5050729306350228	1.5104270252176755	1.5215986623485613	1.596369415835098	PTR	134-297,300-406,414-480		2	1	1	134-297,300-406,414-480	6A1G	PTR	2.15	ok	PTR_single	321	PTR	-1.4349430302699007	-100.8380380350054	76.62241576267444
Q13627	OH	124.54460391040031	CZ	A	1	321	1.5074564876366807	1.5094824003042813	1.5061237287735167	1.6128610177934903	PTR	134-410,414-480		2	1	1	134-410,414-480	6EIF	PTR	2.22	ok	PTR_single	321	PTR	-1.0482127793961347	-98.20420823679972	80.1876344337276
Q13627	OH	126.97864634131375	CZ	A	1	321	1.513750417567244	1.5009994281685926	1.5204457816784267	1.5974636053638502	PTR	134-408,414-480		2	1	1	134-408,414-480	6EIJ	PTR	2.42	ok	PTR_single	321	PTR	-1.3346967862010461	-84.54720163146345	93.05142461546583
Q13627	OH	123.79327739318492	CZ	A	1	321	1.5362747746555456	1.4793356153024804	1.5391859979353189	1.6054806635386905	PTR	134-408,414-480		2	1	1	134-408,414-480	6EIL	PTR	2.465	ok	PTR_single	321	PTR	-1.1921639710400558	-80.29509472396343	97.94554726367427
Q13627	OH	124.15304058644018	CZ	A	1	321	1.5082623764991652	1.5174985048039842	1.5123004706208558	1.6050892950965516	PTR	134-408,414-480		2	1	1	134-408,414-480	6EIQ	PTR	2.3	ok	PTR_single	321	PTR	-1.0175218209429957	-103.52322386761658	75.04562928628991
Q13627	OH	125.84351285394212	CZ	A	1	321	1.5069780071734782	1.5069480451559814	1.507740421853933	1.6023963423552103	PTR	134-408,414-480		2	1	1	134-408,414-480	6EIR	PTR	2.4	ok	PTR_single	321	PTR	-1.7086515726654559	-103.78186780922384	73.67884528458971
Q13627	OH	124.44178671300118	CZ	A	1	321	1.5411807384266487	1.4805327823294827	1.5394310216913025	1.6115637679216799	PTR	134-409,412-480		2	1	1	134-409,412-480	6EIS	PTR	2.36	ok	PTR_single	321	PTR	-1.021492250902087	-84.49671144716561	93.82043708487396
Q13627	OH	131.0389736818074	CZ	A	1	321	1.4836528315620239	1.5491098629076698	1.547402755141619	1.639251075047826	PTR	134-408,412-480		2	1	1	134-408,412-480	6S11	PTR	2.445	ok	PTR_single	321	PTR	0.16266820197887089	14.559703893586088	-165.4747342709249
Q13627	OH	128.48692687657712	CZ	A	1	321	1.5435849674665203	1.5424996976435097	1.4846829391112688	1.628124291188389	PTR	135-407,415-481		2	1	1	135-407,415-481	6S14	PTR	1.05	ok	PTR_single	321	PTR	-0.7524435278169493	-23.625831509173253	154.85262668393767
Q13627	OH	128.9777154264151	CZ	A	1	321	1.537108326086942	1.4641676640652805	1.5595900040840844	1.608069192529485	PTR	134-407,414-482		2	1	1	134-407,414-482	6S17	PTR	1.1	ok	PTR_single	321	PTR	-3.331688638014268	-50.15804264324718	126.04371643225245
Q13627	OH	125.02004443776168	CZ	A	1	321	1.5422751991021615	1.539346638111831	1.482486280932932	1.6061921372216528	PTR	135-397,400-407,415-481		2	1	1	135-397,400-407,415-481	6S1B	PTR	1.3	ok	PTR_single	321	PTR	-2.2405462894776185	-69.85668794005855	108.15355513139069
Q13627	OH	126.93753871012677	CZ	A	1	321	1.5398491629325484	1.4686332247178326	1.5415027287840537	1.6163204959305333	PTR	135-407,414-480		2	1	1	135-407,414-480	6S1H	PTR	1.05	ok	PTR_single	321	PTR	-1.4609163580889297	-50.44920936262401	127.58115833050915
Q13627	OH	128.08848782188107	CZ	A	1	321	1.532107603313148	1.4797798262296666	1.5384320943032506	1.610301941809653	PTR	135-481		2	1	1	135-481	6S1I	PTR	2.38	ok	PTR_single	321	PTR	-1.3842519999285738	-50.42502112410911	126.95291752463389
Q13627	OH	125.11553082589698	CZ	A	1	321	1.5453818587049457	1.5422548239005576	1.4833440350977019	1.5995569399621024	PTR	134-407,414-480		2	1	1	134-407,414-480	6S1J	PTR	1.408	ok	PTR_single	321	PTR	-3.455467079801923	-74.73388134393944	103.54164950803892
Q13627	OH	126.97676602507484	CZ	A	1	321	1.4900000104727855	1.5272854011295631	1.4928385452320836	1.5871903627429667	PTR	136-408,414-481		2	1	1	136-408,414-481	7A4O	PTR	1.9	ok	PTR_single	321	PTR	0.849370250561764	87.20693480758807	-90.36719301604063
Q13627	OH	126.75708437981268	CZ	A	1	321	1.483501995944555	1.470612786189493	1.5082938341335033	1.6006979526326288	PTR	148-410,414-479		2	1	1	148-410,414-479	7A4R	PTR	1.8	ok	PTR_single	321	PTR	-2.3687780877199147	-42.29626184420042	136.36731942470857
Q13627	OH	130.10533653228325	CZ	A	1	321	1.4551016110864017	1.51232074054331	1.5017478175801755	1.5199353000702358	PTR	148-410,415-481		2	1	1	148-410,415-481	7A4Z	PTR	1.9	ok	PTR_single	321	PTR	8.953963702880092	115.84600904441224	-51.586855942456445
Q13627	OH	128.17475542738393	CZ	A	1	321	1.4558718084774036	1.5045583132068545	1.502942751147798	1.5276905960640625	PTR	148-410,415-481		2	1	1	148-410,415-481	7A51	PTR	1.9	ok	PTR_single	321	PTR	10.749652139606761	111.8994666849601	-52.783338565848034
Q13627	OH	128.98615174713908	CZ	A	1	321	1.5018355278707032	1.4987328911119178	1.4875454685116674	1.6074048318561889	PTR	148-410,414-479		2	1	1	148-410,414-479	7A52	PTR	2.1	ok	PTR_single	321	PTR	-1.0633678561136406	-51.60381075533047	126.8920791461254
Q13627	OH	131.4021285111203	CZ	A	1	321	1.5028089061297574	1.5186894136024092	1.5133976601265817	1.5993096118997403	PTR	148-408,414-481		2	1	1	148-408,414-481	7A53	PTR	2.2	ok	PTR_single	321	PTR	3.3991754763970916	138.9523454156047	-36.70732061967803
Q13627	OH	125.23806094198275	CZ	B	1	321	1.5214073719286803	1.499295535854468	1.522675368504151	1.5891879976721286	PTR	134-406,414-481		2	1	1	134-406,414-481	7A55	PTR	2.2	ok	PTR_single	321	PTR	0.3369612035593281	29.772554447329014	-149.71089861358942
Q13627	OH	129.72532515986865	CZ	A	1	321	1.4333706221239393	1.5177025629335814	1.518876490741898	1.503063922909826	PTR	148-410,415-481		2	1	1	148-410,415-481	7A5D	PTR	1.8	ok	PTR_single	321	PTR	9.554277669578298	120.16259964193713	-45.383962871583954
Q13627	OH	131.114528331078	CZ	A	1	321	1.4696292536629652	1.5245234027691708	1.5066928451405457	1.5215159504275049	PTR	148-410,415-481		2	1	1	148-410,415-481	7A5L	PTR	2.1	ok	PTR_single	321	PTR	9.924561683380226	122.14159932043131	-47.749095984515435
Q13627	OH	124.97531561353298	CZ	A	1	321	1.4892607460454315	1.4856204152245305	1.5226750577662438	1.5951191128587336	PTR	148-410,414-481		2	1	1	148-410,414-481	7A5N	PTR	2.3	ok	PTR_single	321	PTR	0.35946019120818523	161.85876841614714	-17.939127392270827
Q13627	OH	128.9154592767233	CZ	A	1	321	1.4686348253417307	1.4992996104643592	1.5063465329399721	1.5660580624666305	PTR	148-410,415-481		2	1	1	148-410,415-481	7AJ2	PTR	2.1	ok	PTR_single	321	PTR	5.233802507707966	126.97789270644374	-46.32200172564143
Q13627	OH	128.28028993155817	CZ	A	1	321	1.4281623962903465	1.496857045281071	1.4969973065217685	1.5361802042757327	PTR	149-410,415-481		2	1	1	149-410,415-481	7AJ4	PTR	2.0	ok	PTR_single	321	PTR	9.467703003758432	123.43720104945481	-44.60159617167651
Q13627	OH	129.54455520503598	CZ	A	1	321	1.4210779015302628	1.498996012212547	1.4855433627180379	1.5349362146598198	PTR	149-411,415-481		2	1	1	149-411,415-481	7AJ5	PTR	2.0	ok	PTR_single	321	PTR	8.781390730642118	133.21841965378474	-36.905608569189866
Q13627	OH	127.50584411364954	CZ	A	1	321	1.45147817583557	1.5016845293443555	1.4952469872707215	1.5380508518135654	PTR	148-410,415-481		2	1	1	148-410,415-481	7AJ8	PTR	2.0	ok	PTR_single	321	PTR	7.80235645152337	124.47107741999609	-45.96685159144819
Q13627	OH	129.07935361819284	CZ	A	1	321	1.4450541449484005	1.4962824744775236	1.5060459441665537	1.5288798437403268	PTR	148-410,415-481		2	1	1	148-410,415-481	7AJA	PTR	2.2	ok	PTR_single	321	PTR	7.537992739372196	126.3868057643934	-43.367879954973134
Q13627	OH	127.74597445430392	CZ	A	1	321	1.49841357399749	1.5152572931801906	1.5125788537937315	1.6088948921597386	PTR	148-410,414-479		2	1	1	148-410,414-479	7AJM	PTR	2.4	ok	PTR_single	321	PTR	-1.1659229201227244	-45.12535255342954	132.66602118737538
Q13627	OH	124.81786810499155	CZ	A	1	321	1.4867747207584812	1.4898300881948792	1.4860674998220569	1.5891241027729406	PTR	148-410,414-479		2	1	1	148-410,414-479	7AJS	PTR	2.15	ok	PTR_single	321	PTR	-0.27214469660671686	-35.72690753876313	143.16150071649264
Q13627	OH	126.496939324174	CZ	A	1	321	1.5037773279367743	1.5052328407417193	1.501989992863925	1.5853878382458921	PTR	148-409,414-481		2	1	1	148-409,414-481	7AJV	PTR	2.1	ok	PTR_single	321	PTR	-1.4877284744789108	-42.819487187722565	134.74581265146986
Q13627	OH	126.41183393136063	CZ	A	1	321	1.5041163135051456	1.5216368704873444	1.5041361782131768	1.6092311976208116	PTR	148-409,414-481		2	1	1	148-409,414-481	7AJY	PTR	2.2	ok	PTR_single	321	PTR	-0.1383608261860767	-12.986878547910019	166.66690748610787
Q13627	OH	126.22366485303267	CZ	A	1	321	1.5084780616973845	1.5081198895304828	1.5209222134649811	1.5843886525739457	PTR	148-410,414-481		2	1	1	148-410,414-481	7AK2	PTR	2.1	ok	PTR_single	321	PTR	-0.9886434342480385	-54.07502510263649	124.54064512290044
Q13627	OH	125.38232576496235	CZ	B	1	321	1.5168460074591854	1.5208319028868034	1.5118805332621248	1.593883470450622	PTR	148-409,414-481		2	1	1	148-409,414-481	7AKA	PTR	1.9	ok	PTR_single	321	PTR	-0.15128466320276762	158.28240556243276	-21.272852688989637
Q13627	OH	127.98681963691142	CZ	B	1	321	1.5094790221909045	1.512193206788014	1.4960768149208559	1.579356273615285	PTR	148-408,414-481		2	1	1	148-408,414-481	7AKE	PTR	2.3	ok	PTR_single	321	PTR	1.5333191975024094	152.51755638648257	-24.99011395158777
Q13627	OH	129.3027629263424	CZ	A	1	321	1.4663216029734163	1.5100737475165609	1.4853698967136846	1.5454301906223606	PTR	148-410,415-481		2	1	1	148-410,415-481	7AKL	PTR	2.0	ok	PTR_single	321	PTR	5.952750656987237	136.11555230605512	-36.67678155549313
Q13627	OH	127.48345285698791	CZ	A	1	321	1.5056827674845124	1.511463875044666	1.5105434111876566	1.5887342877059327	PTR	134-408,414-481		2	1	1	134-408,414-481	7FHS	PTR	2.42	ok	PTR_single	321	PTR	1.558023984849088	62.547837802154106	-114.57196760353794
Q13627	OH	124.29175031150584	CZ	A	1	321	1.5086326177843081	1.5130950762935516	1.5068861884202476	1.650505497556064	PTR	134-410,413-480		2	1	1	134-410,413-480	7O7K	PTR	1.82	ok	PTR_single	321	PTR	-2.4406248112902205	-90.52413907287684	87.34044762112532
Q13627	OH	131.5736419977889	CZ	A	1	321	1.540098675451872	1.5005804393702962	1.499714733755169	1.5951600655050144	PTR	135-482		2	1	1	135-482	7ZH8	PTR	2.3	ok	PTR_single	321	PTR	2.1878625781724916	67.04128197325953	-107.87934352115022
Q13627	OH	126.00834054638452	CZ	A	1	321	1.4766105554246678	1.5407989540822598	1.5510259312986339	1.6282376516968435	PTR	134-409,413-480		2	1	1	134-409,413-480	8C3G	PTR	2.08	ok	PTR_single	321	PTR	-0.9360070392387083	-104.44335472108224	73.67565014002253
Q13627	OH	124.15758355115383	CZ	A	1	321	1.4903123428676708	1.49572304342205	1.4987934989675464	1.5604657243645992	PTR	134-400,402-409,412-480		2	1	1	134-400,402-409,412-480	8C3Q	PTR	2.32	ok	PTR_single	321	PTR	0.679204613270093	79.72531976676953	-99.84502515698063
Q13627	OH	124.36559274458645	CZ	A	1	321	1.4977055146961673	1.4978674621742183	1.4955001524863158	1.6019246758940109	PTR	135-480		2	1	1	135-480	8C3R	PTR	2.06	ok	PTR_single	321	PTR	-0.8838092992863668	-100.53037989826859	77.95652308360702
Q13627	OH	130.8637767853637	CZ	A	1	321	1.4641475751955566	1.533893389778972	1.5564236181941196	1.608687909703663	PTR	135-481		2	1	1	135-481	8R8E	PTR	2.22	ok	PTR_single	321	PTR	2.5465755493999236	69.36240678279631	-106.14929048332458
Q13627	OH	122.54196280093439	CZ	B	1	321	1.52632079410106	1.4976870579939257	1.509921823804765	1.5702154208860277	PTR	135-408,414-481		2	1	1	135-408,414-481	8T2H	PTR	1.85	ok	PTR_single	321	PTR	1.1973266770022286	-46.25764924918696	130.24391804668426
Q13627	OH	127.79064053059031	CZ	A	1	321	1.4887579727121805	1.5398810352262458	1.5389387248256383	1.6070297717556967	PTR	135-480		2	1	1	135-480	8YEV	PTR	2.25152331476	ok	PTR_single	321	PTR	1.4644564493086778	70.38471960322687	-106.55225248541335
Q13627	OH	129.30274023031996	CZ	B	1	321	1.5268329925646753	1.4828526978909973	1.5010480366289405	1.623604172180192	PTR	135-408,414-481		2	1	1	135-408,414-481	9CY5	PTR	2.49	ok	PTR_single	321	PTR	-1.216246069189269	36.64192495346142	-138.88731353526515
Q13882	OH	124.55179858952663	CZ	A	1	342	1.4977429394505426	1.4979520616634374	1.497072243734017	1.6226065266228507	PTR	182-443		1	1	1	182-443	6CZ2	PTR	2.5	ok	PTR_single	342	PTR	-4.332825497739333	-167.2990815911784	9.15189567517317
Q16539	OH	132.54172721724726	CZ	A	1	182	1.5068926466225427	1.5405590034073517	1.5596421601530768	1.640636353088909	PTR	5-117,122-174,182-352		2	1	1	5-117,122-174,182-352	3NNX	PTR	2.28	ok	PTR_single	182	PTR	1.8893234926464948	29.98261167747118	-148.328278857059
Q16539	OH	119.46677534807145	CZ	A	1	182	1.4794063708326606	1.5380472132824394	1.5409844069858576	1.610151930960578	PTR	5-116,119-120,123-169,182-351		2	1	1	5-116,119-120,123-169,182-351	9CJ1	PTR	1.8	ok	PTR_single	182	PTR	0.09798901887227357	58.372815901112176	-121.76946288922395
Q16539	OH	118.0203526751699	CZ	A	1	182	1.5098284454452306	1.5205102409068056	1.5072436718112823	1.7457627782898968	PTR	4-175,181-352		2	1	1	4-175,181-352	9CJ3	PTR	1.95	ok	PTR_single	182	PTR	0.06329952579746335	-112.16816390241917	66.097940580597
Q16539	OH	123.70115013965939	CZ	A	1	182	1.5113261928060644	1.5316740574628254	1.5199060025168376	1.7672420620726055	PTR	5-110,114-116,119-173,181-352		2	1	1	5-110,114-116,119-173,181-352	9CJ4	PTR	1.8	ok	PTR_single	182	PTR	-0.6905318722391331	-114.87805860973135	64.12933248578291
Q48614	OH	124.85870260225984	CZ	A	1	44	1.5424261413388514	1.539330147420801	1.4790380131142615	1.611320866167451	PTR	1-188,191-599		1	1	1	1-188,191-599	7R06	PTR	2.27	ok	PTR_single	44	PTR	-0.7737156651783514	-132.74446866397312	45.52886573375592
Q7CWV1	OH	125.9227651486955	CZ	A	1	405	1.4914706225212508	1.5292823887011644		1.6188553322908241	PTR	103-421		1	1	1	103-421	4DWP	PTR	2.35	ok	PTR_single	405	PTR	-0.28400861244846026	179.6216770310205	-0.6797047600923584
Q7CWV1	OH	126.35890367815081	CZ	A	1	405	1.4460473359830808		1.6049465611946951	1.5991733960413612	PTR	103-420		1	1	1	103-420	4E0P	PTR	2.2	ok	PTR_single	405	PTR	-0.9647569406747862	178.25603832947982	-2.621030021757578
Q7CWV1	OH	125.90589602330938	CZ	A	1	405	1.4825807654038596	1.5434005155196935		1.6132609014866126	PTR	103-420		1	1	1	103-420	4E0Y	PTR	2.4	ok	PTR_single	405	PTR	1.8041301267511733	122.27488223083014	-55.151060890765095
Q7CWV1	OH	128.35574030516534	CZ	A	1	405	1.4555548716151574	1.611638394095985		1.627551626061996	PTR	103-421		1	1	1	103-421	4E0Z	PTR	2.42	ok	PTR_single	405	PTR	1.944840138592693	6.541221473397837	-172.62011210714795
Q8A8Z7	OH	118.87174625134226	CZ	A	1	372	1.540875649985426	1.5425732670502745	1.5168317089798775	1.7020340014011515	PTR	27-1108		1	1	1	27-1108	5MQR	PTR	2.2	ok	PTR_single	372	PTR	-3.287410198480666	113.93127246280243	-70.72261034756602
Q92731	OH	127.21486434634934	CZ	A	1	488	1.4847781164284346	1.567202944922792	1.5833665879637615	1.622299428290276	PTR	262-417,420-498		1	1	1	262-417,420-498	3OLL	PTR	1.5	ok	PTR_single	488	PTR	-0.2778039086934308	25.83286375964058	-154.9568978138039
Q9H422	OH	125.80848315324255	CZ	A	1	359	1.509893608065782	1.5078648985523906	1.5104797866716826	1.5950675075881893	PTR	184-550		1	1	1	184-550	7O7I	PTR	2.5	ok	PTR_single	359	PTR	-0.0707796972087778	-19.902122685478613	159.68460268130337
Q9WV60	OH	124.22822822287871	CZ	A	1	216	1.492626287396062	1.4978646373316888	1.4831659162576658	1.615013076729443	PTR	36-89,92-120,122-290,292-387		2	1	1	36-89,92-120,122-290,292-387	6AE3	PTR	2.14	ok	PTR_single	216	PTR	3.8643923137853813	84.12947493144928	-92.25050962832943
Q9Y463	OH	121.54378066922825	CZ	A	1	273	1.5195562329347816	1.5465668809396371	1.5417889795055317	1.608121569436326	PTR	88-381,395-434		1	1	1	88-381,395-434	8C2Z	PTR	1.91	ok	PTR_single	273	PTR	-1.1829509772498217	-111.55351599508431	66.69123183872009
