acc_id	anchor_atom	angle_base_anchor_p	base_atom	chain_id	context_n_sites	context_signature	d_P_O1P	d_P_O2P	d_P_O3P	d_anchor_p	expected_resname	mapped_uniprot_range	master_phospho_sites	master_site_count	n_context_sites_input	n_target_sites	observed_uniprot_range	pdb_id	resname	resolution	status	subset_class	target_position	target_site_residues	torsion_CA_CB_OG1_P	torsion_CD1_CE1_CZ_OH	torsion_CE1_CZ_OH_P	torsion_CE2_CZ_OH_P	torsion_CG2_CB_OG1_P	torsion_N_CA_CB_OG1
A0A0R6L508	OG1	121.771296149221	CB	A	1	285	1.5802618326088413	1.5436175617435026	1.479656040545774	1.5764511644995483	TPO	218-541		1	1	1	218-541	5K4P	TPO	1.318	ok	TPO_single	285	TPO	66.5441102653899				-45.841258746836544	-125.07326711587791
A0A0R6L508	OG1	117.87971839132211	CB	A	1	285	1.4805373167077773	1.59349260152421	1.6075005682470276	1.6265135285184622	TPO	219-541		1	1	1	219-541	5LRN	TPO	1.55	ok	TPO_single	285	TPO	70.29780325448736				-46.026251113413444	-129.3610847580854
A0A0R6L508	OG1	110.92720544851744	CB	A	1	285	1.6079132721178115	1.607375460362344	1.4889749276927766	1.63120458617771	TPO	219-541		1	1	1	219-541	6LI4	TPO	1.78	ok	TPO_single	285	TPO	71.37028956015288				-46.68301890265981	-125.64019703176317
A0A0R6L508	OG1	108.66406234214561	CB	A	1	285	1.615146521870517	1.4826691730134982	1.6148180273344621	1.6424952499859458	TPO	219-541		1	1	1	219-541	6LI5	TPO	1.82	ok	TPO_single	285	TPO	69.53538139782162				-52.60007098868116	-132.28428438825088
A0A0R6L508	OG1	123.1225641049514	CB	A	1	285	1.5079593025051448	1.5048337573932953	1.4856392342495377	1.5968579728305279	TPO	219-541		1	1	1	219-541	6LI6	TPO	1.68	ok	TPO_single	285	TPO	74.80073743848304				-47.388544751494024	-133.59448902256727
A0A0R6L508	OG1	122.93415547898795	CB	A	1	285	1.509884597832709	1.509740726054345	1.4992452501204583	1.60790420711642	TPO	219-541		1	1	1	219-541	7YJP	TPO	1.88	ok	TPO_single	285	TPO	69.17973536426817				-51.92902490962083	-136.8018451154557
A0A0R6L508	OG1	116.79809575220013	CB	A	1	285	1.4943421809314925	1.6004171789063701	1.6200108409566139	1.6393805341179852	TPO	219-541		1	1	1	219-541	7YJQ	TPO	1.6	ok	TPO_single	285	TPO	76.72679126610797				-40.011845071787235	-131.78786400139396
A0A0R6L508	OG1	112.72415220852766	CB	A	1	285	1.4904412534159164	1.6201726564166528	1.6082547534474672	1.6287522449966305	TPO	219-541		1	1	1	219-541	7YJR	TPO	2.3	ok	TPO_single	285	TPO	68.84734992544395				-51.48145931004561	-129.6907535492884
A0A0R6L508	OG1	112.3239434830089	CB	A	1	285	1.486040324037677	1.6141206048554406	1.610261404990004	1.597955766104412	TPO	219-541		1	1	1	219-541	7YJS	TPO	2.5	ok	TPO_single	285	TPO	62.54279868945651				-57.19705658537112	-127.93023467719644
A0A0R6L508	OG1	115.72396791151697	CB	A	1	285	1.4914597125853495	1.605855682444721	1.6153135161125007	1.6312826360792112	TPO	219-541		1	1	1	219-541	7YJT	TPO	2.1	ok	TPO_single	285	TPO	79.09077108015155				-38.26194898054928	-131.05720826521517
A0A2K3D4W3	OG1	110.21057005930768	CB	C	1	328	1.5973634385214226	1.463404928726364	1.5966905130520992	1.604815225723402	TPO	256-472		1	1	1	256-472	7VCF	TPO	2.5	ok	TPO_single	328	TPO	58.217824840677686				-65.56114516550834	-118.51648941906036
A1YYW7	OG1	116.11370888757618	CB	A	1	89	1.6141007171579183	1.486070195389985	1.6260227784342711	1.6040748328165617	TPO	30-379,390-403,418-556		1	1	1	30-379,390-403,418-556	5XWI	TPO	1.872	ok	TPO_single	89	TPO	67.29802326065764				-51.668795140381	-108.65136562382122
D3KVM3	OG1	129.2777513338798	CB	B	1	276	1.5327439376089604	1.5128175890937103	1.537846521749413	1.6470212066365222	TPO	1-511		2	1	1	1-511	5AZI	TPO	2.45	ok	TPO_single	276	TPO	39.545615293463996				-79.10693061158733	-157.49995316485146
O00418	OG1	107.81409035338548	CB	A	1	348	1.4801600051230661	1.6115080582555341	1.6085505541159295	1.6086700789876658	TPO	78-339,344-358,496-648,662-723		1	1	1	78-339,344-358,496-648,662-723	7SHQ	TPO	2.34	ok	TPO_single	348	TPO	68.00121567420197				-54.63406968008833	-101.682395652196
O00418	OG1	111.11489274391518	CB	A	1	348	1.6088688289656499	1.6216260900002641	1.481223736352059	1.6266881302320093	TPO	77-357,495-515,517-542,544-648,662-725		1	1	1	77-357,495-515,517-542,544-648,662-725	8FNY	TPO	2.22	ok	TPO_single	348	TPO	54.51036104277072				-62.33405920746199	-107.70980060491691
O00418	OG1	111.32981602205152	CB	A	1	348	1.593918384597051	1.4861707378421634	1.5947571215699468	1.6027625463962072	TPO	79-247,249-338,346-357,516-541,544-647,662-722		1	1	1	79-247,249-338,346-357,516-541,544-647,662-722	8GM4	TPO	2.12	ok	TPO_single	348	TPO	49.44025356265625				-69.5391602060518	-115.5508649450438
O00418	OG1	110.29469991339528	CB	A	1	348	1.6090376883101867	1.480561209051808	1.610458321596743	1.6113516050904744	TPO	79-247,249-339,344-357,498-509,514-541,544-647,662-722		1	1	1	79-247,249-339,344-357,498-509,514-541,544-647,662-722	8GM5	TPO	2.12	ok	TPO_single	348	TPO	56.52687475444711				-63.334154318765385	-105.29309959996353
O00418	OG1	108.42228556758418	CB	A	1	348	1.4803347009442729	1.609201658370154	1.610160917883258	1.6079547182497231	TPO	79-338,346-357,496-514,516-542,544-647,661-723		1	1	1	79-338,346-357,496-514,516-542,544-647,661-723	9PCQ	TPO	2.3	ok	TPO_single	348	TPO	50.08257220910708				-70.38316478537195	-109.07925457723951
O00506	OG1	117.98696672002536	CB	A	1	174	1.4849791775364813	1.557203910474349	1.5609969495891622	1.5787565630103864	TPO	3-57,59-292		1	1	1	3-57,59-292	2XIK	TPO	1.97	ok	TPO_single	174	TPO	52.54042732180983				-68.27823792377073	-125.19372035257658
O00506	OG1	116.78747466451013	CB	A	1	174	1.4890873652686545	1.5168518035819898	1.5070036640159392	1.555093881876463	TPO	3-27,30-293		1	1	1	3-27,30-293	7Z4V	TPO	1.644	ok	TPO_single	174	TPO	51.076749829708085				-66.75983838152521	-124.88609858420874
O14965	OG1	118.8610949371839	CB	A	1	288	1.5111037690534734	1.5100210992211383	1.494627197134043	1.639109742433915	TPO	125-389		2	1	1	125-389	3E5A	TPO	2.3	ok	TPO_single	288	TPO	50.54521822151045				-69.90350422093798	-123.50515232911938
O14965	OG1	111.2500693553378	CB	A	1	288	1.4797852006106398	1.614169064687532	1.611399157686288	1.6226988065124104	TPO	127-391		2	1	1	127-391	4CEG	TPO	2.1	ok	TPO_single	288	TPO	67.22721130875753				-54.29079141798188	-117.67392121945666
O14965	OG1	115.53015679492857	CB	A	1	288	1.5357177691937145	1.5458627103017144	1.5473766528731419	1.5558384774503249	TPO	125-389		2	1	1	125-389	5DN3	TPO	2.05	ok	TPO_single	288	TPO	69.12682073498092				-54.579606605414256	-19.65893995897025
O14965	OG1	120.50873946621616	CB	A	1	288	1.510140244140362	1.5096204084677458	1.5106361463381668	1.6097427924367955	TPO	126-390		2	1	1	126-390	5DNR	TPO	1.95	ok	TPO_single	288	TPO	69.51153372396028				-52.38936185261554	-12.53359592930999
O14965	OG1	124.98545908021147	CB	A	1	287	1.493528763455244	1.4936114995900633	1.4970751595650493	1.6207087138191538	TPO	127-390		2	1	1	127-390	5DT3	TPO	2.33	ok	TPO_single	287	TPO	51.57544548518956				-67.27653579122071	-154.9241492410965
O14965	OG1	110.11040583433477	CB	A	1	288	1.4868694513688152	1.6101090118010009	1.6009007934107995	1.6055147045596814	TPO	126-389		2	1	1	126-389	5G1X	TPO	1.72	ok	TPO_single	288	TPO	42.5635104100036				-76.07284633330659	-116.72785549105335
O14965	OG1	120.60399204272987	CB	A	1	288	1.4818923579110512	1.6099425507407987	1.610592354747363	1.6229163522891843	TPO	126-392		2	1	1	126-392	5L8K	TPO	1.79	ok	TPO_single	288	TPO	-100.11812694588563				128.90082279625813	-167.15425516657444
O14965	OG1	112.10859419207577	CB	A	1	288	1.48347850048303	1.610596565674882	1.613808105576279	1.6212001746222942	TPO	126-389		2	1	1	126-389	5L8L	TPO	1.67	ok	TPO_single	288	TPO	77.53902296445824				-45.2586282850687	-138.4747382785361
O14965	OG1	109.71775714413333	CB	A	1	288	1.6109714674676792	1.6082544884854573	1.4795195127957312	1.6123223733738878	TPO	126-392		2	1	1	126-392	5LXM	TPO	2.08	ok	TPO_single	288	TPO	49.98735570190939				-70.29217624109374	-118.57784246598028
O14965	OG1	114.4863949438682	CB	A	1	288	1.6090224357995169	1.477788822604643	1.6146862916664801	1.6316228789229106	TPO	127-391		2	1	1	127-391	5ORL	TPO	1.69	ok	TPO_single	288	TPO	72.35620995069247				-49.17169551978851	-121.4475428784056
O14965	OG1	116.04952883932505	CB	A	1	288	1.6114597658845338	1.4821364600310032	1.6113562528416778	1.6303715508575212	TPO	127-391		2	1	1	127-391	5ORN	TPO	2.19	ok	TPO_single	288	TPO	62.37290270455024				-61.594853270990605	-117.73081548341098
O14965	OG1	109.57212308784096	CB	A	1	288	1.6100889789280908	1.4799721271584259	1.6114991199576942	1.616572549123643	TPO	127-391		2	1	1	127-391	5ORO	TPO	2.12	ok	TPO_single	288	TPO	57.43908374518575				-65.44346401218952	-116.66902830127272
O14965	OG1	112.44679149262461	CB	A	1	288	1.607326282100376	1.4818565383362243	1.6132746864369651	1.6213837410098535	TPO	127-391		2	1	1	127-391	5ORP	TPO	2.19	ok	TPO_single	288	TPO	63.56223933812208				-57.064789794568156	-121.1204391415882
O14965	OG1	107.3745296175171	CB	A	1	288	1.6096511677195864	1.480382059784649	1.6109078051249088	1.6110775090312461	TPO	127-391		2	1	1	127-391	5ORR	TPO	2.09	ok	TPO_single	288	TPO	64.40361502629787				-57.959440601688435	-112.94861124941258
O14965	OG1	109.91577341932987	CB	A	1	288	1.6100386438933434	1.4832467076176274	1.609543869231377	1.6185453874920057	TPO	127-391		2	1	1	127-391	5ORS	TPO	1.98	ok	TPO_single	288	TPO	70.023091500815				-53.33982425259981	-118.33705921912116
O14965	OG1	110.78604591568133	CB	A	1	288	1.610317503901522	1.482034155103304	1.6128731101857583	1.6196628108793452	TPO	127-391		2	1	1	127-391	5ORV	TPO	1.88	ok	TPO_single	288	TPO	68.92670918506883				-52.87203405762169	-118.05351179809097
O14965	OG1	111.9262681366064	CB	A	1	288	1.6077548340441936	1.4809726819721023	1.612141526297209	1.620187646694938	TPO	127-391		2	1	1	127-391	5ORW	TPO	2.0	ok	TPO_single	288	TPO	65.28457228428849				-56.96631376514633	-119.83128886673545
O14965	OG1	111.35716499094598	CB	A	1	288	1.6027276089691522	1.479522233941206	1.6056684325857116	1.616605269450133	TPO	127-391		2	1	1	127-391	5ORX	TPO	1.88	ok	TPO_single	288	TPO	67.53551271465446				-55.88473697963573	-116.47219833528631
O14965	OG1	106.71167915103824	CB	A	1	288	1.610819507303106	1.4795948102816878	1.6104792685685212	1.6096901412844835	TPO	127-391		2	1	1	127-391	5ORY	TPO	1.99	ok	TPO_single	288	TPO	63.21015232126011				-58.99145910553995	-115.02424486945577
O14965	OG1	106.93063368528992	CB	A	1	288	1.6101504740206058	1.479717358767744	1.6103484906710528	1.6099161958788795	TPO	127-391		2	1	1	127-391	5ORZ	TPO	1.92	ok	TPO_single	288	TPO	59.53547911729772				-62.30719598617597	-115.0419780441116
O14965	OG1	110.41537909829275	CB	A	1	288	1.6124631996133796	1.4842993688358435	1.6108756321711861	1.6220880582603487	TPO	127-391		2	1	1	127-391	5OS0	TPO	1.74	ok	TPO_single	288	TPO	66.42274315890988				-56.33445827476668	-115.65347159097718
O14965	OG1	109.66936159833313	CB	A	1	288	1.611425533568885	1.4819420053885264	1.614888514897112	1.6200735679411642	TPO	127-391		2	1	1	127-391	5OS1	TPO	1.9	ok	TPO_single	288	TPO	64.72693200887636				-58.40317922040872	-115.28138441805595
O14965	OG1	111.08005030931417	CB	A	1	288	1.6111420818547086	1.4811563256899112	1.6128713425931935	1.6226688057666205	TPO	127-391		2	1	1	127-391	5OS3	TPO	1.81	ok	TPO_single	288	TPO	70.43652268654138				-51.789747239483134	-120.06926281333709
O14965	OG1	111.17238016752638	CB	A	1	288	1.6115412504236002	1.4817541642410732	1.6129497693609933	1.6185723912150758	TPO	127-391		2	1	1	127-391	5OS4	TPO	1.88	ok	TPO_single	288	TPO	62.34184529893654				-60.2332395838136	-123.06692469817364
O14965	OG1	109.09313225812924	CB	A	1	288	1.6104362738029747	1.480853934206043	1.610439970644254	1.615565342825485	TPO	125-392		2	1	1	125-392	5OS5	TPO	1.74	ok	TPO_single	288	TPO	59.09763246020648				-63.04534874956364	-115.96085500007051
O14965	OG1	113.51694170346157	CB	A	1	288	1.6083307202324395	1.4848927196593025	1.6101752880468847	1.6234425233680545	TPO	127-391		2	1	1	127-391	5OS6	TPO	2.2	ok	TPO_single	288	TPO	71.9517196493481				-49.817458260535716	-119.28271849254939
O14965	OG1	107.25579502334858	CB	A	1	288	1.6095560877436896	1.47991836438452	1.610705632712464	1.6102890968870083	TPO	125-391		2	1	1	125-391	5OSD	TPO	1.99	ok	TPO_single	288	TPO	65.593620432496				-56.69082401724507	-111.25520794812708
O14965	OG1	110.49229206080605	CB	A	1	288	1.6092572913571142	1.4809539297512977	1.6106525744812519	1.618459172238029	TPO	127-391		2	1	1	127-391	5OSE	TPO	1.9	ok	TPO_single	288	TPO	66.96524423779816				-55.69020679118775	-115.42690743948067
O14965	OG1	122.00122510580563	CB	A	1	288	1.6126025247332774	1.4979274831737062	1.6226103502035372	1.6684683982013313	TPO	127-391		2	1	1	127-391	5OSF	TPO	1.89	ok	TPO_single	288	TPO	72.38370702345946				-54.18135183391307	-128.4794440762193
O14965	OG1	110.46631679495452	CB	A	1	288	1.6122844937840417	1.479971985281391	1.6152163790056013	1.6175472064818157	TPO	127-391		2	1	1	127-391	6R4A	TPO	1.937	ok	TPO_single	288	TPO	68.40868807157416				-52.446257231014584	-111.94649495315316
O14965	OG1	111.3287153647518	CB	A	1	288	1.6090730324596354	1.4830136752859389	1.615369340057388	1.6175399804566615	TPO	127-391		2	1	1	127-391	6R4B	TPO	2.15	ok	TPO_single	288	TPO	63.36433704992924				-58.87265022869671	-115.22153372258892
O14965	OG1	111.01878202607243	CB	A	1	288	1.6092912635888204	1.482448755088158	1.6124962387589286	1.6225378962086894	TPO	127-391		2	1	1	127-391	6R4C	TPO	2.04	ok	TPO_single	288	TPO	62.76664891577597				-58.82642728175033	-119.98895217675096
O14965	OG1	109.7885690527904	CB	A	1	288	1.6088640848612026	1.4807692558459573	1.6094457743548698	1.6153418700297304	TPO	127-391		2	1	1	127-391	6R4D	TPO	2.009	ok	TPO_single	288	TPO	52.451809014596215				-69.5889345898998	-123.32728650484282
O14965	OG1	109.37378624529788	CB	A	1	288	1.6148476615358134	1.4932735007465638	1.6138602970291995	1.6170125693773005	TPO	104,125-282,287-389		2	1	1	104,125-282,287-389	6VPL	TPO	1.86	ok	TPO_single	288	TPO	47.66456577436757				-71.81257458173673	121.00318435781742
O14965	OG1	109.50882897456887	CB	A	1	288	1.6325628855815963	1.511359043879637	1.6335099163379243	1.641297103773112	TPO	125-282,287-389		2	1	1	125-282,287-389	6VPM	TPO	1.58	ok	TPO_single	288	TPO	46.244278956066175				-72.2086480114173	122.06217439523665
O14965	OG1	113.15660882721201	CB	A	1	288	1.600871920864009	1.489037881290559	1.6101381874533935	1.6125866947562875	TPO	126-389		2	1	1	126-389	7ZTL	TPO	1.9	ok	TPO_single	288	TPO	49.47086879225839				-69.41981960479883	-122.57898883299524
O14965	OG1	115.77421314121077	CB	A	1	288	1.5657948129412014	1.5484703601199032	1.5750409644761056	1.5586691671478545	TPO	126-389		2	1	1	126-389	8C14	TPO	1.93	ok	TPO_single	288	TPO	92.72294800823164				-40.77317063595012	-30.540573193864397
O14965	OG1	112.1854940652625	CB	A	1	288	1.4978460981192434	1.6158448204008629	1.6051952112813836	1.6055876894492178	TPO	127-388		2	1	1	127-388	9BZG	TPO	1.8	ok	TPO_single	288	TPO	65.6761574534454				-54.51152514011296	-104.80972551890366
O34952	OG1	126.3280111552167	CB	B	1	297	1.509344974997945	1.5146213632905314	1.509148134096781	1.6251455575176281	TPO	215-635		1	1	1	215-635	2W8D	TPO	2.35	ok	TPO_single	297	TPO	70.15059098308078				-50.12165864218358	-128.77338228447547
O75385	OG1	114.36732286554452	CB	A	1	180	1.5660991434654683	1.598882894808339	1.5085876074556788	1.618171670991036	TPO	8-280		2	1	1	8-280	4WNO	TPO	1.56	ok	TPO_single	180	TPO	61.335011501700386				-55.27389704047155	-117.0845866390069
O75385	OG1	113.82420635029438	CB	A	1	180	1.6130744334955556	1.4925237949277872	1.5865316058523493	1.604936765993919	TPO	7-280		2	1	1	7-280	4WNP	TPO	1.88	ok	TPO_single	180	TPO	55.17783165180347				-61.01780548337314	-113.6991662097162
O75385	OG1	114.75628218449951	CB	A	1	180	1.5653472618369326	1.6086285219854088	1.496385573930635	1.5916340628082486	TPO	3-279		2	1	1	3-279	5CI7	TPO	1.74	ok	TPO_single	180	TPO	52.780927444480824				-64.74661466444837	-115.00298360883734
O75385	OG1	118.10644761602258	CB	B	1	180	1.4815193521298105	1.5227876719813105	1.4966063509776535	1.6088847713832786	TPO	8-148,154-279		2	1	1	8-148,154-279	8P5G	TPO	2.019	ok	TPO_single	180	TPO	58.28090299360632				-65.30564306216345	-120.04991403894786
O75385	OG1	118.32173038989363	CB	A	1	180	1.4995919984094477	1.4637994820882516	1.4763932730724405	1.6274776818597718	TPO	8-149,154-280		2	1	1	8-149,154-280	8P5H	TPO	1.941	ok	TPO_single	180	TPO	59.752757294726756				-60.9874724272398	-120.63088909775547
O75385	OG1	117.43127461935437	CB	B	1	180	1.473821434954915	1.4996338677763505	1.5540501038423267	1.6566082687400911	TPO	8-280		2	1	1	8-280	8P5I	TPO	1.829	ok	TPO_single	180	TPO	62.87467262742411				-59.65583855262022	-118.50242979340386
O75385	OG1	120.97501298532396	CB	A	1	180	1.4992582558557102	1.5489932992752575	1.5037484801186431	1.6361234451214945	TPO	8-149,153-279		2	1	1	8-149,153-279	8P5J	TPO	2.164	ok	TPO_single	180	TPO	59.85487784179592				-62.59020425626083	-121.25751695316698
O75385	OG1	120.65825516933326	CB	B	1	180	1.4749862637579667	1.5162260303689543	1.5112841790792153	1.6285700960010323	TPO	8-280		2	1	1	8-280	8P5K	TPO	2.209	ok	TPO_single	180	TPO	60.91259786829609				-60.050090043008154	-121.56363285334189
O75385	OG1	120.59080524644962	CB	A	1	180	1.478927452594758	1.4783742000994349	1.5782045479836277	1.6166436523967336	TPO	8-149,154-280		2	1	1	8-149,154-280	8P5L	TPO	1.836	ok	TPO_single	180	TPO	60.85758110302512				-62.75510571545184	-118.57896726187735
P00517	OG1	114.22946195888724	CB	A	1	198	1.5500409512526312	1.475229415055968	1.4562718775587158	1.5298508142790561	TPO	15-41,48-317,342-351		4	1	1	15-41,48-317,342-351	5VI9	TPO	1.95	ok	TPO_single	198	TPO	70.08117096119632				-58.92400190051818	-130.24923925746762
P00517	OG1	117.44377958179979	CB	A	1	198	1.521183630672681	1.484654359778843	1.5055720084592679	1.5641679007957412	TPO	19-317,327-331,347-351		4	1	1	19-317,327-331,347-351	5VIB	TPO	2.37	ok	TPO_single	198	TPO	71.07998020502144				-52.648427463625445	-125.7603673534377
P15713	OG1	115.97353157009046	CB	B	1	176	1.4843627973729772	1.589786812680971	1.5894812459383196	1.6367390027998003	TPO	41-579,585-692		1	1	1	41-579,585-692	9GY2	TPO	1.57	ok	TPO_single	176	TPO	68.96741323819033				-48.552450786752416	-114.38119713201206
P19525	OG1	121.26700578811295	CB	B	1	446	1.517784426484256	1.5185961499614942	1.50989333375126	1.6133971439164918	TPO	258-333,356-541		2	1	1	258-333,356-541	2A19	TPO	2.5	ok	TPO_single	446	TPO	54.62674518223735				-69.52717306756055	-129.9064093600788
P19525	OG1	113.7161587695361	CB	B	1	446	1.5364406011103013	1.512829239445533	1.5119654380260468	1.5469238906239897	TPO	258-337,344,358-541		2	1	1	258-337,344,358-541	8QEL	TPO	2.451	ok	TPO_single	446	TPO	64.13538251007185				-59.74415135643877	-121.95074960661535
P20906	OG1	114.77831441249768	CB	A	1	26	1.5882776265621148	1.6050655005926637	1.493393020832755	1.609515543469295	TPO	2-526		1	1	1	2-526	4MPJ	TPO	1.5	ok	TPO_single	26	TPO	68.45183204223937				-50.258879104516	-109.94725545853166
P23443	OG1	118.45507818457206	CB	A	1	252	1.4902978739957187	1.4874786755075668	1.486272947086058	1.5589974163204081	TPO	85-127,142-240,251-372		4	1	1	85-127,142-240,251-372	3A62	TPO	2.35	ok	TPO_single	252	TPO	69.5481112582288				-53.497743895179354	-116.7200325292629
P23443	OG1	108.25221682706035	CB	A	1	252	1.4866034120967375	1.6112669040271228	1.6068067021507466	1.6177910012052557	TPO	85-246,250-374		4	1	1	85-246,250-374	3WE4	TPO	1.995	ok	TPO_single	252	TPO	68.7684761749499				-52.905343384225866	-102.20453122049749
P23443	OG1	105.06779498637249	CB	A	1	252	1.4822115142306362	1.6092028768152449	1.6097726889652213	1.6122532629125907	TPO	85-127,140-374		4	1	1	85-127,140-374	3WF5	TPO	2.099	ok	TPO_single	252	TPO	72.80434069532387				-51.00330491593631	-102.0006838525058
P23443	OG1	105.16284612571322	CB	A	1	252	1.4806444003755874	1.6102118990757692	1.6105016193237118	1.6078189786014394	TPO	85-127,140-374		4	1	1	85-127,140-374	3WF6	TPO	2.031	ok	TPO_single	252	TPO	63.03802891351328				-60.65553494782081	-94.99998064352373
P23443	OG1	108.26431928795235	CB	A	1	252	1.4809541567469517	1.608483875558242	1.6068387376053794	1.610727610839639	TPO	83-246,250-374		4	1	1	83-246,250-374	3WF7	TPO	1.85	ok	TPO_single	252	TPO	74.57435541758741				-47.97707452682288	-100.75237177471877
P23443	OG1	115.73537913115045	CB	A	1	252	1.4913576001830096	1.6082512200016366	1.614841561572676	1.6115813616939407	TPO	85-372		4	1	1	85-372	3WF8	TPO	1.975	ok	TPO_single	252	TPO	24.269883381826187				-95.81537013816907	-99.70489629390455
P23443	OG1	113.80920770923198	CB	A	1	252	1.4855194613354206	1.6014631768492569	1.6137544397361299	1.5967534111817703	TPO	85-372		4	1	1	85-372	3WF9	TPO	2.035	ok	TPO_single	252	TPO	18.697301877731952				-101.40295078871398	-102.4923421792103
P24723	OG1	127.50969241180405	CB	A	1	656	1.5247594015276928	1.5259845023214407	1.51451590504573	1.6383781884950057	TPO	353-506,516-679		2	1	1	353-506,516-679	3TXO	TPO	2.05	ok	TPO_single	656	TPO	74.48983046012643				-49.349554037217594	-129.10801996070748
P24941	OG1	121.72799860366302	CB	A	1	160	1.5034334416183373	1.515832329898833	1.4698403266607576	1.5318771410552263	TPO	1-296		3	1	1	1-296	1E9H	TPO	2.5	ok	TPO_single	160	TPO	66.32275457635112				-54.46191192441756	-124.80855707185941
P24941	OG1	125.40424227210654	CB	A	1	160	1.5203958088020118	1.5730422922385177	1.5883897972036343	1.5659151663673732	TPO	1-296		3	1	1	1-296	1H1P	TPO	2.1	ok	TPO_single	160	TPO	71.78723905852371				-53.14923790528224	-124.50870400413646
P24941	OG1	122.38647217575733	CB	A	1	160	1.4730259116223656	1.6014437487919924	1.5864490222681478	1.6229693047127027	TPO	1-296		3	1	1	1-296	1H1Q	TPO	2.5	ok	TPO_single	160	TPO	73.41628582851308				-52.053356939361564	-121.393295497372
P24941	OG1	117.0627559306578	CB	A	1	160	1.56158466697996	1.5496605166711914	1.53080974908827	1.6357701046275777	TPO	1-296		3	1	1	1-296	1H1R	TPO	2.0	ok	TPO_single	160	TPO	64.81356331003715				-55.1934220961805	-116.96426883559027
P24941	OG1	120.82078426349896	CB	A	1	160	1.4909781046592392	1.4801905476383241	1.5057871726622696	1.6222736580366621	TPO	1-296		3	1	1	1-296	1H1S	TPO	2.0	ok	TPO_single	160	TPO	70.63543753099809				-48.45499233953712	-123.21369098443944
P24941	OG1	121.9537340404437	CB	A	1	160	1.4857208793029102	1.5066164126346584	1.4740360710657718	1.4843294990394926	TPO	1-293		3	1	1	1-293	1H24	TPO	2.5	ok	TPO_single	160	TPO	66.06232589796134				-54.55236890000789	-109.2726689729432
P24941	OG1	120.77848625758268	CB	A	1	160	1.7017057337722612	1.6872926517822593	1.6870431133252253	1.59055081156728	TPO	1-293		3	1	1	1-293	1H25	TPO	2.5	ok	TPO_single	160	TPO	73.50635416177694				-49.02492972196135	-114.60275435369333
P24941	OG1	115.71030042302554	CB	A	1	160	1.643940848537066	1.6501829533294337	1.6742205215808361	1.5723119536267445	TPO	1-297		3	1	1	1-88,90-297	1H26	TPO	2.24	ok	TPO_single	160	TPO	76.21831686154857				-44.431271133607815	-122.63239511563597
P24941	OG1	120.9396066700527	CB	A	1	160	1.6353363788118627	1.6832901018639872	1.6745052496586907	1.6169408156084843	TPO	1-297		3	1	1	1-88,90-297	1H27	TPO	2.2	ok	TPO_single	160	TPO	67.00205592478481				-56.846660650973845	-116.14037777439668
P24941	OG1	121.88011345743746	CB	A	1	160	1.4704640690212214	1.4903865774998084	1.4857156594933385	1.6025410519073595	TPO	13-298		3	1	1	13-298	1JSU	TPO	2.3	ok	TPO_single	160	TPO	73.60411723171131				-45.38982408176291	-122.22433859488618
P24941	OG1	119.52564193159999	CB	C	1	160	1.5828605154823787	1.5906604091507337	1.5812102822156426	1.6165318371384951	TPO	1-296		3	1	1	1-296	1OI9	TPO	2.1	ok	TPO_single	160	TPO	70.49885777507951				-55.21709481664327	-123.902400414363
P24941	OG1	120.13221483923677	CB	A	1	160	1.5814404610175574	1.5627970542037	1.5845084687083135	1.6166976995709132	TPO	1-37,41-297		3	1	1	1-37,41-297	1OIU	TPO	2.0	ok	TPO_single	160	TPO	70.25821062453062				-52.13087288959579	-122.4070529413424
P24941	OG1	116.34357796740817	CB	C	1	160	1.580799751741968	1.6023994152968357	1.6102271535303951	1.5895707064025404	TPO	1-296		3	1	1	1-296	1OIY	TPO	2.4	ok	TPO_single	160	TPO	57.42962968938332				-65.3351729024529	-114.57765972373193
P24941	OG1	120.73728294081887	CB	A	1	160	1.5877319544298762	1.5807906135753815	1.5895049343683725	1.6155194125256604	TPO	1-296		3	1	1	1-296	1P5E	TPO	2.22	ok	TPO_single	160	TPO	72.35283298793026				-49.56615259875956	-125.64204901675626
P24941	OG1	121.91054245173582	CB	A	1	160	1.577086911234598	1.5861924196198833	1.5790500152686402	1.607666725892047	TPO	1-296		3	1	1	1-296	1PKD	TPO	2.3	ok	TPO_single	160	TPO	64.58022277643093				-56.06264023363892	-122.86856225059776
P24941	OG1	136.23704540307253	CB	A	1	160	1.4593246888135927	1.482239926128435	1.473009486980062	1.5013374133582447	TPO	1-296		3	1	1	1-296	1QMZ	TPO	2.2	ok	TPO_single	160	TPO	74.76585655779941				-56.54943477157356	-131.42916928644013
P24941	OG1	122.06344242209559	CB	A	1	160	1.4872359218456757	1.5312621348973736	1.525248800733057	1.6182070689442913	TPO	1-297		3	1	1	1-297	1W98	TPO	2.15	ok	TPO_single	160	TPO	73.94314749771563				-51.03845883120679	-118.17779095816097
P24941	OG1	119.82993068479739	CB	A	1	160	1.5058886125824804	1.5487436480451096	1.5021694578137674	1.6226705024232473	TPO	1-296		3	1	1	1-296	2CCH	TPO	1.7	ok	TPO_single	160	TPO	68.60179726286265				-57.78534560552764	-123.50243887607532
P24941	OG1	122.59506832854713	CB	A	1	160	1.5057983998730775	1.4986476398744453	1.5200484490051824	1.5975400579133037	TPO	1-298		3	1	1	1-298	2G9X	TPO	2.5	ok	TPO_single	160	TPO	63.245832334913				-58.375418205666925	-132.5672241632471
P24941	OG1	125.83548135414141	CB	C	1	160	1.5028634696476493	1.511901446487133	1.5107606670964675	1.629837159599851	TPO	1-295		3	1	1	1-295	2IW6	TPO	2.3	ok	TPO_single	160	TPO	74.88588747720759				-47.041852772965285	-126.81313042430588
P24941	OG1	123.19140834510256	CB	A	1	160	1.5213637792968284	1.4981109452493255	1.5205804637877751	1.6080174193601602	TPO	1-297		3	1	1	1-297	2IW8	TPO	2.3	ok	TPO_single	160	TPO	68.49471482473824				-53.96241522241001	-124.84806512245046
P24941	OG1	119.5613791940101	CB	A	1	160	1.5106285529365464	1.504857381277306	1.5074186707145736	1.6111364233050767	TPO	1-37,42-297		3	1	1	1-37,42-297	2IW9	TPO	2.0	ok	TPO_single	160	TPO	67.46407624252232				-53.92231420412418	-120.508921752748
P24941	OG1	141.1380138999044	CB	C	1	160	1.4895020296872703	1.4936336221365691	1.514052088041576	1.616548025928305	TPO	1-297		3	1	1	1-297	2UZE	TPO	2.4	ok	TPO_single	160	TPO	115.19491669821804				-94.90907057462157	-167.542596087958
P24941	OG1	133.51364939355435	CB	A	1	160	1.5959990003753077	1.5724003666868	1.5661060406339975	1.60485557220148	TPO	1-297		3	1	1	1-297	2UZL	TPO	2.4	ok	TPO_single	160	TPO	94.18453782963965				-127.16345699393793	-153.5908963339541
P24941	OG1	123.40407266075889	CB	A	1	160	1.4156928254993661	1.4107237728236235	1.3854705840464043	1.5772932680986174	TPO	1-38,41-298		3	1	1	1-38,41-298	3BHT	TPO	2.0	ok	TPO_single	160	TPO	79.5515693438424				-48.144782236922055	-127.86068134665614
P24941	OG1	123.89371223883266	CB	A	1	160	1.5071491135093809	1.50341232916255	1.5060859572348393	1.6055035243025373	TPO	1-38,41-298		3	1	1	1-38,41-298	3BHU	TPO	2.3	ok	TPO_single	160	TPO	71.33924698000679				-49.21174435632369	-129.3179894183176
P24941	OG1	122.18998286108916	CB	A	1	160	1.3667258749605808	1.3973224640029103	1.434473030126797	1.557115395764937	TPO	1-38,41-298		3	1	1	1-38,41-298	3BHV	TPO	2.1	ok	TPO_single	160	TPO	73.76871609059485				-57.06276195841248	-131.1358786906006
P24941	OG1	121.24913969853866	CB	A	1	160	1.5103803252310255	1.5052079320078566	1.5099017381743458	1.6124479705081602	TPO	1-38,41-298		3	1	1	1-38,41-298	3DDQ	TPO	1.8	ok	TPO_single	160	TPO	68.24962682851722				-54.69735387994311	-122.96313782632886
P24941	OG1	122.5717457977918	CB	A	1	160	1.5067750279468748	1.509244196444791	1.5105434733741865	1.6176119190969906	TPO	1-37,41-298		3	1	1	1-37,41-298	3MY5	TPO	2.1	ok	TPO_single	160	TPO	71.77863749787839				-50.72749239796796	-122.58957991194823
P24941	OG1	111.20204015936069	CB	A	1	160	1.4892158267447868	1.6025621911236805	1.6072665722783115	1.6139451290428704	TPO	1-296		3	1	1	1-296	3QHR	TPO	2.17	ok	TPO_single	160	TPO	68.40813506422673				-52.13693958625662	-113.56471358938795
P24941	OG1	118.84565800237648	CB	A	1	160	1.4894697254603388	1.5100200894466589	1.4938761326354522	1.5578429795009483	TPO	1-296		3	1	1	1-296	3QHW	TPO	1.91	ok	TPO_single	160	TPO	70.36200759648521				-51.929526799179875	-112.61522551468472
P24941	OG1	113.44566715310543	CB	A	1	160	1.489548990983827	1.5814031312590566	1.6099779932579792	1.6151119921340722	TPO	1-37,41-298		3	1	1	1-37,41-298	3TNW	TPO	2.0	ok	TPO_single	160	TPO	65.95887779208145				-51.38593674840831	-117.03212868019288
P24941	OG1	124.213297233541	CB	A	1	160	1.5429946818789622	1.4862456739615622	1.4982984921103988	1.6963272263030045	TPO	1-297		3	1	1	1-297	4BCK	TPO	2.052	ok	TPO_single	160	TPO	72.09802553240239				-48.86288725864339	-124.52283131288668
P24941	OG1	117.21577152684266	CB	C	1	160	1.5128553457128973	1.507170448026109	1.5070494693851881	1.6071433532861448	TPO	1-294		3	1	1	1-294	4BCM	TPO	2.45	ok	TPO_single	160	TPO	67.51047896672343				-56.683521928294724	-118.37125289878514
P24941	OG1	111.97948744719545	CB	A	1	160	1.4809823150893031	1.6061253982521526	1.6046686556230385	1.6210622764181726	TPO	1-38,41-298		3	1	1	1-38,41-298	4BCN	TPO	2.1	ok	TPO_single	160	TPO	66.45863500326807				-54.02113476736139	-116.56787632878519
P24941	OG1	120.00714031139339	CB	A	1	160	1.5182217023322457	1.5133651309502054	1.5108975888912308	1.6092295018707587	TPO	1-298		3	1	1	1-298	4BCO	TPO	2.05	ok	TPO_single	160	TPO	68.75324029895798				-53.783985268754215	-122.41207113216929
P24941	OG1	120.93704638289115	CB	A	1	160	1.5115508456850941	1.5110224943146708	1.5088732102761027	1.6106427675332833	TPO	1-298		3	1	1	1-298	4BCP	TPO	2.26	ok	TPO_single	160	TPO	67.19073911894014				-53.7648914456368	-122.0218141817954
P24941	OG1	109.32543511469005	CB	C	1	160	1.4806825215315382	1.610322653509993	1.6099783750887222	1.6142999080383795	TPO	1-12,15-294		3	1	1	1-12,15-294	4BCQ	TPO	2.4	ok	TPO_single	160	TPO	61.90397059916984				-59.103942150157515	-114.20768419876184
P24941	OG1	120.73865519954568	CB	A	1	160	1.4991611510976244	1.5182702650744377	1.5351422311901992	1.5935398560961005	TPO	1-37,41-297		3	1	1	1-37,41-297	4CFN	TPO	2.2	ok	TPO_single	160	TPO	66.308104789315				-57.53463480143398	-124.62483582387017
P24941	OG1	120.98238536465193	CB	A	1	160	1.4634762660280047	1.470954017885283	1.5042687290820689	1.6026686893617101	TPO	1-38,41-298		3	1	1	1-38,41-298	4CFU	TPO	2.2	ok	TPO_single	160	TPO	69.45332270636307				-51.97779955375914	-122.23291042815877
P24941	OG1	119.63755006875779	CB	A	1	160	1.4658827289629217	1.4913434029335817	1.5001734702906135	1.6168028207552885	TPO	1-298		3	1	1	1-298	4CFV	TPO	2.0	ok	TPO_single	160	TPO	67.84590703368657				-50.7634512156241	-119.03507959377875
P24941	OG1	120.05089769433542	CB	A	1	160	1.5073532503292262	1.4992590941395199	1.5149873334726685	1.6213950563679085	TPO	1-298		3	1	1	1-298	4CFW	TPO	2.45	ok	TPO_single	160	TPO	67.33043263991631				-55.1853585749878	-123.8008036211959
P24941	OG1	121.10036660627779	CB	C	1	160	1.512774849180095	1.5133602832107755	1.505704215145466	1.6136857995463494	TPO	1-296		3	1	1	1-296	4EOI	TPO	2.0	ok	TPO_single	160	TPO	71.06368356833705				-52.7660772639276	-126.06569261180978
P24941	OG1	121.80354528619264	CB	A	1	160	1.5034053638082625	1.4964929838671075	1.507270531005138	1.6267275249182687	TPO	1-37,42-298		3	1	1	1-37,42-298	4EOJ	TPO	1.65	ok	TPO_single	160	TPO	65.88913097605574				-57.00367595990901	-123.44287798687655
P24941	OG1	122.36412360848972	CB	C	1	160	1.5151581204816715	1.5081619874699737	1.510797912756334	1.6105652535286392	TPO	1-297		3	1	1	1-297	4EOL	TPO	2.4	ok	TPO_single	160	TPO	70.70520990969509				-52.04835782095292	-122.66295648438674
P24941	OG1	123.97512355828546	CB	A	1	160	1.5175893301800483	1.5108972306556945	1.4966603794719955	1.608393272411908	TPO	1-37,40-297		3	1	1	1-37,40-297	4EOM	TPO	2.1	ok	TPO_single	160	TPO	75.61584583484448				-46.76320677421827	-123.10234267525556
P24941	OG1	122.0130949031336	CB	A	1	160	1.5086376447306484	1.5079286809358718	1.5103054712068367	1.6182061781498975	TPO	1-298		3	1	1	1-298	4EON	TPO	2.4	ok	TPO_single	160	TPO	66.75018484506487				-56.52538127723705	-128.13079027729725
P24941	OG1	121.2679708797942	CB	C	1	160	1.5088057216418003	1.504258378164155	1.5078002074263823	1.6142610706969924	TPO	1-296		3	1	1	1-296	4EOO	TPO	2.1	ok	TPO_single	160	TPO	67.86280558307415				-54.18296847736097	-124.79804287055119
P24941	OG1	123.07551810934822	CB	C	1	160	1.5078818400134464	1.505127278539069	1.5198874460205039	1.6234769370358937	TPO	1-296		3	1	1	1-296	4EOP	TPO	1.99	ok	TPO_single	160	TPO	73.04255288141229				-48.74579157914102	-120.6984675320868
P24941	OG1	122.33716771037571	CB	A	1	160	1.5132628944902793	1.5104205012541008	1.5082794764728242	1.6195044169299586	TPO	1-37,41-297		3	1	1	1-37,41-297	4EOQ	TPO	2.15	ok	TPO_single	160	TPO	70.3202303478058				-52.21145207361015	-125.63814379210305
P24941	OG1	121.09047077609416	CB	A	1	160	1.5106429942816368	1.5079517167353016	1.5108533750142374	1.6130287137500263	TPO	1-37,42-297		3	1	1	1-37,42-297	4EOR	TPO	2.2	ok	TPO_single	160	TPO	72.18457136682055				-54.75981120573799	-123.01742672323441
P24941	OG1	119.69293558360637	CB	A	1	160	1.5030508996821197	1.4985204360532955	1.5096201259432496	1.5687337747242636	TPO	1-296		3	1	1	1-296	4I3Z	TPO	2.05	ok	TPO_single	160	TPO	69.0799971840067				-53.357329971397995	-119.47959972982702
P24941	OG1	120.4904684976708	CB	A	1	160	1.5137020395280991	1.5035760025849894	1.5100068833234754	1.578055362192616	TPO	1-296		3	1	1	1-296	4II5	TPO	2.15	ok	TPO_single	160	TPO	65.21872693892853				-56.92508602393422	-116.18999800603429
P24941	OG1	121.47508275345	CB	A	1	160	1.511031519634476	1.4772213399974097	1.516649656686732	1.6468558388234313	TPO	1-298		3	1	1	1-298	5CYI	TPO	2.0	ok	TPO_single	160	TPO	68.78966502048566				-53.92979703781537	-124.21035041343234
P24941	OG1	121.83644643130835	CB	A	1	160	1.5138448443650365	1.511532639046727	1.5126861608095425	1.612346603361173	TPO	1-38,41-298		3	1	1	1-38,41-298	5LMK	TPO	2.4	ok	TPO_single	160	TPO	66.85081284017178				-59.08775774625982	-126.66506506299523
P24941	OG1	111.7518951991709	CB	A	1	160	1.4963839483346402	1.5931889402837778	1.5940931015222999	1.6186212324581202	TPO	17-37,42-298		3	1	1	17-37,42-298	6ATH	TPO	1.82	ok	TPO_single	160	TPO	67.09837046040619				-51.57999434622466	-117.64685401782941
P24941	OG1	113.77862217078962	CB	C	1	160	1.5083422129704407	1.5291748608083464	1.4616044013846443	1.6563772072702114	TPO	1-296		3	1	1	1-296	6GUC	TPO	2.0	ok	TPO_single	160	TPO	65.83824092774299				-54.66605716002221	-117.89934280988666
P24941	OG1	106.82231145612917	CB	A	1	160	1.5098721719584982	1.5103233041261466	1.5099674628788404	1.6106226764804015	TPO	1-35,41-298		3	1	1	1-35,41-298	6GUE	TPO	1.99	ok	TPO_single	160	TPO	73.30760205559434				-48.60632923342399	-115.46445891042619
P24941	OG1	110.09135486842648	CB	A	1	160	1.4748012805491637	1.516221585208417	1.517062007394422	1.6300681400407568	TPO	1-38,41-290		3	1	1	1-38,41-290	6GVA	TPO	2.15	ok	TPO_single	160	TPO	72.26878292057937				-49.69537484009407	-113.24387576769647
P24941	OG1	115.66515399549316	CB	A	1	160	1.5058449153950513	1.5138133221489085	1.488472396334196	1.6300566700036376	TPO	1-290		3	1	1	1-290	6RIJ	TPO	2.2	ok	TPO_single	160	TPO	67.78539557008644				-56.05233637389146	-118.80948878774628
P24941	OG1	122.05498076458257	CB	A	1	160	1.521235049450504	1.5106092400149878	1.5098987879161878	1.597413894430933	TPO	28-35,41-294		3	1	1	28-35,41-294	6SG4	TPO	2.43	ok	TPO_single	160	TPO	60.27891763767453				-62.69335758774771	-125.7571614454931
P24941	OG1	108.11122937255048	CB	A	1	160	1.4900872601612905	1.4947738072476726	1.4972419403519692	1.628809634579796	TPO	1-294		3	1	1	1-294	7ACK	TPO	1.8	ok	TPO_single	160	TPO	70.85999674222128				-51.02502514460282	-115.00059534843743
P24941	OG1	114.55132768215324	CB	A	1	160	1.5476669177679179	1.5311028688085908	1.5279812930197945	1.5852360776957335	TPO	1-297		3	1	1	1-297	7KJS	TPO	2.187	ok	TPO_single	160	TPO	68.99802414718998				-57.30955800613252	-117.95857925508689
P24941	OG1	121.44858333622271	CB	C	1	160	1.5170314348421499	1.5303571148501325	1.526995035329715	1.5991464643840907	TPO	1-12,17-37,41-294		3	1	1	1-12,17-37,41-294	7QHL	TPO	1.7	ok	TPO_single	160	TPO	71.09616939725476				-51.77239352979894	-123.6985921393378
P24941	OG1	131.35714556223274	CB	A	1	160	1.5272501552481508	1.5146916732630076	1.5177679365368313	1.6081282661297194	TPO	1-297		3	1	1	1-297	8H6P	TPO	2.44	ok	TPO_single	160	TPO	-92.3294637349812				142.3626007343485	-178.95941571766184
P24941	OG1	121.9148352852566	CB	A	1	160	1.516003522120285	1.5167766378242449	1.517331169462888	1.6128397846554465	TPO	1-297		3	1	1	1-297	8VQ3	TPO	1.84	ok	TPO_single	160	TPO	31.319694886492837				-90.30696542684957	-133.7412468931846
P24941	OG1	122.12323702249333	CB	A	1	160	1.5169542587718072	1.5150693883963169	1.515463185990159	1.6154723579713868	TPO	1-160,164-297		3	1	1	1-160,164-297	8VQ4	TPO	1.9	ok	TPO_single	160	TPO	70.44646981501877				-51.48920884703583	-115.80200237757387
P24941	OG1	114.42153105681703	CB	A	1	160	1.4997532695955815	1.6124070246804123	1.6130678460176866	1.6397569616503564	TPO	1-296		3	1	1	1-296	9BJC	TPO	2.22	ok	TPO_single	160	TPO	68.87432051286842				-52.35222492401035	-115.35016659015919
P24941	OG1	123.26292706331351	CB	A	1	160	1.5163383425898376	1.5123701816555055	1.5545331922087577	1.6068731278992316	TPO	1-296		3	1	1	1-296	9ESJ	TPO	2.37	ok	TPO_single	160	TPO	65.48891294221269				-55.419954710501756	-128.88773446093694
P24941	OG1	120.05007865540802	CB	A	1	160	1.5141023513837242	1.5300683834077697	1.5359503719861907	1.6190355281643016	TPO	1-298		3	1	1	1-298	9ESK	TPO	2.398	ok	TPO_single	160	TPO	60.274078861496626				-62.52260255665735	-128.57930472111406
P24941	OG1	118.13828674780997	CB	A	1	160	1.537888577623122	1.5149751427314089	1.5227692362325687	1.6081751205598553	TPO	1-297		3	1	1	1-297	9ESL	TPO	2.392	ok	TPO_single	160	TPO	68.01580753521658				-54.679146464384196	-125.76649543230266
P24941	OG1	122.16656049662627	CB	C	1	160	1.5107584309445392	1.5116587908288794	1.480960550216156	1.6225213009615362	TPO	1-296		3	1	1	1-296	9ESN	TPO	2.393	ok	TPO_single	160	TPO	67.52709313417924				-55.00697105096771	-127.6047302130308
P24941	OG1	119.35187919265513	CB	A	1	160	1.506645513008986	1.5128369814116016	1.511612906934272	1.6300845984358712	TPO	1-298		3	1	1	1-298	9ESO	TPO	2.396	ok	TPO_single	160	TPO	66.32296269485842				-57.69321046184587	-124.31477585481922
P24941	OG1	122.87507729364378	CB	C	1	160	1.487491795951729	1.5178068871854	1.50471871413746	1.6135247050328472	TPO	1-296		3	1	1	1-296	9ESP	TPO	2.381	ok	TPO_single	160	TPO	68.88562027716664				-52.616251291843994	-131.13336307527004
P24941	OG1	121.71138792336762	CB	A	1	160	1.5119389923417998	1.5340140573363128	1.5283485907353338	1.5964178756705518	TPO	1-296		3	1	1	1-296	9ESQ	TPO	2.38	ok	TPO_single	160	TPO	67.76871575957684				-54.77308503716401	-125.22958994544888
P24941	OG1	122.63280616466344	CB	A	1	160	1.5034125447034001	1.5005151051781513	1.5005414885035606	1.606622766386253	TPO	1-296		3	1	1	1-296	9ESR	TPO	2.388	ok	TPO_single	160	TPO	70.40444498359108				-51.52973067122369	-126.7595576616967
P24941	OG1	120.78048905069089	CB	A	1	160	1.5066296642968489	1.5313719656190885	1.5043783552169796	1.6186133116864938	TPO	1-298		3	1	1	1-298	9ESS	TPO	2.44	ok	TPO_single	160	TPO	70.52904008527585				-52.42618439416389	-128.46577643184793
P24941	OG1	122.0401131040526	CB	A	1	160	1.5054475696079428	1.5152279631664143	1.5234836718790874	1.6043650982553679	TPO	1-298		3	1	1	1-298	9ESU	TPO	2.396	ok	TPO_single	160	TPO	62.894832131907606				-59.85305162301408	-128.4426799461711
P24941	OG1	118.52664406472023	CB	A	1	160	1.5219649500490742	1.5203749802061424	1.4960743698540868	1.6088397143646187	TPO	1-298		3	1	1	1-298	9ESV	TPO	2.397	ok	TPO_single	160	TPO	72.05177955656329				-49.81687658934382	-125.13984240679329
P24941	OG1	118.36933863022678	CB	A	1	160	1.5260121066037855	1.5155218089482245	1.5285031794327095	1.6254865499976956	TPO	1-294		3	1	1	1-294	9ESW	TPO	2.38	ok	TPO_single	160	TPO	66.64087291922765				-55.60092022138292	-122.53630241564541
P24941	OG1	118.0455745826148	CB	C	1	160	1.521966906293605	1.5227246311344642	1.5043197587112367	1.6265114516649732	TPO	1-296		3	1	1	1-296	9ESX	TPO	2.37	ok	TPO_single	160	TPO	65.06448338951475				-58.55133822240761	-123.31162255749634
P24941	OG1	121.18888862856467	CB	A	1	160	1.4998927845696473	1.5006864901717518	1.4994789835827471	1.596790735872186	TPO	1-296		3	1	1	1-296	9ESY	TPO	2.394	ok	TPO_single	160	TPO	67.11170915130225				-54.72459783100916	-128.6351754354884
P24941	OG1	122.6317488771112	CB	C	1	160	1.4908613465063647	1.505030034813925	1.487012552696382	1.6204559606012032	TPO	1-296		3	1	1	1-296	9ESZ	TPO	2.42	ok	TPO_single	160	TPO	69.85168111459909				-52.02898906419393	-127.29336272119419
P24941	OG1	120.11635636479458	CB	A	1	160	1.5190925050899797	1.523478156270932	1.5150098977524915	1.6176275708074588	TPO	1-298		3	1	1	1-298	9ET0	TPO	2.239	ok	TPO_single	160	TPO	68.3657147764969				-53.33570256570323	-124.03395336043573
P24941	OG1	121.94873901068802	CB	A	1	160	1.5140708399807934	1.5135384998650405	1.5002767118235414	1.6228774638149186	TPO	1-298		3	1	1	1-298	9ET1	TPO	2.394	ok	TPO_single	160	TPO	64.43389001568421				-58.137196820119	-129.66022786923673
P24941	OG1	119.88790644711261	CB	A	1	160	1.512957604088473	1.520369033076699	1.536948491546986	1.6091107843749572	TPO	1-298		3	1	1	1-298	9ET2	TPO	2.37	ok	TPO_single	160	TPO	66.22608271482734				-55.6904371381628	-120.53150327762967
P24941	OG1	120.82654972081329	CB	C	1	160	1.5128100568910199	1.502490845284917	1.5085497119720164	1.6150001141155366	TPO	1-296		3	1	1	1-296	9ET7	TPO	2.312	ok	TPO_single	160	TPO	67.38400635021246				-56.01666729966488	-123.68037500219306
P24941	OG1	116.85894926739783	CB	A	1	160	1.5142818872886865	1.5062329323741246	1.521304340625189	1.615450639519122	TPO	1-37,41-297		3	1	1	1-37,41-297	9ETP	TPO	2.48	ok	TPO_single	160	TPO	64.16350771009655				-57.03415379345194	-128.67574679669323
P24941	OG1	121.73358618735726	CB	A	1	160	1.5029867918177873	1.5250650471684393	1.5169737693046215	1.658775351247148	TPO	2-38,40-294		3	1	1	2-38,40-294	9GLA	TPO	2.18	ok	TPO_single	160	TPO	71.7377062297168				-50.98943782648735	-121.94577395836835
P24941	OG1	119.03922054372086	CB	A	1	160	1.525294187826745	1.5281644258937284	1.5302139529681191	1.7165545034323793	TPO	1-298		3	1	1	1-298	9OB2	TPO	2.12	ok	TPO_single	160	TPO	61.8858407279038				-60.75931543021586	-121.81983516042808
P24941	OG1	119.41602488421057	CB	A	1	160	1.52744572050975	1.5270960788154062	1.5251101321434661	1.7235994006315971	TPO	1-298		3	1	1	1-298	9OB3	TPO	1.98	ok	TPO_single	160	TPO	76.44482943703774				-46.82784065255468	-119.4178211838488
P24941	OG1	118.7224650596446	CB	A	1	160	1.5285564785509	1.5379310435643192	1.5328736175116584	1.7196628770283837	TPO	1-298		3	1	1	1-298	9OB4	TPO	1.95	ok	TPO_single	160	TPO	73.21493534855638				-48.73563484041017	-120.52308160928372
P24941	OG1	118.6935721901073	CB	A	1	160	1.523610097013789	1.5274019562458097	1.5271486712721352	1.7146847297948182	TPO	1-298		3	1	1	1-298	9OB5	TPO	2.1	ok	TPO_single	160	TPO	61.91083435663089				-59.894027224152616	-118.48904452854826
P24941	OG1	118.76106604684841	CB	A	1	160	1.5245183553366688	1.5271417672583896	1.5284913267784996	1.7161172177917883	TPO	1-298		3	1	1	1-298	9OB6	TPO	2.0	ok	TPO_single	160	TPO	65.4662439128552				-57.27963079925462	-120.1653694598726
P28482	OH	125.45456281811842	CZ	A	1	185	1.5008920430523873	1.519958792569864	1.4991407084178656	1.574659966433327	TPO	11-358		2	2	1	11-358	6OPH	PTR	2.4	ok	TPO_single	185	TPO		-1.9570102525740523	-72.62395406400377	106.3081405287586		
P28482	OH	123.02685802358083	CZ	A	1	185	1.4777141398778784	1.5304807170276098	1.5359655628347808	1.6161670493626463	TPO	7-358		2	2	1	7-358	8U8J	PTR	2.1	ok	TPO_single	185	TPO		-0.4901866929089153	-87.92472943496114	91.43497176639545		
P28482	OH	123.19940668360722	CZ	A	1	185	1.480384608038817	1.5466443357218305	1.5355622719224264	1.6141929081174127	TPO	10-358		2	2	1	10-358	8U8K	PTR	2.1	ok	TPO_single	185	TPO		-1.0290031283620955	-94.64032702872922	83.9183415891962		
P31749	OG1	121.07092486109711	CB	A	1	308	1.5995012648334048	1.5337097400160795	1.572825275340094	1.585491366341051	TPO	144-446,463-478		3	1	1	144-446,463-478	3CQU	TPO	2.2	ok	TPO_single	308	TPO	43.17939577074594				-77.52960335017724	-132.20826986648083
P31749	OG1	117.09504176287629	CB	A	1	308	1.592443797841722	1.564288674692683	1.5462334279386907	1.6212224106773956	TPO	144-447,464-478		3	1	1	144-447,464-478	3CQW	TPO	2.0	ok	TPO_single	308	TPO	62.260212658005436				-61.79371592132123	-134.92143285588267
P31749	OG1	123.92469414629522	CB	A	1	308	1.519843094085625	1.508857826293375	1.5099680999579923	1.592190813409625	TPO	144-447,466-477		3	1	1	144-447,466-477	3MV5	TPO	2.47	ok	TPO_single	308	TPO	71.42979220509979				-50.30327376929909	-138.69654244195706
P31749	OG1	115.08101628098665	CB	A	1	308	1.5127063054297802	1.4830648728406668	1.523968657605416	1.6551523506418668	TPO	145-445,466-476		3	1	1	145-445,466-476	3MVH	TPO	2.01	ok	TPO_single	308	TPO	64.27581326221126				-56.056350522067966	-127.55899375102287
P31749	OG1	122.4440178837032	CB	A	1	308	1.4981557520737083	1.52088643886952	1.5118505638694686	1.5932925821789328	TPO	144-449,458-478		3	1	1	144-449,458-478	3QKK	TPO	2.3	ok	TPO_single	308	TPO	63.93607128991417				-57.70136796423189	-128.72146802188442
P31749	OG1	122.61504250235686	CB	A	1	308	1.5208334816075413	1.5026317530168674	1.5123104351106362	1.625140905513146	TPO	144-448,466-478		3	1	1	144-448,466-478	3QKL	TPO	1.9	ok	TPO_single	308	TPO	65.2609899176621				-56.22616642761868	-134.33419363744895
P31749	OG1	120.69915611451208	CB	A	1	308	1.510195510278121	1.5155935551164763	1.5142295762722646	1.613839398544795	TPO	144-451,457-478		3	1	1	144-451,457-478	3QKM	TPO	2.2	ok	TPO_single	308	TPO	61.97288612524507				-61.50640920029724	-134.69665597147898
P31749	OG1	118.88259563986684	CB	A	1	308	1.5284514674954368	1.5168503495436196	1.5305915341752865	1.6152840893198557	TPO	144-451,457-478		3	1	1	144-451,457-478	4EKL	TPO	2.0	ok	TPO_single	308	TPO	64.87146894349492				-62.36830010604287	-131.595630227961
P31749	OG1	118.39347861376189	CB	A	1	308	1.5241827662115874	1.4951523375306066	1.5169583297066662	1.613965519297387	TPO	144-451,457-477		3	1	1	144-451,457-477	4GV1	TPO	1.49	ok	TPO_single	308	TPO	60.798517769083446				-61.37568397152531	-128.3611289602461
P31749	OG1	114.2963222918297	CB	A	1	308	1.5493921806569761	1.540868755331338	1.5543457621830579	1.5664611947179452	TPO	144-450		3	1	1	144-450	6CCY	TPO	2.18	ok	TPO_single	308	TPO	60.838406788301				-62.77847183182651	-120.41293864594454
P31751	OG1	121.18460079455471	CB	A	1	309	1.4944479029651188	1.504964529160717	1.5721898663238016	1.3867951719741292	TPO	146-449,466-479		2	1	1	146-449,466-479	1O6K	TPO	1.7	ok	TPO_single	309	TPO	58.796024641537606				-62.5273703485144	-129.75634179825292
P31751	OG1	120.97101396764111	CB	A	1	309	1.499158190014479	1.5002493305910447	1.5748902726384937	1.3859065422934767	TPO	146-449,470-477		2	1	1	146-449,470-477	1O6L	TPO	1.6	ok	TPO_single	309	TPO	55.95626201786554				-65.58891374410362	-129.00265357336102
P31751	OG1	118.24390851229803	CB	A	1	309	1.5805687276853286	1.5840885406009146	1.6125078070606536	1.607695388657993	TPO	146-449,470-477		2	1	1	146-449,470-477	2JDO	TPO	1.8	ok	TPO_single	309	TPO	58.02426510910831				-56.19818918380326	-125.3824780382967
P31751	OG1	122.58464074897515	CB	A	1	309	1.5168992963757708	1.5189457465121792	1.5173581541316725	1.5976046587188883	TPO	146-449,470-477		2	1	1	146-449,470-477	2JDR	TPO	2.3	ok	TPO_single	309	TPO	63.643532666242116				-59.45144110160386	-130.08905708861454
P31751	OG1	119.36071021549554	CB	A	1	309	1.5855812801993732	1.60770052162475	1.6069391640035866	1.6274259078206845	TPO	146-449,470-477		2	1	1	146-449,470-477	2UW9	TPO	2.1	ok	TPO_single	309	TPO	59.05550451630888				-57.41706899100779	-124.4084997717369
P31751	OG1	120.06988747179345	CB	A	1	309	1.4802593773253025	1.4877904733193483	1.4983855416047025	1.605059654522921	TPO	146-449,470-477		2	1	1	146-449,470-477	2X39	TPO	1.93	ok	TPO_single	309	TPO	63.353886120619826				-61.01584460610221	-131.55206887777737
P33981	OG1	115.03520879021792	CB	A	1	686	1.5737540300676987	1.5621031299521755	1.5602428030207238	1.5933530900430843	TPO	519-670,683-697,711-794		4	1	1	519-670,683-697,711-794	4C4F	TPO	2.36	ok	TPO_single	686	TPO	55.52674719511604				-78.24659843874522	-25.27708635805044
P33981	OG1	121.3903331565582	CB	A	1	686	1.5567951741632662	1.558717102165722	1.5430926941498433	1.6091155417383958	TPO	519-675,684-699,709-794		4	1	1	519-675,684-699,709-794	4C4J	TPO	2.5	ok	TPO_single	686	TPO	7.3228578225183805				-116.69507504035168	-88.12102263093136
P33981	OG1	117.39019727278904	CB	A	1	686	1.5453015336202598	1.5554875157860328	1.5540782857444955	1.5978397014377417	TPO	519-669,684-699,711-794		4	1	1	519-669,684-699,711-794	4CV9	TPO	2.5	ok	TPO_single	686	TPO	44.26597423556798				-88.35337475618488	-9.985658131983195
P33981	OG1	118.27868060109185	CB	A	1	686	1.5612686682243762	1.5656549837208222	1.5501861631663898	1.6353714165384592	TPO	519-669,684-698,710-794		4	1	1	519-669,684-698,710-794	4CVA	TPO	2.5	ok	TPO_single	686	TPO	39.37436103680282				-89.54157594727376	-27.781621976733557
P33981	OG1	113.6931882308	CB	A	1	686	1.5477199619627526	1.554722654530115	1.563047301183787	1.5712395341693217	TPO	519-669,683-698,711-795		4	1	1	519-669,683-698,711-795	5AP0	TPO	2.15	ok	TPO_single	686	TPO	61.149021728199415				-68.74553329990941	-11.051463155049401
P33981	OG1	118.76607153885958	CB	A	1	686	1.5128481383631094	1.5110294876710428	1.5165693427072582	1.6151354779757623	TPO	519-670,683-698,710-794		4	1	1	519-670,683-698,710-794	5N87	TPO	2.29	ok	TPO_single	686	TPO	54.32928900169085				-70.75185607678436	-5.350933306634601
P33981	OG1	120.54824038574678	CB	A	1	686	1.5109872318495183	1.511091400998168	1.5155263840628281	1.6121805486746614	TPO	519-674,684-698,709-794		4	1	1	519-674,684-698,709-794	5N93	TPO	2.1	ok	TPO_single	686	TPO	58.08028434872004				-66.06474145682517	-14.357598941529705
P33981	OG1	118.9183236189426	CB	A	1	686	1.5181094830313937	1.5256230260926054	1.5199324940002694	1.6056787313773726	TPO	519-673,681-697,710-794		4	1	1	519-673,681-697,710-794	5N9S	TPO	2.3	ok	TPO_single	686	TPO	55.622397426817415				-68.33020144026453	-4.729455559095765
P33981	OG1	112.95544372503981	CB	A	1	686	1.5188337197620483	1.519465272279461	1.5277553155852326	1.6435408572750156	TPO	516-673,684-698,709-794		4	1	1	516-673,684-698,709-794	6TNC	TPO	2.3	ok	TPO_single	686	TPO	59.04142411966506				-67.84232101343243	-14.788134869054726
P33981	OG1	107.68693351504487	CB	A	1	686	1.618274010970897	1.613275528433365	1.4797054198215172	1.61974254530775	TPO	515-674,684-700,708-795		4	1	1	515-674,684-700,708-795	7CIL	TPO	2.3	ok	TPO_single	686	TPO	52.954809060375005				-66.13034745676222	-8.862900148687682
P36495	OG1	111.13672031028973	CB	A	1	1795	1.5956682263542048	1.4589064695695273	1.5940598677190654	1.6041110164118042	TPO	8-96,104-432,467-488,535-586,597-668,678-759,801-981,1045-1106,1125-1182,1224-1263,1347-1491,1566-1674,1685-1828,1847-1855,1888-1989		1	1	1	8-96,104-432,467-488,535-586,597-668,678-759,801-981,1045-1106,1125-1182,1224-1263,1347-1491,1566-1674,1685-1828,1847-1855,1888-1989	7VCF	TPO	2.5	ok	TPO_single	1795	TPO	66.40282320917274				-59.53476536187305	-1.8313596462325954
P39984	OG1	120.06060616564504	CB	B	1	34	1.4857978774243283	1.6073036770237836	1.6138238218283205	1.638117432072591	TPO	7-86,105-390		1	1	1	7-86,105-390	4PSW	TPO	2.101	ok	TPO_single	34	TPO	-92.50256190132863				143.01343091233238	137.73202274630307
P42527	OG1	107.89811083187634	CB	A	1	612	1.6103724733641913	1.6102610381148803	1.4805104054786276	1.611267383960042	TPO	552-809		1	1	1	552-809	5DYJ	TPO	2.5	ok	TPO_single	612	TPO	83.4925465942491				-37.28939743819165	6.143003301314969
P48730	OG1	108.39740809236933	CB	A	1	220	1.6100855508055398	1.481559939863604	1.6025517034534797	1.6084579189395867	TPO	4-157,163-294		2	1	1	4-157,163-294	5OKT	TPO	2.13	ok	TPO_single	220	TPO	71.03052000450901				-49.35609617977731	119.46319201330743
P48730	OG1	109.36971357688182	CB	A	1	220	1.4824129071929546	1.6099254942816839	1.610178554789178	1.611365144277457	TPO	3-18,21-43,47-292		2	1	1	3-18,21-43,47-292	6F1W	TPO	1.864	ok	TPO_single	220	TPO	32.39630532053849				-87.02408514428521	119.28413671141345
P48730	OG1	106.93600962066583	CB	A	1	220	1.610191146904227	1.4807791803758121	1.6109570819681371	1.6091927057319064	TPO	4-157,163-294		2	1	1	4-157,163-294	7NZY	TPO	1.85	ok	TPO_single	220	TPO	39.50364104546934				-80.17404732590612	121.9176608367771
P48730	OG1	124.46366870048007	CB	A	1	220	1.53041513224022	1.512313597624125	1.5049304357138	1.631436154015809	TPO	3-294		2	1	1	3-294	7P7F	TPO	1.96	ok	TPO_single	220	TPO	-34.17695701420271				-158.4701408436131	19.8071240454026
P48730				A	1	220					TPO	8-294		2	1	1	8-294	7P7G	TPO	1.7	missing_required_atoms:OG1,P	TPO_single	220	TPO						
P50750	OG1	123.71151354453254	CB	A	1	186	1.5184235797210437	1.5096083790004644	1.509749347169543	1.6098925726078182	TPO	8-50,55-87,98-176,182-259,267-325		2	1	1	8-50,55-87,98-176,182-259,267-325	3BLH	TPO	2.48	ok	TPO_single	186	TPO	-44.37109696200895				78.26385553675534	149.8968986688564
P50750	OG1	111.2034797177067	CB	A	1	186	1.5992639904169434	1.6066988595318876	1.6028897497465748	1.6224534442932903	TPO	8-88,97-344		2	1	1	8-88,97-344	3MI9	TPO	2.1	ok	TPO_single	186	TPO	62.293173645704336				-57.032939081547624	-122.48742970747043
P61006	OG1	111.0264157823184	CB	B	1	72	1.4748571210035342	1.6129009734936675	1.60637105346135	1.612429386522297	TPO	2-176		2	1	1	2-176	6RIR	TPO	1.767	ok	TPO_single	72	TPO	65.09666500288527				-52.12608200986754	-113.24259170159297
P61006	OG1	106.01513027763758	CB	A	1	72	1.6206509855124085	1.6041404722210444	1.490051459976614	1.5762822264461596	TPO	1-180		2	1	1	1-180	7LWB	TPO	1.9	ok	TPO_single	72	TPO	59.895750628634076				-60.66843581274454	-111.06071602414738
Q00526	OG1	119.43437579709563	CB	A	1	160	1.4911934485533944	1.5248425179117753	1.5076864980820126	1.630229553466687	TPO	3-288		1	1	1	3-288	7XQK	TPO	2.25	ok	TPO_single	160	TPO	68.0687455037902				-53.64255037426828	-123.17275891269576
Q13153	OG1	121.18946044952106	CB	B	1	423	1.5052566096730082	1.5071068561718226	1.5110968874082749	1.6077399169873938	TPO	249-278,281-409,419-542		1	1	1	256-277,283-301,310-334,338-409,419-542	28OQ	TPO	2.28	ok	TPO_single	423	TPO	41.219457655376985				-79.9822364602704	-138.23755046886933
Q13153	OG1	123.09658056397193	CB	A	1	423	1.5126482727014687	1.504581598770051	1.4957021658525	1.610913673139349	TPO	249-541		1	1	1	249-541	3FXZ	TPO	1.64	ok	TPO_single	423	TPO	67.65909576836495				-54.85665051043219	-134.75671995520028
Q13153	OG1	122.89977670108767	CB	A	1	423	1.518386353605019	1.5096773121840734	1.4904579404526537	1.617163972075225	TPO	249-541		1	1	1	249-541	3FY0	TPO	2.35	ok	TPO_single	423	TPO	63.049888581589435				-57.75750284112635	-146.28399613122565
Q13153	OG1	121.75701289319929	CB	A	1	423	1.5563945435004662	1.5963583540962454	1.4118908369380252	1.6416925293935738	TPO	250-542		1	1	1	250-542	3Q52	TPO	1.801	ok	TPO_single	423	TPO	56.39501653067364				-62.60223632811635	-133.17169386984227
Q13153	OG1	119.2261042611067	CB	A	1	423	1.607870451510851	1.6194776993229942	1.3834211074076344	1.606439488021838	TPO	250-541		1	1	1	250-541	3Q53	TPO	2.09	ok	TPO_single	423	TPO	60.76616123398599				-57.84093949873872	-129.49544842671997
Q13153	OG1	121.38734743294359	CB	A	1	423	1.5132308241586236	1.5004044925206124	1.501689309212686	1.6137795467734775	TPO	249-542		1	1	1	249-542	4DAW	TPO	2.0	ok	TPO_single	423	TPO	61.61525928870445				-61.37224267060919	-140.08489231464435
Q13153	OG1	121.25084403018677	CB	A	1	423	1.4889459748008778	1.5081624940704368	1.4895375079881255	1.6109286374934284	TPO	249-541		1	1	1	249-541	4EQC	TPO	2.01	ok	TPO_single	423	TPO	64.87455685646663				-56.587954016639394	-141.1634855800351
Q13153	OG1	111.9903674948508	CB	A	1	423	1.4776117327039655	1.5442716099563596	1.5294594863997804	1.5648573125579173	TPO	250-278,281-302,308-409,419-543		1	1	1	250-278,281-302,308-409,419-543	4ZLO	TPO	2.5	ok	TPO_single	423	TPO	66.14317923853743				-68.1734556920988	-111.4435793362124
Q13153	OG1	110.61387153049245	CB	A	1	423	1.609458198869812	1.4753441463388355	1.6077755221191221	1.6095523394287128	TPO	249-541		1	1	1	249-541	5DFP	TPO	2.2	ok	TPO_single	423	TPO	63.48674932781902				-55.665007148966154	-127.2354677670455
Q13153	OG1	116.79893834495155	CB	A	1	423	1.5527696137216693	1.501726401624107	1.5052497702699552	1.633431961870518	TPO	249-278,282-543		1	1	1	249-278,282-543	8X5Z	TPO	1.8	ok	TPO_single	423	TPO	55.40264565553648				-67.49729901504149	-135.47788219482234
Q13976	OG1	106.70728794930166	CB	A	1	517	1.606062871895281	1.4827334056010044	1.6030313400728806	1.6078841919256943	TPO	337-671		1	1	1	337-671	6BDL	TPO	1.96	ok	TPO_single	517	TPO	65.72278338558327				-54.38105346408261	-124.93843919628472
Q13976	OG1	110.22478151296524	CB	C	1	517	1.602198931464242	1.4898869663964671	1.5986066703005453	1.6117323113286752	TPO	336-671		1	1	1	337-671	6BG2	TPO	1.83	ok	TPO_single	517	TPO	65.14399698430047				-53.11406752061408	-125.36925415137152
Q13976	OG1	118.81002573947575	CB	A	1	517	1.4964361706627398	1.493240366242624	1.4933362435818378	1.5933050955002086	TPO	337-671		1	1	1	337-671	6C0T	TPO	1.98	ok	TPO_single	517	TPO	66.78817596443825				-55.44352962414334	-128.14068476421542
Q14004	OG1	120.88634904364937	CB	C	1	871	1.4651392575683853	1.4531042311919933	1.4671291343061221	1.5687801906457135	TPO	697-775,785-1031		1	1	1	697-775,785-1031	5EFQ	TPO	2.0	ok	TPO_single	871	TPO	67.42278158789068				-50.96323320771149	-121.11285467127264
Q14004	OG1	108.94632799020754	CB	A	1	871	1.6112778455799086	1.60964333362089	1.4797911144800922	1.6106378419925915	TPO	695-776,781-1023		1	1	1	695-776,781-1023	7NXJ	TPO	2.36	ok	TPO_single	871	TPO	66.72453818731661				-53.07321317050953	-115.4952694779242
Q14493	OG1	112.54823776240958	CB	C	1	171	1.6059882559921992	1.6034933507401878	1.4824305780428033	1.6432490925667378	TPO	127-199		1	1	1	127-199	4QOZ	TPO	2.304	ok	TPO_single	171	TPO	63.46080583499967				-60.10436641623012	-126.12063439993811
Q16539	OG1	121.07088066061853	CB	A	1	180	1.5142805767983238	1.5228861047558995	1.49395050379459	1.5958522103990196	TPO	5-169,172-353		2	1	1	5-169,172-353	4EWQ	TPO	2.1	ok	TPO_single	180	TPO	19.61917669172889				-102.09752353974811	-124.47595298812517
Q16539	OG1	107.79523604897943	CB	A	1	180	1.479873637656084	1.6103877828428608	1.6103034806322933	1.6136510949531255	TPO	5-167,178-353		2	1	1	5-167,178-353	9YLH	TPO	2.02	ok	TPO_single	180	TPO	14.717626732484261				-105.00706768888638	-112.71902911683692
Q6DE08	OG1	108.02317369489904	CB	B	1	248	1.4812022500400575	1.4704658104071742	1.4878395491289609	1.5054896776784954	TPO	78-101,105-357		1	1	1	78-101,105-357	2BFX	TPO	1.8	ok	TPO_single	248	TPO	54.91769038251281				-68.34716720498346	-123.71294993738556
Q6DE08	OG1	113.43243196214165	CB	B	1	248	1.4582879840181908	1.52275780927491	1.4801890930843415	1.502744686572816	TPO	78-357		1	1	1	78-357	2BFY	TPO	1.8	ok	TPO_single	248	TPO	53.906660310216154				-69.06018641848063	-131.83930882839059
Q6DE08	OG1	120.39749898156482	CB	B	1	248	1.5130199197467546	1.5077435959544838	1.5148014089247368	1.6033749915517959	TPO	78-131,134-357		1	1	1	78-131,134-357	2VGO	TPO	1.7	ok	TPO_single	248	TPO	58.89259571013185				-63.036241697205774	-124.49968073410186
Q6DE08	OG1	120.22845529721668	CB	B	1	248	1.5082732828624592	1.5165224178682792	1.5192615952658979	1.5926741444380104	TPO	78-355		1	1	1	78-355	2VGP	TPO	1.7	ok	TPO_single	248	TPO	56.05748510082593				-66.08084429472513	-122.2048299057931
Q6DE08	OG1	120.47895821832435	CB	B	1	248	1.5122726450136914	1.5105198501150041	1.5126926291582719	1.6018690065370025	TPO	77-100,105-355		1	1	1	77-100,105-355	2VRX	TPO	1.86	ok	TPO_single	248	TPO	58.69365735178783				-65.6631928980317	-125.91614792937705
Q6DE08	OG1	123.05667299638493	CB	B	1	248	1.502583524242081	1.523329521236947	1.5059549574315219	1.5962059034277105	TPO	78-99,105-355		1	1	1	78-99,105-355	3ZTX	TPO	1.95	ok	TPO_single	248	TPO	61.04715486450597				-65.22827759760246	-126.19053589132803
Q6DE08	OG1	120.37020201739728	CB	B	1	248	1.5044357284077405	1.5100267554744358	1.51587648477494	1.6027453353531582	TPO	78-357		1	1	1	78-357	4B8M	TPO	1.85	ok	TPO_single	248	TPO	55.87998279476268				-66.66497014475325	-125.23035021337904
Q6DE08	OG1	121.22623459148845	CB	B	1	248	1.471169843795218	1.5272115609961134	1.5745669384072511	1.5660483039826978	TPO	76-356		1	1	1	76-356	4C2V	TPO	1.49	ok	TPO_single	248	TPO	57.62555805926382				-70.08435531953681	-121.0130340343637
Q6DE08	OG1	119.17406072047494	CB	B	1	248	1.5220537403100418	1.5100015124082042	1.568849186069339	1.5803514393488776	TPO	78-355		1	1	1	78-355	4C2W	TPO	1.7	ok	TPO_single	248	TPO	54.74431240853937				-69.86886296410945	-120.37193233818932
Q6DE08	OG1	113.21987566682725	CB	B	1	248	1.5549027332172463	1.4939085096878804	1.5374961037495272	1.528084283613278	TPO	81-356		1	1	1	81-356	5EYK	TPO	1.93	ok	TPO_single	248	TPO	50.828895251547344				-69.59331811093645	-120.54902791517576
Q6DE08	OG1	113.5519096461185	CB	B	1	248	1.5390681878317394	1.4919798045902937	1.5385465000942051	1.5291755152230428	TPO	79-356		1	1	1	79-356	5K3Y	TPO	1.6	ok	TPO_single	248	TPO	58.7786209506087				-65.92772005228151	-121.37054959805407
Q7DD94	OG1	86.38063509548766	CB	A	1	280	1.6245292253669312	1.497572068962987	1.6239421221422083	3.542690360715878	TPO	210-543		1	1	1	210-543	4KAV	TPO	1.433	ok	TPO_single	280	TPO	-100.4689796893197				135.06690792327325	119.23895993464963
Q7DD94	OG1	110.2513008826196	CB	A	1	280	1.4900008488334198	1.5943187865444892	1.62622571835889	1.6425985591519197	TPO	211-543		1	1	1	211-543	4KAY	TPO	1.781	ok	TPO_single	280	TPO	63.573923491323534				-56.301311395493705	-136.1392410862937
Q818Z9	OG1	121.65401159326298	CB	A	1	85	1.4988493672591425	1.5059229585975404	1.5127011308209455	1.6214861985439766	TPO	2-392		1	1	1	2-392	3M8W	TPO	1.85	ok	TPO_single	85	TPO	26.637895023957114				-96.65398403664638	-110.39305329173062
Q818Z9	OG1	126.16776001808324	CB	A	1	85	1.5023948435635064	1.504363929989363	1.518890098016976	1.600090997762857	TPO	2-392		1	1	1	2-392	3M8Y	TPO	2.1	ok	TPO_single	85	TPO	-12.806034227875731				-133.83811800178017	-128.84168221266185
Q818Z9	OG1	121.79041463923252	CB	A	1	85	1.507534600461476	1.5068420604948967	1.5112492467099556	1.6085243917763403	TPO	2-392		1	1	1	2-392	3M8Z	TPO	1.8	ok	TPO_single	85	TPO	28.12618302758894				-92.59220466683082	-111.56508376302436
Q818Z9	OG1	121.5619539709484	CB	A	1	85	1.4999538588286756	1.5049532694824812	1.5149919286340705	1.6232806814497824	TPO	2-392		1	1	1	2-392	3OT9	TPO	1.75	ok	TPO_single	85	TPO	27.541218040582514				-95.38531662247487	-110.03022495397559
Q818Z9	OG1	120.98835386224083	CB	A	1	85	1.5001443593230614	1.5098000918866885	1.5108294487923557	1.6183261146226675	TPO	3-393		1	1	1	3-393	3TWZ	TPO	1.75	ok	TPO_single	85	TPO	25.60939883644886				-98.84506665525338	-112.66634536713102
Q818Z9	OG1	125.98853194568724	CB	A	1	85	1.5084465326660335	1.5111233746482107	1.5050853645729696	1.610913110593183	TPO	2-392		1	1	1	2-392	3UO0	TPO	2.3	ok	TPO_single	85	TPO	-9.81239476582923				-131.897871370297	-129.20406799330038
Q818Z9	OG1	122.80153891277995	CB	A	1	85	1.4951529794799903	1.5045496372147171	1.5085718842294578	1.6140889348947756	TPO	2-392		1	1	1	2-392	4LR7	TPO	2.1	ok	TPO_single	85	TPO	30.66014887771371				-92.6749200026807	-107.36123913955427
Q818Z9	OG1	116.25938991077017	CB	A	1	85	1.5009975692737811	1.504462589053752	1.5154897160246064	1.6029928375150766	TPO	2-392		1	1	1	2-392	4LR8	TPO	2.0	ok	TPO_single	85	TPO	56.44295316689177				-70.44355353604071	-109.36146819981043
Q818Z9	OG1	123.31820474779605	CB	A	1	85	1.498145793056025	1.5130386009454955	1.5138277724171054	1.618412599386446	TPO	2-392		1	1	1	2-392	4LR9	TPO	2.1	ok	TPO_single	85	TPO	35.68673966707851				-90.84838572155655	-117.08071567919549
Q818Z9	OG1	122.8090459358754	CB	A	1	85	1.4953330702298824	1.5024876812241268	1.5181973719875228	1.6273347339231514	TPO	2-392		1	1	1	2-392	4LRA	TPO	2.0	ok	TPO_single	85	TPO	31.06170493217943				-92.67760239167681	-109.41966046451226
Q818Z9	OG1	121.85689677763989	CB	A	1	85	1.4968756848716875	1.511644389969176	1.5119194587792935	1.6248891583025364	TPO	2-392		1	1	1	2-392	4LRB	TPO	2.0	ok	TPO_single	85	TPO	34.210709621564895				-90.28761789523637	-109.09372625798437
Q818Z9	OG1	121.41149894184227	CB	A	1	85	1.514226646640163	1.5208607926807765	1.5502187220693362	1.6373080937647522	TPO	2-392		1	1	1	2-392	4LRC	TPO	1.89	ok	TPO_single	85	TPO	23.301767265039565				-99.66347920170959	-107.58072675718022
Q818Z9	OG1	120.57849233606682	CB	A	1	85	1.5216575931555827	1.5214837996279649	1.414640465861663	1.7585268668480822	TPO	2-392		1	1	1	2-392	4LRD	TPO	1.78	ok	TPO_single	85	TPO	44.69088462882005				-79.14822772622364	-106.87500206107013
Q818Z9	OG1	121.04844852247209	CB	A	1	85	1.4996604637251334	1.5149726036424556	1.5277804313199155	1.6016800654428431	TPO	2-392		1	1	1	2-392	4LRE	TPO	2.1	ok	TPO_single	85	TPO	43.18047516839782				-75.64649649434536	-108.28300409793255
Q818Z9	OG1	120.56719387289542	CB	A	1	85	1.5048778630019102	1.5092783864783752	1.5115175817543232	1.6116313375037505	TPO	2-392		1	1	1	2-392	4LRF	TPO	2.0	ok	TPO_single	85	TPO	37.072072937017495				-88.06098705012347	-109.79786279387397
Q8DTU0	OG1	120.74292948187689	CB	A	1	92	1.5124154716545706	1.4988279981309471	1.512902340578834	1.5555845343815038	TPO	2-403		1	1	1	2-403	4N7T	TPO	1.996	ok	TPO_single	92	TPO	20.892667468118013				-99.76189067481664	-98.09946289454068
Q8TZX0	OG1	108.70469519332211	CB	B	1	18	1.4823562662937917	1.6093642319694195	1.6185635676027412	1.616342306330913	TPO	1-9,16-250		1	1	1	1-9,16-250	3U02	TPO	2.399	ok	TPO_single	18	TPO	63.680903974282536				-56.088809264987304	-118.21812147366721
Q8Y8H6	OG1	112.73522449195019	CB	A	1	307	1.481919343507406	1.6044292710564496	1.6073380105212873	1.626263491073092	TPO	227-644		1	1	1	227-644	4UOR	TPO	2.194	ok	TPO_single	307	TPO	65.01829856065876				-55.74792012578535	-124.0290525069187
Q99640	OG1	112.908524713027	CB	A	1	260	1.6124243744022129	1.473496967160598	1.613029432450794	1.6235008089846206	TPO	75-361		1	1	1	75-361	5VCV	TPO	1.92	ok	TPO_single	260	TPO	78.12926147496071				-45.329199528202075	-16.78539393574952
Q99683	OG1	113.01885385949163	CB	A	1	838	1.4871116229999255	1.6011725672617128	1.6114311140193656	1.5942682651644589	TPO	670-712,718-747,749-830,834-939		2	1	1	670-712,718-747,749-830,834-939	6E2M	TPO	2.253	ok	TPO_single	838	TPO	46.82763974446129				-72.33673790805874	-127.99159981730173
Q99683	OG1	105.26843514734425	CB	A	1	838	1.4928959669869877	1.6094295355449844	1.6011259727331635	1.6038462169524077	TPO	670-713,717-831,835-939		2	1	1	670-713,717-831,835-939	6E2N	TPO	2.098	ok	TPO_single	838	TPO	73.66311949444949				-48.08232569919402	-136.34118710095404
Q99683	OG1	108.12278327341043	CB	A	1	838	1.5081624539167724	1.5946280107570823	1.5920842804611226	1.603042491493675	TPO	670-713,716-830,835-939		2	1	1	670-713,716-830,835-939	6E2O	TPO	2.389	ok	TPO_single	838	TPO	70.12140026439424				-49.27601940444433	-140.66517931762155
Q9I6W2	OG1	109.73560599719178	CB	C	1	68	1.5084856548016106	1.5121462638264118	1.5120399659210622	1.616995319841593	TPO	1-126		1	1	1	1-126	6KKO	TPO	2.099	ok	TPO_single	68	TPO	41.06595659876817				-81.59905961224675	127.96060565499812
Q9KJX5	OG1	106.40672594409082	CB	A	1	79	1.4856967538168553	1.607289328161578	1.601473804235748	1.6009770104541914	TPO	24-372,375-545		1	1	1	24-372,375-545	5TJ3	TPO	1.7	ok	TPO_single	79	TPO	64.09427656315809				-56.53772223572277	-107.31340167366426
Q9NWZ3	OG1	131.16489329022497	CB	A	1	345	1.5278630215459237	1.5141695619961504	1.5186651913005262	1.6351636328529964	TPO	164-217,221-336,342-458		4	1	1	164-217,221-336,342-458	2NRY	TPO	2.15	ok	TPO_single	345	TPO	-91.72084874207944				134.40412572379202	-68.87626996241684
Q9NWZ3	OG1	116.91153670045748	CB	B	1	345	1.538148583944579	1.539432640597079	1.5398461803510197	1.5399060164687512	TPO	165-216,224-253,257-336,344-405,408-458		4	1	1	165-216,224-253,257-336,344-405,408-458	5UIS	TPO	2.5	ok	TPO_single	345	TPO	100.24283516183047				-31.25987582435939	-10.042643737610534
Q9NWZ3	OG1	110.55322002632508	CB	B	1	345	1.6077805875857838	1.612424628725196	1.4821625227787512	1.6283975371616224	TPO	164-216,221-336,342-458		4	1	1	164-216,221-336,342-458	8UCC	TPO	1.8	ok	TPO_single	345	TPO	78.780317062003				-40.279932887212894	10.081488493848555
Q9NYL2	OG1	120.40904365551418	CB	A	1	161	1.5900576099476647	1.380311013580277	1.6104851484269325	1.642793577326367	TPO	6-161,168-299		1	1	1	6-161,168-299	5HES	TPO	2.14	ok	TPO_single	161	TPO	-19.336026959121146				-140.77184422901752	-141.20722325698296
Q9NYV4	OG1	120.53883027518262	CB	A	1	893	1.5070626806934897	1.5963813772603233	1.6055507538082334	1.6389616866859607	TPO	716-798,807-1046		1	1	1	716-798,807-1046	4NST	TPO	2.2	ok	TPO_single	893	TPO	80.59508783546704				-37.104844921304306	-121.83496982094259
Q9Y2K2	OG1	117.30231137722883	CB	A	1	221	1.5414346210147183	1.5532288015415987	1.52653599744354	1.530014868741596	TPO	61-337,344-384		1	1	1	61-337,344-384	8R4U	TPO	2.416	ok	TPO_single	221	TPO	51.78778724479369				-65.17148303250684	-116.34251852805123
Q9Y2K2	OG1	117.96915258899743	CB	C	1	221	1.5146289398911168	1.5136325289321286	1.5232394705210597	1.6100530885395432	TPO	61-337,344-385		1	1	1	61-337,344-385	8R4V	TPO	1.9	ok	TPO_single	221	TPO	42.75130682163782				-79.88388606903271	-130.3105071277533
