restype_3	acc_id	pdb_id	chain	position	context_n_sites	interaction_class	contact_group	rank1_postmin_rmsd	top3_best_postmin_rmsd
TPO	J3QSS1	9bwt	A	55	2	salt_bridge_like	salt_like	0.7687	0.5757
TPO	J3QSS1	9bwt	A	60	2	none_obvious	other	1.0556	0.6154
TPO	M3TP73	4kuj	B	275	2	hbond_like	other	1.4833	0.6914
TPO	M3TP73	4kuj	B	279	2	salt_bridge_like	salt_like	0.686	0.5332
TPO	M3TP73	4nl0	B	275	2	none_obvious	other	1.2661	0.5732
TPO	M3TP73	4nl0	B	279	2	salt_bridge_like	salt_like	0.7952	0.4385
TPO	O14965	1ol5	A	287	2	water_mediated_like	other	1.298	1.2528
TPO	O14965	1ol5	A	288	2	salt_bridge_like	salt_like	0.7876	0.4613
TPO	O14965	2wtv	A	287	2	hbond_like	other	3.2802	2.8009
TPO	O14965	2wtv	A	288	2	salt_bridge_like	salt_like	0.2074	0.2074
TPO	O14965	3ha6	A	287	2	none_obvious	other	1.5261	1.2009
TPO	O14965	3ha6	A	288	2	salt_bridge_like	salt_like	0.8925	0.276
TPO	O14965	4bn1	A	287	2	salt_bridge_like	salt_like	0.3449	0.3449
TPO	O14965	4bn1	A	288	2	none_obvious	other	2.8646	2.0772
TPO	O14965	5ew9	A	287	2	none_obvious	other	0.2434	0.2434
TPO	O14965	5ew9	A	288	2	none_obvious	other	1.1672	0.4243
TPO	O14965	6i2u	A	287	2	salt_bridge_like	salt_like	0.1517	0.1517
TPO	O14965	6i2u	A	288	2	none_obvious	other	1.0411	1.0411
TPO	O14965	6vph	A	287	2	none_obvious	other	3.5844	3.3149
TPO	O14965	6vph	A	288	2	salt_bridge_like	salt_like	0.7074	0.7074
TPO	O94804	6hxf	C	185	2	salt_bridge_like	salt_like	3.7054	3.5888
TPO	P17252	8u37	A	497	2	salt_bridge_like	salt_like	0.5193	0.5193
TPO	P17252	8u37	A	638	2	salt_bridge_like	salt_like	1.096	0.5051
TPO	P24723	8fp1	A	513	2	salt_bridge_like	salt_like	0.1962	0.1962
TPO	P24723	8fp1	A	656	2	salt_bridge_like	salt_like	0.4303	0.4303
TPO	P24723	8fp3	A	513	2	salt_bridge_like	salt_like	0.2384	0.2384
TPO	P24723	8fp3	A	656	2	salt_bridge_like	salt_like	2.0506	1.1132
TPO	P31751	3d0e	A	309	2	salt_bridge_like	salt_like	0.2565	0.2565
TPO	P31751	3d0e	A	451	2	none_obvious	other	0.3026	0.3026
TPO	P31751	3e87	A	309	2	salt_bridge_like	salt_like	0.2694	0.2694
TPO	P31751	3e87	A	451	2	salt_bridge_like	salt_like	0.785	0.7725
TPO	P31751	3e88	A	309	2	salt_bridge_like	salt_like	0.3083	0.3083
TPO	P31751	3e88	A	451	2	salt_bridge_like	salt_like	0.3485	0.3485
TPO	P33981	4js8	A	675	2	salt_bridge_like	salt_like	0.9328	0.4151
TPO	P33981	4js8	A	686	2	water_mediated_like	other	2.6734	1.8822
TPO	P33981	4o6l	A	675	2	none_obvious	other	0.8488	0.3124
TPO	P33981	4o6l	A	676	2	none_obvious	other	1.2831	1.2801
TPO	P33981	5ap1	A	675	3	water_mediated_like	other	1.4497	0.6252
TPO	P33981	5ap1	A	676	3	water_mediated_like	other	0.7383	0.366
TPO	P33981	7chn	A	675	3	none_obvious	other	0.6692	0.6152
TPO	P33981	7chn	A	676	3	none_obvious	other	1.3564	0.4104
TPO	P33981	7cht	A	675	3	water_mediated_like	other	1.5405	0.5825
TPO	P33981	7cht	A	676	3	water_mediated_like	other	1.1521	0.2876
TPO	P33981	7cja	A	675	2	none_obvious	other	0.9734	0.3682
TPO	P33981	7cja	A	686	2	hbond_like	other	2.8059	1.936
TPO	P41743	5li1	A	412	2	salt_bridge_like	salt_like	0.2602	0.2602
TPO	P41743	5li9	A	412	2	salt_bridge_like	salt_like	0.3674	0.3674
TPO	P41743	5li9	A	564	2	salt_bridge_like	salt_like	0.335	0.335
TPO	P55011	9c0h	A	212	2	none_obvious	other	1.1745	1.1745
TPO	P55011	9c0h	A	217	2	none_obvious	other	1.159	0.9556
TPO	P9WI81	6i2p	A	171	2	salt_bridge_like	salt_like	0.1163	0.1163
TPO	P9WI81	6i2p	A	173	2	none_obvious	other	0.9153	0.8276
TPO	Q13043	3com	B	177	2	hbond_like	other	1.4806	0.7884
TPO	Q13043	3com	B	183	2	salt_bridge_like	salt_like	0.3361	0.3361
TPO	Q13043	8pav	B	177	2	hbond_like	other	1.5992	0.9247
TPO	Q13043	8pav	B	183	2	salt_bridge_like	salt_like	0.2949	0.2949
TPO	Q13043	8paw	B	177	2	hbond_like	other	1.247	0.9361
TPO	Q13043	8paw	B	183	2	salt_bridge_like	salt_like	0.3489	0.3489
TPO	Q13188	5dh3	A	174	2	none_obvious	other	0.5861	0.5861
TPO	Q13188	5dh3	A	180	2	salt_bridge_like	salt_like	2.5667	1.9701
TPO	Q564N5	7l74	A	56	3	none_obvious	other	3.0795	2.4331
TPO	Q564N5	7l74	A	74	3	none_obvious	other	1.3629	1.1752
TPO	Q564N5	7l74	A	79	3	water_mediated_like	other	1.3857	1.0732
TPO	Q94F62	3tl8	A	324	4	salt_bridge_like	salt_like	1.0009	0.3758
TPO	Q94F62	3tl8	A	446	4	salt_bridge_like	salt_like	0.6159	0.4892
TPO	Q94F62	3tl8	A	449	4	salt_bridge_like	salt_like	1.2442	0.4154
TPO	Q94F62	3tl8	A	450	4	salt_bridge_like	salt_like	1.6663	0.8287
TPO	Q94F62	3uim	A	446	5	salt_bridge_like	salt_like	1.0674	0.3741
TPO	Q94F62	3uim	A	449	5	salt_bridge_like	salt_like	1.0715	0.3765
TPO	Q94F62	3uim	A	450	5	salt_bridge_like	salt_like	3.5211	3.266
TPO	Q94F62	3uim	A	455	5	salt_bridge_like	salt_like	1.1783	1.1783
TPO	Q9H8S9	5brk	A	12	2	salt_bridge_like	salt_like	2.0723	1.1701
TPO	Q9H8S9	5brk	A	35	2	salt_bridge_like	salt_like	2.0724	1.397
TPO	Q9NUL5	9kbo	A	253	2	salt_bridge_like	salt_like	3.2702	2.6268
TPO	Q9NWZ3	2o8y	A	342	2	salt_bridge_like	salt_like	0.6919	0.5196
TPO	Q9NWZ3	2o8y	A	345	2	salt_bridge_like	salt_like	1.0843	1.0843
TPO	Q9NWZ3	2oib	D	342	2	salt_bridge_like	salt_like	0.326	0.326
TPO	Q9NWZ3	2oib	D	345	2	salt_bridge_like	salt_like	1.8179	1.1448
TPO	Q9NWZ3	2oic	D	342	2	salt_bridge_like	salt_like	0.6866	0.4984
TPO	Q9NWZ3	2oic	D	345	2	salt_bridge_like	salt_like	1.413	0.8127
TPO	Q9NWZ3	2oid	D	342	2	salt_bridge_like	salt_like	0.3586	0.3586
TPO	Q9NWZ3	2oid	D	345	2	salt_bridge_like	salt_like	1.0414	1.0414
TPO	Q9NWZ3	4rmz	A	342	2	salt_bridge_like	salt_like	0.7912	0.3575
TPO	Q9NWZ3	4rmz	A	345	2	salt_bridge_like	salt_like	1.6716	1.1539
TPO	Q9NWZ3	4y73	C	342	2	salt_bridge_like	salt_like	0.384	0.384
TPO	Q9NWZ3	4y73	C	345	2	salt_bridge_like	salt_like	1.4162	0.7961
TPO	Q9NWZ3	4yo6	A	342	2	salt_bridge_like	salt_like	0.4135	0.4135
TPO	Q9NWZ3	4yo6	A	345	2	salt_bridge_like	salt_like	1.2291	0.4169
TPO	Q9NWZ3	4ztl	D	342	2	salt_bridge_like	salt_like	0.4228	0.4228
TPO	Q9NWZ3	4ztl	D	345	2	salt_bridge_like	salt_like	1.0835	0.9245
TPO	Q9NWZ3	4ztn	A	342	2	salt_bridge_like	salt_like	0.4063	0.4063
TPO	Q9NWZ3	4ztn	A	345	2	salt_bridge_like	salt_like	1.3402	0.6643
TPO	Q9NWZ3	5t1s	C	342	2	salt_bridge_like	salt_like	0.3739	0.3739
TPO	Q9NWZ3	5t1s	C	345	2	salt_bridge_like	salt_like	1.6518	1.0198
TPO	Q9NWZ3	5t1t	C	342	2	salt_bridge_like	salt_like	0.5758	0.5758
TPO	Q9NWZ3	5t1t	C	345	2	salt_bridge_like	salt_like	1.4987	0.842
TPO	Q9NWZ3	5uiu	B	342	2	salt_bridge_like	salt_like	3.6427	3.513
TPO	Q9NWZ3	5uiu	B	345	2	salt_bridge_like	salt_like	1.373	1.0949
TPO	Q9NWZ3	5w85	B	342	2	salt_bridge_like	salt_like	1.0049	1.0049
TPO	Q9NWZ3	5w85	B	345	2	salt_bridge_like	salt_like	1.1375	1.1375
TPO	Q9NWZ3	6f3g	A	342	2	salt_bridge_like	salt_like	1.2391	1.1652
TPO	Q9NWZ3	6f3g	A	345	2	salt_bridge_like	salt_like	1.2147	0.5406
TPO	Q9NWZ3	6mom	D	342	2	salt_bridge_like	salt_like	0.4389	0.4389
TPO	Q9NWZ3	6mom	D	345	2	salt_bridge_like	salt_like	1.5528	1.0667
TPO	Q9NWZ3	6n8g	C	342	2	salt_bridge_like	salt_like	1.0535	1.0535
TPO	Q9NWZ3	6n8g	C	345	2	salt_bridge_like	salt_like	1.8538	1.0393
TPO	Q9NWZ3	6o94	B	342	2	salt_bridge_like	salt_like	0.3757	0.3757
TPO	Q9NWZ3	6o94	B	345	2	salt_bridge_like	salt_like	1.5941	1.2009
TPO	Q9NWZ3	6o95	A	342	2	salt_bridge_like	salt_like	0.6935	0.5276
TPO	Q9NWZ3	6o95	A	345	2	salt_bridge_like	salt_like	1.4669	0.758
TPO	Q9NWZ3	6uya	D	342	2	salt_bridge_like	salt_like	0.3903	0.3903
TPO	Q9NWZ3	6uya	D	345	2	salt_bridge_like	salt_like	1.6858	1.1325
TPO	Q9NWZ3	6vql	C	342	2	salt_bridge_like	salt_like	0.488	0.488
TPO	Q9NWZ3	7c2v	A	342	2	salt_bridge_like	salt_like	1.0372	0.4555
TPO	Q9NWZ3	7c2v	A	345	2	salt_bridge_like	salt_like	1.369	1.0624
TPO	Q9NWZ3	7qg3	A	342	2	salt_bridge_like	salt_like	0.807	0.7388
TPO	Q9NWZ3	7qg3	A	345	2	salt_bridge_like	salt_like	1.8167	0.6601
TPO	Q9NWZ3	8sce	B	342	2	salt_bridge_like	salt_like	0.7358	0.416
TPO	Q9NWZ3	8sce	B	345	2	salt_bridge_like	salt_like	1.387	0.6177
TPO	Q9NWZ3	8tvm	B	342	2	salt_bridge_like	salt_like	0.5676	0.5482
TPO	Q9NWZ3	8tvm	B	345	2	salt_bridge_like	salt_like	1.2658	1.2658
TPO	Q9NWZ3	8tvn	B	342	2	salt_bridge_like	salt_like	3.5184	3.3619
TPO	Q9NWZ3	8tvn	B	345	2	salt_bridge_like	salt_like	1.7347	1.0509
TPO	Q9NWZ3	8tx0	B	342	2	salt_bridge_like	salt_like	3.3067	3.0053
TPO	Q9NWZ3	8tx0	B	345	2	salt_bridge_like	salt_like	1.6655	1.2052
TPO	Q9NWZ3	8ucb	D	342	2	salt_bridge_like	salt_like	0.9112	0.267
TPO	Q9NWZ3	8ucb	D	345	2	salt_bridge_like	salt_like	1.285	1.285
TPO	Q9NWZ3	8v2f	C	342	2	salt_bridge_like	salt_like	0.3968	0.3968
TPO	Q9NWZ3	8v2f	C	345	2	salt_bridge_like	salt_like	1.7357	1.04
TPO	Q9NWZ3	8v2l	B	342	2	salt_bridge_like	salt_like	3.4025	3.1625
TPO	Q9NWZ3	8v2l	B	345	2	salt_bridge_like	salt_like	1.6002	0.8574
TPO	Q9NWZ3	8w3w	A	342	2	salt_bridge_like	salt_like	0.5926	0.5926
TPO	Q9NWZ3	8w3w	A	345	2	salt_bridge_like	salt_like	1.6389	0.8679
TPO	Q9NWZ3	8w3x	A	342	2	salt_bridge_like	salt_like	3.5304	3.3491
TPO	Q9NWZ3	8w3x	A	345	2	salt_bridge_like	salt_like	1.6637	0.915
TPO	Q9NWZ3	9na2	A	342	2	salt_bridge_like	salt_like	0.3027	0.3027
TPO	Q9NWZ3	9na2	A	345	2	salt_bridge_like	salt_like	0.9228	0.9228
TPO	Q9NWZ3	9na3	A	342	2	salt_bridge_like	salt_like	0.4532	0.4532
TPO	Q9NWZ3	9na3	A	345	2	salt_bridge_like	salt_like	1.4833	0.7505
TPO	Q9NWZ3	9na4	C	342	2	salt_bridge_like	salt_like	1.2926	1.2926
TPO	Q9NWZ3	9na4	C	345	2	salt_bridge_like	salt_like	1.3554	1.1004
TPO	Q9NWZ3	9na5	A	342	2	none_obvious	other	0.4296	0.4296
TPO	Q9NWZ3	9na5	A	345	2	salt_bridge_like	salt_like	1.3228	1.2984
TPO	Q9NWZ3	9na6	C	342	2	salt_bridge_like	salt_like	1.6455	1.1195
TPO	Q9NWZ3	9na6	C	345	2	salt_bridge_like	salt_like	1.4651	1.2379
TPO	Q9NWZ3	9pss	A	342	2	salt_bridge_like	salt_like	0.7436	0.7436
TPO	Q9NWZ3	9pss	A	345	2	salt_bridge_like	salt_like	1.5501	1.0342
TPO	Q9NWZ3	9pst	B	342	2	salt_bridge_like	salt_like	1.0541	0.2254
TPO	Q9UKE5	6ra7	A	181	2	salt_bridge_like	salt_like	0.2151	0.2151
TPO	Q9UKE5	6ra7	A	187	2	salt_bridge_like	salt_like	0.2253	0.2253
TPO	Q9UKE5	7xzq	A	181	2	salt_bridge_like	salt_like	0.7306	0.7306
TPO	Q9UKE5	7xzq	A	187	2	salt_bridge_like	salt_like	0.2244	0.2244
TPO	Q9UKE5	7xzr	B	181	2	none_obvious	other	0.4686	0.4686
TPO	Q9UKE5	7xzr	B	187	2	salt_bridge_like	salt_like	0.1422	0.1422
TPO	Q9UKE5	8zml	A	181	2	salt_bridge_like	salt_like	0.299	0.299
TPO	Q9UKE5	8zml	A	187	2	salt_bridge_like	salt_like	0.5109	0.5109
TPO	Q9UQB9	6gr8	A	39	2	hbond_like	other	1.4185	0.8508
TPO	Q9UQB9	6gr8	A	198	2	salt_bridge_like	salt_like	0.6608	0.5845
TPO	Q9UQB9	6gr9	A	39	2	hbond_like	other	1.3381	0.4479
TPO	Q9UQB9	6gr9	A	198	2	salt_bridge_like	salt_like	0.6211	0.6211
SEP	A8IE32	7vcf	B	339	2	none_obvious	other	0.6319	0.6319
SEP	A8IE32	7vcf	B	344	2	salt_bridge_like	salt_like	0.8152	0.8152
SEP	O22476	4oh4	A	1044	3	salt_bridge_like	salt_like	1.4956	0.9954
SEP	O22476	4oh4	A	1060	3	salt_bridge_like	salt_like	0.208	0.208
SEP	O22476	5lpb	A	1044	3	salt_bridge_like	salt_like	0.4262	0.4262
SEP	O22476	5lpb	A	1060	3	salt_bridge_like	salt_like	2.2087	0.8112
SEP	O22476	5lpw	A	1044	3	none_obvious	other	3.7244	1.3169
SEP	O22476	5lpw	A	1060	3	salt_bridge_like	salt_like	1.2125	1.2125
SEP	O22476	5lpy	A	1044	3	none_obvious	other	3.516	0.3406
SEP	O22476	5lpy	A	1060	3	salt_bridge_like	salt_like	2.1837	0.1562
SEP	O22476	5lpz	A	1044	2	none_obvious	other	3.5832	2.5806
SEP	O43781	5y86	A	350	2	salt_bridge_like	salt_like	1.4759	0.6055
SEP	O75460	4yzc	A	724	3	hbond_like	other	0.3812	0.3812
SEP	O75460	4yzc	A	726	3	salt_bridge_like	salt_like	0.2779	0.2779
SEP	O75460	4yzc	A	729	3	salt_bridge_like	salt_like	0.4456	0.4456
SEP	O75460	6w3c	A	724	3	salt_bridge_like	salt_like	1.3112	1.3112
SEP	O75460	6w3c	A	726	3	salt_bridge_like	salt_like	1.3618	0.4433
SEP	O75460	6w3c	A	729	3	salt_bridge_like	salt_like	0.294	0.294
SEP	O75460	6xdd	A	724	3	salt_bridge_like	salt_like	2.9262	1.6067
SEP	O75460	6xdd	A	726	3	salt_bridge_like	salt_like	0.759	0.3793
SEP	O75460	6xdd	A	729	3	salt_bridge_like	salt_like	0.5508	0.5508
SEP	P00517	5vhb	A	140	2	water_mediated_like	other	0.1605	0.1605
SEP	P00517	8sf8	A	140	2	water_mediated_like	other	0.9686	0.3969
SEP	P02752	6hce	A	213	2	none_obvious	other	2.4194	1.558
SEP	P02752	6hce	A	214	2	none_obvious	other	2.1667	1.4575
SEP	P11309	2xix	A	261	2	salt_bridge_like	salt_like	0.2209	0.2209
SEP	P11309	2xix	A	276	2	none_obvious	other	3.5982	2.6868
SEP	P25054	1th1	C	1505	4	salt_bridge_like	salt_like	0.4542	0.4542
SEP	P25054	1th1	C	1507	4	none_obvious	other	0.5329	0.5329
SEP	P25054	1th1	C	1510	4	none_obvious	other	0.943	0.405
SEP	P25321	4wih	A	11	2	water_mediated_like	other	0.254	0.254
SEP	P26361	1r0z	C	422	4	none_obvious	other	1.4563	1.243
SEP	P26361	1r0z	C	660	4	salt_bridge_like	salt_like	2.8858	1.2854
SEP	P31749	6buu	A	477	2	salt_bridge_like	salt_like	1.7991	1.1654
SEP	P31749	6npz	B	477	2	salt_bridge_like	salt_like	0.8676	0.8336
SEP	P32356	5n6n	C	60	2	salt_bridge_like	salt_like	0.6633	0.496
SEP	P32356	5n6n	C	83	2	salt_bridge_like	salt_like	0.5982	0.5982
SEP	Q04759	2jed	A	676	2	salt_bridge_like	salt_like	2.6973	0.9515
SEP	Q04759	2jed	A	695	2	hbond_like	other	0.7884	0.3646
SEP	Q04759	5f9e	A	676	2	salt_bridge_like	salt_like	1.2179	1.2179
SEP	Q04759	5f9e	A	695	2	water_mediated_like	other	2.2366	0.7834
SEP	Q14653	3a77	B	386	2	none_obvious	other	3.0755	0.8731
SEP	Q14653	3a77	B	402	2	hbond_like	other	3.0655	1.0316
SEP	Q15637	4fxw	D	80	2	salt_bridge_like	salt_like	0.8505	0.3455
SEP	Q15637	4fxw	D	82	2	salt_bridge_like	salt_like	0.57	0.57
SEP	Q15796	1khx	A	465	2	water_mediated_like	other	2.8747	0.4439
SEP	Q15796	1khx	A	467	2	hbond_like	other	0.4286	0.4286
SEP	Q15796	6zvq	A	465	2	water_mediated_like	other	3.0035	0.1823
SEP	Q15796	6zvq	A	467	2	hbond_like	other	0.3056	0.3056
SEP	Q96RR4	6cmj	A	345	2	none_obvious	other	1.1245	1.1245
SEP	Q96RR4	6cmj	A	400	2	water_mediated_like	other	3.2832	2.8763
SEP	Q9BYP7	5o26	A	304	2	water_mediated_like	other	1.4024	0.3763
SEP	Q9BYP7	5o26	A	308	2	salt_bridge_like	salt_like	0.9385	0.9385
SEP	Q9NQS7	6gr8	B	893	2	water_mediated_like	other	0.9557	0.4757
SEP	Q9NQS7	6gr8	B	894	2	salt_bridge_like	salt_like	0.6062	0.6062
SEP	Q9NUL5	9kbo	A	249	2	salt_bridge_like	salt_like	0.4421	0.4421
SEP	Q9QZL0	4m69	A	184	2	water_mediated_like	other	2.0027	1.4317
PTR	O60674	2b7a	B	1007	2	salt_bridge_like	salt_like	0.5625	0.5625
PTR	O60674	2b7a	B	1008	2	salt_bridge_like	salt_like	2.1946	1.5783
PTR	O60674	2xa4	A	1007	2	salt_bridge_like	salt_like	1.6287	0.6802
PTR	O60674	2xa4	A	1008	2	none_obvious	other	0.77	0.4951
PTR	O60674	3e62	A	1007	2	salt_bridge_like	salt_like	0.7988	0.3074
PTR	O60674	3e62	A	1008	2	salt_bridge_like	salt_like	0.3956	0.3956
PTR	O60674	3e63	A	1007	2	salt_bridge_like	salt_like	0.5642	0.5642
PTR	O60674	3e63	A	1008	2	salt_bridge_like	salt_like	0.7635	0.4182
PTR	O60674	3e64	A	1007	2	none_obvious	other	1.2714	0.3477
PTR	O60674	3e64	A	1008	2	none_obvious	other	0.4161	0.4161
PTR	O60674	3fup	B	1007	2	salt_bridge_like	salt_like	0.5329	0.5329
PTR	O60674	3fup	B	1008	2	salt_bridge_like	salt_like	3.0221	0.639
PTR	O60674	3iok	A	1007	2	salt_bridge_like	salt_like	0.4588	0.4588
PTR	O60674	3iok	A	1008	2	salt_bridge_like	salt_like	0.9411	0.9411
PTR	O60674	3jy9	A	1007	2	water_mediated_like	other	2.171	0.4159
PTR	O60674	3jy9	A	1008	2	salt_bridge_like	salt_like	0.6319	0.6319
PTR	O60674	3kck	A	1007	2	salt_bridge_like	salt_like	1.2268	1.0717
PTR	O60674	3kck	A	1008	2	salt_bridge_like	salt_like	0.4399	0.4399
PTR	O60674	3krr	A	1007	2	salt_bridge_like	salt_like	0.3932	0.3932
PTR	O60674	3krr	A	1008	2	salt_bridge_like	salt_like	0.9613	0.3276
PTR	O60674	3lpb	B	1007	2	salt_bridge_like	salt_like	0.5765	0.5765
PTR	O60674	3lpb	B	1008	2	salt_bridge_like	salt_like	1.3529	0.492
PTR	O60674	3q32	B	1007	2	salt_bridge_like	salt_like	0.526	0.526
PTR	O60674	3q32	B	1008	2	salt_bridge_like	salt_like	2.5148	1.8983
PTR	O60674	3rvg	A	1007	2	salt_bridge_like	salt_like	1.6842	1.6842
PTR	O60674	3rvg	A	1008	2	salt_bridge_like	salt_like	1.0693	1.0693
PTR	O60674	3tjc	B	1007	2	salt_bridge_like	salt_like	0.8805	0.8805
PTR	O60674	3tjc	B	1008	2	salt_bridge_like	salt_like	1.5045	0.7974
PTR	O60674	4aqc	B	1007	2	salt_bridge_like	salt_like	1.4409	0.526
PTR	O60674	4aqc	B	1008	2	salt_bridge_like	salt_like	2.6413	2.6413
PTR	O60674	4c61	B	1007	2	salt_bridge_like	salt_like	0.1987	0.1987
PTR	O60674	4c61	B	1008	2	salt_bridge_like	salt_like	1.3366	1.2456
PTR	O60674	4d0w	A	1007	2	salt_bridge_like	salt_like	0.9286	0.262
PTR	O60674	4d0w	A	1008	2	water_mediated_like	other	0.7035	0.5002
PTR	O60674	4d0x	A	1007	2	salt_bridge_like	salt_like	1.0233	0.2476
PTR	O60674	4d0x	A	1008	2	salt_bridge_like	salt_like	0.979	0.8005
PTR	O60674	4d1s	A	1007	2	salt_bridge_like	salt_like	2.8103	2.8103
PTR	O60674	4d1s	A	1008	2	salt_bridge_like	salt_like	1.2906	0.5732
PTR	O60674	4e4m	A	1007	2	none_obvious	other	1.9629	0.4238
PTR	O60674	4e4m	A	1008	2	water_mediated_like	other	2.8952	2.4105
PTR	O60674	4e6d	B	1007	2	salt_bridge_like	salt_like	0.5251	0.5251
PTR	O60674	4e6d	B	1008	2	salt_bridge_like	salt_like	1.2393	1.0262
PTR	O60674	4e6q	B	1007	2	salt_bridge_like	salt_like	0.7473	0.7473
PTR	O60674	4e6q	B	1008	2	salt_bridge_like	salt_like	1.6559	0.9756
PTR	O60674	4f09	A	1007	2	salt_bridge_like	salt_like	1.5397	0.8019
PTR	O60674	4f09	A	1008	2	salt_bridge_like	salt_like	0.9426	0.8195
PTR	O60674	4gfm	A	1007	2	none_obvious	other	0.3019	0.3019
PTR	O60674	4gfm	A	1008	2	salt_bridge_like	salt_like	0.707	0.707
PTR	O60674	4gmy	A	1007	2	salt_bridge_like	salt_like	0.7798	0.7798
PTR	O60674	4gmy	A	1008	2	water_mediated_like	other	1.9633	1.0753
PTR	O60674	4hge	B	1007	2	none_obvious	other	0.3785	0.3785
PTR	O60674	4hge	B	1008	2	salt_bridge_like	salt_like	3.3055	1.4687
PTR	O60674	4iva	A	1007	2	salt_bridge_like	salt_like	0.5497	0.5497
PTR	O60674	4iva	A	1008	2	salt_bridge_like	salt_like	2.2671	1.4135
PTR	O60674	4ji9	B	1007	2	salt_bridge_like	salt_like	0.4046	0.4046
PTR	O60674	4ji9	B	1008	2	salt_bridge_like	salt_like	3.2621	0.2565
PTR	O60674	4jia	A	1007	2	salt_bridge_like	salt_like	0.9052	0.9052
PTR	O60674	4jia	A	1008	2	water_mediated_like	other	1.1195	1.1195
PTR	O60674	4p7e	B	1007	2	salt_bridge_like	salt_like	0.6576	0.6576
PTR	O60674	4p7e	B	1008	2	salt_bridge_like	salt_like	0.7189	0.7189
PTR	O60674	4ytc	A	1007	2	salt_bridge_like	salt_like	0.3797	0.3797
PTR	O60674	4ytc	A	1008	2	salt_bridge_like	salt_like	0.7393	0.7393
PTR	O60674	4ytf	A	1007	2	salt_bridge_like	salt_like	0.3783	0.3783
PTR	O60674	4ytf	A	1008	2	salt_bridge_like	salt_like	0.5641	0.5641
PTR	O60674	4yth	A	1007	2	salt_bridge_like	salt_like	0.4849	0.4849
PTR	O60674	4yth	A	1008	2	salt_bridge_like	salt_like	1.4453	1.4453
PTR	O60674	5aep	A	1007	2	water_mediated_like	other	0.2535	0.2535
PTR	O60674	5aep	A	1008	2	salt_bridge_like	salt_like	0.5755	0.5755
PTR	O60674	5cf4	B	1007	2	salt_bridge_like	salt_like	0.3552	0.3552
PTR	O60674	5cf4	B	1008	2	salt_bridge_like	salt_like	3.0119	2.5041
PTR	O60674	5cf5	B	1007	2	salt_bridge_like	salt_like	1.5516	0.9129
PTR	O60674	5cf5	B	1008	2	water_mediated_like	other	0.6504	0.5097
PTR	O60674	5cf6	B	1007	2	salt_bridge_like	salt_like	0.9302	0.9302
PTR	O60674	5cf6	B	1008	2	salt_bridge_like	salt_like	1.5242	1.1302
PTR	O60674	5cf8	B	1007	2	salt_bridge_like	salt_like	0.6002	0.6002
PTR	O60674	5cf8	B	1008	2	salt_bridge_like	salt_like	1.3589	0.4117
PTR	O60674	5tq4	A	1007	2	salt_bridge_like	salt_like	0.6127	0.572
PTR	O60674	5tq4	A	1008	2	salt_bridge_like	salt_like	0.2858	0.2858
PTR	O60674	5tq6	A	1007	2	salt_bridge_like	salt_like	2.2443	1.4456
PTR	O60674	5tq6	A	1008	2	salt_bridge_like	salt_like	1.3294	1.1058
PTR	O60674	5tq7	A	1007	2	salt_bridge_like	salt_like	1.0378	0.3866
PTR	O60674	5tq7	A	1008	2	salt_bridge_like	salt_like	0.7292	0.7292
PTR	O60674	5wev	A	1007	2	salt_bridge_like	salt_like	1.6223	1.6223
PTR	O60674	5wev	A	1008	2	salt_bridge_like	salt_like	0.7728	0.7728
PTR	O60674	6aaj	A	1007	2	salt_bridge_like	salt_like	2.1588	1.2793
PTR	O60674	6aaj	A	1008	2	salt_bridge_like	salt_like	1.1654	0.8678
PTR	O60674	6wtn	A	1007	2	none_obvious	other	0.539	0.539
PTR	O60674	6wtn	A	1008	2	salt_bridge_like	salt_like	2.0721	1.1824
PTR	O60674	6wto	A	1007	2	salt_bridge_like	salt_like	0.2199	0.2199
PTR	O60674	6wto	A	1008	2	salt_bridge_like	salt_like	0.7756	0.7756
PTR	O60674	6wtp	A	1007	2	none_obvious	other	3.5177	3.2677
PTR	O60674	6wtp	A	1008	2	salt_bridge_like	salt_like	1.8873	0.5465
PTR	O60674	6wtq	A	1007	2	none_obvious	other	3.3961	3.1494
PTR	O60674	6wtq	A	1008	2	salt_bridge_like	salt_like	2.7158	1.0853
PTR	O60674	6x8e	B	1007	2	salt_bridge_like	salt_like	0.7434	0.3386
PTR	O60674	6x8e	B	1008	2	salt_bridge_like	salt_like	2.0337	0.3804
PTR	O60674	7q7i	A	1007	2	water_mediated_like	other	0.7348	0.3837
PTR	O60674	7q7i	A	1008	2	salt_bridge_like	salt_like	3.2974	0.7645
PTR	O60674	7q7k	A	1007	2	salt_bridge_like	salt_like	1.2069	0.3397
PTR	O60674	7q7k	A	1008	2	salt_bridge_like	salt_like	1.2781	0.6207
PTR	O60674	7q7l	A	1007	2	salt_bridge_like	salt_like	0.6154	0.6154
PTR	O60674	7q7l	A	1008	2	salt_bridge_like	salt_like	1.2762	1.2762
PTR	O60674	7q7w	A	1007	2	salt_bridge_like	salt_like	0.2683	0.2683
PTR	O60674	7q7w	A	1008	2	salt_bridge_like	salt_like	1.4764	1.2568
PTR	O60674	8bm2	A	1007	2	salt_bridge_like	salt_like	2.8817	0.3871
PTR	O60674	8bm2	A	1008	2	salt_bridge_like	salt_like	2.6977	2.5354
PTR	O60674	8bpv	A	1007	2	salt_bridge_like	salt_like	2.4074	2.3817
PTR	O60674	8bpv	A	1008	2	salt_bridge_like	salt_like	2.9836	2.1805
PTR	O60674	8bpw	A	1007	2	salt_bridge_like	salt_like	1.6146	1.6146
PTR	O60674	8bpw	A	1008	2	salt_bridge_like	salt_like	0.9124	0.9124
PTR	O60674	8bx6	A	1007	2	salt_bridge_like	salt_like	3.0777	2.5588
PTR	O60674	8bx6	A	1008	2	salt_bridge_like	salt_like	2.8517	2.3774
PTR	O60674	8bx9	A	1007	2	salt_bridge_like	salt_like	1.5925	0.6611
PTR	O60674	8bx9	A	1008	2	salt_bridge_like	salt_like	3.0327	1.9753
PTR	O60674	8bxc	A	1007	2	salt_bridge_like	salt_like	3.3477	1.7173
PTR	O60674	8bxc	A	1008	2	water_mediated_like	other	3.1943	2.3407
PTR	O60674	8bxh	A	1007	2	salt_bridge_like	salt_like	1.6716	0.7756
PTR	O60674	8bxh	A	1008	2	salt_bridge_like	salt_like	2.8572	2.2603
PTR	O60674	8g8o	A	1007	2	none_obvious	other	0.346	0.346
PTR	O60674	8g8o	A	1008	2	salt_bridge_like	salt_like	2.014	1.1111
PTR	O60674	8g8x	B	1007	2	water_mediated_like	other	0.2813	0.2813
PTR	O60674	8g8x	B	1008	2	salt_bridge_like	salt_like	0.7304	0.3324
PTR	P00519	5np2	B	70	2	none_obvious	other	3.1541	2.6664
PTR	P00519	5np2	B	115	2	water_mediated_like	other	1.9187	0.2798
PTR	P07949	4cki	A	900	2	none_obvious	other	2.3756	1.6604
PTR	P07949	4cki	A	905	2	salt_bridge_like	salt_like	0.3321	0.3321
PTR	P07949	6fek	A	900	2	water_mediated_like	other	0.9156	0.9156
PTR	P07949	6fek	A	905	2	salt_bridge_like	salt_like	0.2058	0.2058
PTR	P07949	6ne7	A	900	2	none_obvious	other	2.9345	2.4414
PTR	P07949	6ne7	A	905	2	salt_bridge_like	salt_like	0.8137	0.4339
PTR	P07949	6nja	A	900	2	none_obvious	other	2.082	1.1765
PTR	P07949	6nja	A	905	2	salt_bridge_like	salt_like	0.785	0.3308
PTR	P07949	6vhg	A	905	2	none_obvious	other	1.7589	0.9055
PTR	P07949	6vhg	A	928	2	salt_bridge_like	salt_like	0.663	0.663
PTR	P07949	7nzn	A	900	2	none_obvious	other	2.9224	2.2931
PTR	P07949	7nzn	A	905	2	salt_bridge_like	salt_like	0.9007	0.2155
PTR	P08069	2zm3	A	1165	3	salt_bridge_like	salt_like	0.2627	0.2627
PTR	P08069	2zm3	A	1166	3	salt_bridge_like	salt_like	1.3898	0.4763
PTR	P08581	3q6w	A	1234	2	salt_bridge_like	salt_like	3.4564	0.3863
PTR	P08581	3q6w	A	1235	2	salt_bridge_like	salt_like	0.3185	0.3185
PTR	P08581	3r7o	A	1234	2	salt_bridge_like	salt_like	0.7257	0.7257
PTR	P08581	3r7o	A	1235	2	salt_bridge_like	salt_like	0.2319	0.2319
PTR	P08581	4iwd	A	1234	2	salt_bridge_like	salt_like	1.8936	0.9599
PTR	P08581	4iwd	A	1235	2	salt_bridge_like	salt_like	3.447	3.306
PTR	P11362	3gqi	A	653	3	water_mediated_like	other	1.5927	0.9571
PTR	P11362	3gqi	A	654	3	salt_bridge_like	salt_like	0.871	0.871
PTR	P11362	3gqi	A	766	3	none_obvious	other	1.3587	1.3252
PTR	P23458	3eyg	A	1034	2	salt_bridge_like	salt_like	0.7026	0.6132
PTR	P23458	3eyg	A	1035	2	salt_bridge_like	salt_like	0.3193	0.3193
PTR	P23458	3eyh	A	1034	2	salt_bridge_like	salt_like	0.5743	0.5743
PTR	P23458	3eyh	A	1035	2	salt_bridge_like	salt_like	1.1998	0.393
PTR	P23458	4e4l	D	1034	2	salt_bridge_like	salt_like	3.0581	0.5009
PTR	P23458	4e4l	D	1035	2	salt_bridge_like	salt_like	3.3975	0.2779
PTR	P23458	4e4n	A	1034	2	none_obvious	other	1.0099	1.0099
PTR	P23458	4e4n	A	1035	2	none_obvious	other	0.2933	0.2933
PTR	P23458	4e5w	A	1034	2	salt_bridge_like	salt_like	3.3877	0.1302
PTR	P23458	4e5w	A	1035	2	salt_bridge_like	salt_like	0.298	0.298
PTR	P23458	4ehz	A	1034	2	salt_bridge_like	salt_like	1.056	1.056
PTR	P23458	4ehz	A	1035	2	salt_bridge_like	salt_like	0.5491	0.5491
PTR	P23458	4ei4	A	1034	2	none_obvious	other	2.7553	0.6404
PTR	P23458	4ei4	A	1035	2	salt_bridge_like	salt_like	3.1854	0.4596
PTR	P23458	4fk6	A	1034	2	none_obvious	other	1.5122	0.7094
PTR	P23458	4fk6	A	1035	2	salt_bridge_like	salt_like	3.4127	0.221
PTR	P23458	4i5c	B	1034	2	salt_bridge_like	salt_like	2.3159	1.5031
PTR	P23458	4i5c	B	1035	2	water_mediated_like	other	0.1251	0.1251
PTR	P23458	4ivb	A	1034	2	none_obvious	other	0.8753	0.8753
PTR	P23458	4ivb	A	1035	2	none_obvious	other	3.301	2.6983
PTR	P23458	4ivc	A	1034	2	salt_bridge_like	salt_like	1.5702	1.1052
PTR	P23458	4ivc	A	1035	2	salt_bridge_like	salt_like	3.2449	0.6818
PTR	P23458	4ivd	A	1034	2	salt_bridge_like	salt_like	0.3436	0.3436
PTR	P23458	4ivd	A	1035	2	salt_bridge_like	salt_like	3.2809	2.7182
PTR	P23458	4k77	A	1034	2	none_obvious	other	2.8971	1.305
PTR	P23458	4k77	A	1035	2	salt_bridge_like	salt_like	3.1842	0.7581
PTR	P23458	5e1e	B	1034	2	salt_bridge_like	salt_like	3.1629	0.4103
PTR	P23458	5e1e	B	1035	2	salt_bridge_like	salt_like	0.3721	0.3721
PTR	P23458	5hx8	A	1034	2	salt_bridge_like	salt_like	0.4627	0.4627
PTR	P23458	5hx8	A	1035	2	salt_bridge_like	salt_like	3.3867	0.1978
PTR	P23458	5khw	A	1034	2	water_mediated_like	other	1.9625	1.4819
PTR	P23458	5khw	A	1035	2	none_obvious	other	1.319	0.4824
PTR	P23458	5khx	A	1034	2	salt_bridge_like	salt_like	1.1416	1.1416
PTR	P23458	5khx	A	1035	2	salt_bridge_like	salt_like	0.9033	0.6917
PTR	P23458	5wo4	A	1034	2	none_obvious	other	3.2335	0.5937
PTR	P23458	5wo4	A	1035	2	salt_bridge_like	salt_like	0.1309	0.1309
PTR	P23458	6aah	B	1034	2	salt_bridge_like	salt_like	3.3519	1.2114
PTR	P23458	6aah	B	1035	2	salt_bridge_like	salt_like	3.1681	0.5137
PTR	P23458	6bbu	A	1034	2	salt_bridge_like	salt_like	0.5885	0.5885
PTR	P23458	6bbu	A	1035	2	salt_bridge_like	salt_like	0.3638	0.3638
PTR	P23458	6dbn	A	1034	2	salt_bridge_like	salt_like	1.2096	1.2096
PTR	P23458	6dbn	A	1035	2	water_mediated_like	other	3.0308	2.5446
PTR	P23458	6elr	A	1034	2	salt_bridge_like	salt_like	3.3215	0.2099
PTR	P23458	6elr	A	1035	2	salt_bridge_like	salt_like	0.2878	0.2878
PTR	P23458	6ggh	A	1034	2	none_obvious	other	0.4018	0.4018
PTR	P23458	6ggh	A	1035	2	none_obvious	other	3.0394	0.3719
PTR	P23458	6hzu	A	1034	2	water_mediated_like	other	2.7038	0.2931
PTR	P23458	6hzu	A	1035	2	salt_bridge_like	salt_like	3.2012	0.5206
PTR	P23458	6n77	A	1034	2	water_mediated_like	other	2.5832	1.1849
PTR	P23458	6n77	A	1035	2	salt_bridge_like	salt_like	0.802	0.6264
PTR	P23458	6n78	A	1034	2	salt_bridge_like	salt_like	0.818	0.5934
PTR	P23458	6n78	A	1035	2	salt_bridge_like	salt_like	0.6593	0.5367
PTR	P23458	6n79	A	1034	2	none_obvious	other	3.3122	2.5811
PTR	P23458	6n79	A	1035	2	salt_bridge_like	salt_like	3.2392	0.7581
PTR	P23458	6n7a	B	1034	2	salt_bridge_like	salt_like	0.4321	0.4321
PTR	P23458	6n7a	B	1035	2	salt_bridge_like	salt_like	0.9829	0.3753
PTR	P23458	6n7b	A	1034	2	none_obvious	other	1.3175	1.3175
PTR	P23458	6n7b	A	1035	2	salt_bridge_like	salt_like	2.8513	0.9915
PTR	P23458	6n7c	A	1034	2	salt_bridge_like	salt_like	0.4979	0.4979
PTR	P23458	6n7c	A	1035	2	salt_bridge_like	salt_like	0.7771	0.4279
PTR	P23458	6n7d	A	1034	2	none_obvious	other	3.3507	2.9805
PTR	P23458	6n7d	A	1035	2	salt_bridge_like	salt_like	0.428	0.428
PTR	P23458	6rsb	A	1034	2	salt_bridge_like	salt_like	0.3371	0.3371
PTR	P23458	6rsb	A	1035	2	salt_bridge_like	salt_like	0.8103	0.8103
PTR	P23458	6rsc	A	1034	2	salt_bridge_like	salt_like	0.5769	0.5769
PTR	P23458	6rsc	A	1035	2	salt_bridge_like	salt_like	0.3914	0.3914
PTR	P23458	6rsd	A	1034	2	salt_bridge_like	salt_like	0.4797	0.4797
PTR	P23458	6rsd	A	1035	2	salt_bridge_like	salt_like	3.3546	0.4646
PTR	P23458	6rse	A	1034	2	salt_bridge_like	salt_like	0.6638	0.4793
PTR	P23458	6rse	A	1035	2	salt_bridge_like	salt_like	0.5976	0.5976
PTR	P23458	6rsh	A	1034	2	salt_bridge_like	salt_like	0.9573	0.2589
PTR	P23458	6rsh	A	1035	2	none_obvious	other	0.4328	0.4328
PTR	P23458	6sm8	A	1034	2	salt_bridge_like	salt_like	0.935	0.4294
PTR	P23458	6sm8	A	1035	2	salt_bridge_like	salt_like	0.5082	0.5082
PTR	P23458	6smb	A	1034	2	none_obvious	other	2.9348	0.7244
PTR	P23458	6smb	A	1035	2	salt_bridge_like	salt_like	3.3741	3.0151
PTR	P23458	6tpf	A	1034	2	salt_bridge_like	salt_like	1.6312	1.6312
PTR	P23458	6tpf	A	1035	2	salt_bridge_like	salt_like	0.2862	0.2862
PTR	P23458	6w8l	A	1034	2	salt_bridge_like	salt_like	0.4965	0.4965
PTR	P23458	6w8l	A	1035	2	salt_bridge_like	salt_like	1.1389	0.2818
PTR	P23458	8s85	A	1034	2	none_obvious	other	0.7031	0.7031
PTR	P23458	8s85	A	1035	2	salt_bridge_like	salt_like	3.1129	0.3911
PTR	P29597	7uyr	A	1054	2	salt_bridge_like	salt_like	1.7737	0.9706
PTR	P29597	7uyr	A	1055	2	salt_bridge_like	salt_like	0.5332	0.5332
PTR	P29597	7uys	A	1054	2	salt_bridge_like	salt_like	0.4986	0.4986
PTR	P29597	7uys	A	1055	2	water_mediated_like	other	3.3711	2.7381
PTR	P29597	7uyt	A	1054	2	salt_bridge_like	salt_like	1.4684	0.5193
PTR	P29597	7uyt	A	1055	2	salt_bridge_like	salt_like	0.9642	0.7303
PTR	P29597	7uyu	A	1054	2	salt_bridge_like	salt_like	0.6395	0.4425
PTR	P29597	7uyu	A	1055	2	none_obvious	other	3.3128	2.8274
PTR	P35968	3c7q	A	1054	2	salt_bridge_like	salt_like	1.0677	0.8153
PTR	P35968	3c7q	A	1059	2	water_mediated_like	other	3.2911	1.0901
PTR	P43405	4yjq	A	525	2	salt_bridge_like	salt_like	3.072	2.6073
PTR	P43405	4yjq	A	526	2	salt_bridge_like	salt_like	1.0141	0.2025
PTR	P43405	4yjr	A	525	2	salt_bridge_like	salt_like	0.9342	0.9342
PTR	P43405	4yjr	A	526	2	salt_bridge_like	salt_like	1.2684	0.4085
PTR	P43405	4yjt	A	525	2	salt_bridge_like	salt_like	0.3692	0.3692
PTR	P43405	4yjt	A	526	2	salt_bridge_like	salt_like	1.0642	1.0642
PTR	P43405	4yju	A	525	2	salt_bridge_like	salt_like	0.6249	0.6249
PTR	P43405	4yju	A	526	2	salt_bridge_like	salt_like	0.9713	0.1819
PTR	P43405	4yjv	A	525	2	salt_bridge_like	salt_like	0.6117	0.4461
PTR	P43405	4yjv	A	526	2	salt_bridge_like	salt_like	3.5087	3.2003
PTR	P43405	5c26	A	525	2	salt_bridge_like	salt_like	0.7162	0.6007
PTR	P43405	5c26	A	526	2	salt_bridge_like	salt_like	0.8578	0.8578
PTR	P43405	5c27	A	525	2	salt_bridge_like	salt_like	0.4526	0.4526
PTR	P43405	5c27	A	526	2	salt_bridge_like	salt_like	0.9742	0.9742
PTR	P43405	8rrq	A	525	2	salt_bridge_like	salt_like	2.3013	2.3013
PTR	P43405	8rrq	A	526	2	water_mediated_like	other	0.924	0.5804
PTR	P43405	8rrz	A	525	2	salt_bridge_like	salt_like	3.3626	1.3158
PTR	P43405	8rrz	A	526	2	water_mediated_like	other	0.5456	0.5456
PTR	P52333	3zc6	A	980	2	salt_bridge_like	salt_like	0.8876	0.6377
PTR	P52333	3zc6	A	981	2	salt_bridge_like	salt_like	1.7365	0.5356
PTR	P52333	3zep	C	980	2	salt_bridge_like	salt_like	1.5576	0.6822
PTR	P52333	3zep	C	981	2	salt_bridge_like	salt_like	3.403	3.2294
PTR	P52333	6hzv	B	980	2	salt_bridge_like	salt_like	1.1052	0.7711
PTR	P52333	6hzv	B	981	2	salt_bridge_like	salt_like	1.1279	0.9299
PTR	P52333	7c3n	A	980	2	salt_bridge_like	salt_like	0.9746	0.9746
PTR	P52333	7c3n	A	981	2	salt_bridge_like	salt_like	2.2949	0.8349
PTR	P52333	7uyv	B	980	2	none_obvious	other	0.5454	0.5454
PTR	P52333	7uyv	B	981	2	salt_bridge_like	salt_like	0.8536	0.8536
PTR	P54762	5mja	B	647	2	none_obvious	other	1.0508	0.2003
PTR	P54762	5mja	B	778	2	salt_bridge_like	salt_like	0.8773	0.8773
PTR	P54762	5mjb	B	647	2	salt_bridge_like	salt_like	0.2667	0.2667
PTR	P54762	5mjb	B	778	2	salt_bridge_like	salt_like	0.4779	0.4779
PTR	Q00944	2j0l	A	576	2	water_mediated_like	other	1.5254	0.7318
PTR	Q00944	2j0l	A	577	2	salt_bridge_like	salt_like	0.6221	0.6221
