comparison	acc_id	position	modified_structures_n	unmodified_structures_n	modified_anchor_basic_median_A	unmodified_anchor_basic_median_A	difference_A	both_state_medians_within8
TPO/THR	A0A0R6L508	285	10	2	3.710662144537694	3.6017677102494194	0.1088944342882745	True
TPO/THR	A1YYW7	89	1	2	3.4838033588929074	3.385062730958243	0.09874062793466454	True
TPO/THR	D3KVM3	276	1	6	8.858404543368204	11.739977079136368	-2.8815725357681643	False
TPO/THR	O14965	287	8	45	5.832644279942588	4.507358011055104	1.325286268887484	True
TPO/THR	O14965	288	44	20	5.6558978551414265	6.6738702909790275	-1.017972435837601	True
TPO/THR	O43293	265	1	5	7.425159461064445	7.719544930769465	-0.2943854697050199	True
TPO/THR	O43318	187	1	1	4.140384303866321	10.002678051199906	-5.862293747333585	False
TPO/THR	O75385	180	11	1	4.177702828842068	4.286895987585228	-0.10919315874316027	True
TPO/THR	O75531	3	1	17	4.185662648463244	3.2393825742035682	0.9462800742596755	True
TPO/THR	O94804	185	1	4	5.006818411763008	9.295294218025752	-4.288475806262745	False
TPO/THR	O94804	208	1	7	12.635583982594545	9.889422568685212	2.7461614139093324	False
TPO/THR	O96013	562	2	24	7.2117511438750155	7.348027913602696	-0.13627676972768032	True
TPO/THR	P24941	160	95	188	4.453356482688827	5.917339271746051	-1.4639827890572237	True
TPO/THR	P28482	185	5	89	4.53293611411149	7.144320443778272	-2.611384329666782	True
TPO/THR	P31749	308	12	8	4.261387865978352	5.927878480549712	-1.6664906145713596	True
TPO/THR	P33981	675	6	4	8.723202137609189	11.07062055914951	-2.347418421540322	False
TPO/THR	P33981	676	4	3	8.502093578425365	10.874543180971887	-2.3724496025465225	False
TPO/THR	P33981	686	15	20	6.683435050086714	5.730393646630775	0.9530414034559387	True
TPO/THR	P42527	612	1	7	7.083739769548373	8.454071681073529	-1.370331911525156	False
TPO/THR	P47811	180	1	64	3.6556617004232685	5.100936861291444	-1.4452751608681758	True
TPO/THR	P48730	220	4	36	7.796768550437582	7.527815376820099	0.26895317361748283	True
TPO/THR	P49759	342	3	28	5.870932278481136	3.0452522432621896	2.825680035218946	True
TPO/THR	P49841	277	1	58	8.447347141220618	8.204769314857312	0.2425778263633056	False
TPO/THR	P61006	72	2	10	7.9855903974096165	8.0834906093487	-0.09790021193908416	False
TPO/THR	P63086	183	1	68	3.83719760613235	7.101002188926021	-3.263804582793671	True
TPO/THR	P9WI81	173	1	1	7.459242714540736	8.523276417182103	-1.0640337026413675	False
TPO/THR	Q13153	423	10	6	4.448963241490766	4.052657186992704	0.3963060544980621	True
TPO/THR	Q13188	174	1	1	5.006919968242973	4.746032025936682	0.2608879423062911	True
TPO/THR	Q13188	180	1	1	3.985392215825263	7.9122709186987885	-3.9268787028735255	True
TPO/THR	Q16539	180	3	74	5.611783904452422	5.086236697606031	0.5255472068463911	True
TPO/THR	Q564N5	56	1	2	12.258050148833831	10.686367102059414	1.5716830467744174	False
TPO/THR	Q564N5	74	1	2	7.605553433197665	8.147432425421819	-0.541878992224154	False
TPO/THR	Q564N5	79	1	2	12.424712299929736	12.073713041972205	0.35099925795753073	False
TPO/THR	Q79V60	432	1	1	4.9466412157717095	5.540961684054259	-0.5943204682825494	True
TPO/THR	Q818Z9	85	15	1	3.371776878314985	3.2798441643586864	0.09193271395629843	True
TPO/THR	Q8DTU0	92	1	1	3.562422827713312	3.6522399368854517	-0.08981710917213981	True
TPO/THR	Q94F62	312	1	1	5.113464891227671	5.705918359053142	-0.5924534678254716	True
TPO/THR	Q94F62	455	1	1	4.127433139393997	2.7978833302764947	1.329549809117502	True
TPO/THR	Q99640	260	1	13	5.803716907435416	6.5604089884452845	-0.7566920810098683	True
TPO/THR	Q99683	838	3	3	4.646545587762082	7.495777046749995	-2.849231458987913	True
TPO/THR	Q9H2G2	183	1	1	3.523693501819005	7.823125912526587	-4.299432410707581	True
TPO/THR	Q9H8S9	35	1	4	4.746483268159459	4.99486237029112	-0.24837910213166126	True
TPO/THR	Q9I6W2	68	1	1	5.436642202693513	6.684422696204184	-1.247780493510671	True
TPO/THR	Q9NWZ3	342	38	14	4.051313260953373	5.990422483198392	-1.939109222245019	True
TPO/THR	Q9NWZ3	345	61	1	4.601988158451718	11.901344246147286	-7.299356087695568	False
TPO/THR	Q9NYL2	161	1	4	4.033044500925726	3.803405562744971	0.22963893818075487	True
TPO/THR	Q9QZL0	231	1	3	6.344166558283705	14.5458518566989	-8.201685298415194	False
SEP/SER	O06976	46	1	2	10.538660505482744	10.370408751365455	0.1682517541172892	False
SEP/SER	O22476	1060	4	1	4.012210203160229	4.962586467687176	-0.9503762645269473	True
SEP/SER	O31465	74	1	2	2.664084731555914	3.1448361473025632	-0.48075141574664926	True
SEP/SER	O32723	57	1	1	8.431903804131732	12.811117046370311	-4.379213242238579	False
SEP/SER	O43293	50	1	5	4.824134358599429	7.381245980726987	-2.5571116221275574	True
SEP/SER	O43318	192	1	14	4.772550108651551	2.7428256894135714	2.0297244192379793	True
SEP/SER	O43683	969	3	1	5.690011746220898	4.576912168284026	1.1130995779368718	True
SEP/SER	O75385	87	3	10	7.322744027486233	8.11216305410742	-0.7894190266211867	False
SEP/SER	O75460	724	3	7	3.627666810552362	5.605884785672777	-1.978217975120415	True
SEP/SER	O75460	726	3	7	4.643437516824919	5.771596825602842	-1.1281593087779225	True
SEP/SER	O75460	729	3	6	4.566788080873495	4.55751057791341	0.009277502960085116	True
SEP/SER	O75531	4	1	17	3.8264302229611635	5.5046983967941125	-1.678268173832949	True
SEP/SER	O94804	191	1	1	3.9497710901110827	6.2966231390057	-2.346852048894617	True
SEP/SER	P00517	140	2	3	4.8161596288719295	4.935544248685419	-0.11938461981348958	True
SEP/SER	P04629	677	4	25	6.754859227967916	7.543397614329965	-0.788538386362049	True
SEP/SER	P07515	46	1	1	10.216131925010384	10.213143821405115	0.002988103605268577	False
SEP/SER	P08149	465	3	12	3.883355131428329	4.60395424577662	-0.7205991143482913	True
SEP/SER	P08200	113	1	24	6.39262973935079	5.8413104653171395	0.5513192740336503	True
SEP/SER	P11309	261	55	94	5.503828780023155	5.742387853689069	-0.23855907366591378	True
SEP/SER	P11309	276	1	148	4.434142191122591	4.017078314463401	0.4170638766591903	True
SEP/SER	P20906	26	1	33	5.6405384745571645	4.249421215276836	1.3911172592803283	True
SEP/SER	P23874	150	1	4	3.9474850719921633	7.85501308306784	-3.907528011075677	True
SEP/SER	P26276	108	4	1	3.480881130674913	3.0004709043512015	0.48041022632371133	True
SEP/SER	P26361	660	1	4	4.450972383438006	3.788931816737847	0.662040566700159	True
SEP/SER	P27361	286	1	3	9.700743231157107	9.387493450071005	0.31324978108610146	False
SEP/SER	P31749	477	2	8	4.820766714451862	7.912523046747439	-3.091756332295577	True
SEP/SER	P33284	15	1	5	5.2121100809244	4.837277355166258	0.3748327257581421	True
SEP/SER	P33981	677	4	3	12.43882279495487	7.97766958514303	4.46115320981184	False
SEP/SER	P35557	411	1	13	7.510406171715192	9.024983294671923	-1.514577122956731	False
SEP/SER	P36871	117	4	7	4.141791677134869	3.0759641999249054	1.0658274772099632	True
SEP/SER	P41743	484	1	1	5.010718214387533	4.968291813325914	0.04242640106161932	True
SEP/SER	P49759	341	3	27	3.3451130997790695	5.418201903756568	-2.0730888039774986	True
SEP/SER	P52956	126	1	1	3.1896534416032387	2.6394964578374274	0.5501569837658113	True
SEP/SER	P61006	111	2	13	7.042479546155438	7.371724212318807	-0.329244666163369	True
SEP/SER	P62987	65	2	14	9.719190139354975	9.456423197844117	0.2627669415108578	False
SEP/SER	P68400	2	1	91	17.142263786934034	15.43990165783897	1.7023621290950643	False
SEP/SER	P96356	78	3	6	4.632828708827476	5.421102600372768	-0.788273891545292	True
SEP/SER	Q14653	386	2	5	7.545866785317147	10.637831820466223	-3.0919650351490766	False
SEP/SER	Q14653	402	1	4	10.903247563724154	10.126451076785433	0.7767964869387214	False
SEP/SER	Q15637	82	1	1	3.2712113095357336	4.994436766422521	-1.7232254568867877	True
SEP/SER	Q15843	65	2	5	7.6929049805849825	10.123805729775402	-2.4309007491904193	False
SEP/SER	Q582V7	71	2	1	4.669634525814985	12.558979889457135	-7.88934536364215	False
SEP/SER	Q5ZSZ6	54	2	3	3.9030000516909116	4.352699135182013	-0.449699083491101	True
SEP/SER	Q94F62	290	1	1	4.002241503019648	4.5459314657550856	-0.5436899627354377	True
SEP/SER	Q96RR4	345	1	13	7.564151633777738	8.455910562179463	-0.8917589284017255	False
SEP/SER	Q96RR4	400	1	13	5.039332457287952	6.034864176938509	-0.9955317196505566	True
SEP/SER	Q9BYP7	304	4	1	6.652100666941029	5.144787885569105	1.5073127813719243	True
SEP/SER	Q9BYP7	308	1	4	3.3043776554104567	7.246586135557649	-3.9422084801471926	True
SEP/SER	Q9H2G2	189	1	2	8.685036622704073	13.195687168305984	-4.51065054560191	False
SEP/SER	Q9HCE5	399	3	6	5.493157218979175	5.960352640797218	-0.46719542181804297	True
SEP/SER	Q9KWY4	84	3	1	3.495336449988844	3.535590051747132	-0.04025360175828796	True
SEP/SER	Q9NWF9	719	1	1	9.961009945770348	8.50200450422297	1.4590054415473777	False
SEP/SER	Q9NWZ3	346	58	5	7.452846516997408	7.956720371123057	-0.5038738541256498	True
SEP/SER	Q9QZL0	184	1	1	5.8565038602971855	6.215206147358518	-0.3587022870613321	True
SEP/SER	Q9QZL0	232	1	3	3.9043675790804473	10.91809091771992	-7.0137233386394735	False
SEP/SER	Q9UBU7	226	2	5	13.423048127940369	14.264081325195216	-0.8410331972548466	False
PTR/TYR	O15151	99	1	11	8.718965671345329	11.45179533599475	-2.7328296646494223	False
PTR/TYR	O60674	1007	82	5	3.6684101666230333	3.859241732940241	-0.19083156631720755	True
PTR/TYR	O60674	1008	61	26	4.646194861951957	4.259273367582145	0.3869214943698127	True
PTR/TYR	P00519	70	1	23	7.728690955197761	8.380841593785783	-0.6521506385880222	False
PTR/TYR	P00519	115	1	23	9.869178251332265	11.947807330311532	-2.078629078979267	False
PTR/TYR	P00519	393	8	15	3.73197622952967	3.570040111669608	0.161936117860062	True
PTR/TYR	P00520	393	2	11	4.39314606373365	2.947350600493613	1.445795463240037	True
PTR/TYR	P00523	416	1	2	3.2909107079511157	6.170881665661877	-2.8799709577107615	True
PTR/TYR	P00523	527	1	43	4.208412342342276	6.175130243958132	-1.9667179016158558	True
PTR/TYR	P01112	64	1	131	12.285211431316732	11.877612914212728	0.4075985171040042	False
PTR/TYR	P06239	394	19	3	3.7517719728146117	4.539724297998314	-0.787952325183702	True
PTR/TYR	P06612	319	1	10	3.498043884591615	4.123297209041787	-0.6252533244501723	True
PTR/TYR	P06786	782	1	1	3.3638850764173354	3.5412361794508462	-0.17735110303351087	True
PTR/TYR	P07332	713	1	4	3.836421428005666	3.280072468509041	0.5563489594966251	True
PTR/TYR	P07949	900	5	7	7.27229682242102	7.196190820648034	0.07610600177298643	True
PTR/TYR	P07949	905	12	7	3.702527608229438	3.432627742712593	0.269899865516845	True
PTR/TYR	P07949	928	2	17	3.742852794819842	3.6491578953244685	0.09369489949537346	True
PTR/TYR	P08069	1165	1	7	4.48135782949724	2.933307427380474	1.548050402116766	True
PTR/TYR	P08069	1166	1	7	3.724281849653657	7.7634303099567745	-4.039148460303117	True
PTR/TYR	P08581	1234	3	71	3.518638143404058	3.4346396860720114	0.0839984573320467	True
PTR/TYR	P08581	1235	3	69	3.5062149957863085	3.033752364577055	0.47246263120925347	True
PTR/TYR	P11362	653	1	37	7.01497569127571	5.352885624688439	1.6620900665872709	True
PTR/TYR	P11362	654	1	37	3.9592567965151924	11.100839880410255	-7.141583083895063	False
PTR/TYR	P12931	530	2	2	3.3231196669139393	5.619263746721696	-2.296144079807757	True
PTR/TYR	P21802	561	1	23	4.940035731139289	4.881951236174381	0.05808449496490731	True
PTR/TYR	P21802	656	1	22	2.9680987782763575	7.622044882786158	-4.6539461045098	True
PTR/TYR	P22681	371	2	1	4.510608956544733	11.047535651758551	-6.536926695213818	False
PTR/TYR	P23458	1034	41	1	3.4621538651585944	3.5660060166065057	-0.10385215144791138	True
PTR/TYR	P24941	15	1	396	9.765105228929098	6.904230581630806	2.860874647298292	False
PTR/TYR	P27361	204	1	2	2.4518741727108404	3.4598644544302055	-1.007990281719365	True
PTR/TYR	P28482	187	5	91	4.2166675321973965	3.4745034290399293	0.7421641031574673	True
PTR/TYR	P29317	772	1	24	3.1750062515107174	4.642175232907128	-1.4671689813964108	True
PTR/TYR	P29320	701	4	23	5.412346028924592	5.4619053825489985	-0.049559353624406555	True
PTR/TYR	P29322	793	1	1	3.2268985428102868	3.9644326001257664	-0.7375340573154796	True
PTR/TYR	P29597	1054	15	10	3.4268493272286658	3.677819165276804	-0.25096983804813844	True
PTR/TYR	P29597	1055	4	21	3.366096992496682	3.4108429686681783	-0.04474597617149634	True
PTR/TYR	P35968	1054	1	16	3.3033662082619384	6.777045770439637	-3.4736795621776984	True
PTR/TYR	P35968	1059	1	18	9.27460844448751	2.8540402237003732	6.420568220787137	False
PTR/TYR	P43405	525	14	63	4.326547321639819	4.340120330998908	-0.013573009359088672	True
PTR/TYR	P43405	526	9	67	3.709687572018567	3.5664794070789307	0.14320816493963617	True
PTR/TYR	P47811	182	1	81	3.416773076766871	9.082722952246929	-5.665949875480058	False
PTR/TYR	P49841	216	23	35	4.238985939414769	8.003207876727695	-3.764221937312926	False
PTR/TYR	P52333	980	5	25	5.161237607511413	3.7430983456038516	1.418139261907561	True
PTR/TYR	P52333	981	5	22	5.040944549402457	4.205480604954337	0.8354639444481204	True
PTR/TYR	P54762	647	4	1	3.1877594371208122	5.303747829445226	-2.1159883923244136	True
PTR/TYR	P63086	185	1	67	3.914600756816491	3.52306594884145	0.3915348079750407	True
PTR/TYR	P9WG47	129	5	1	4.712141471981411	3.2096183999983823	1.502523071983029	True
PTR/TYR	Q00944	576	1	1	7.5135759704491285	3.789592001936566	3.7239839685125626	True
PTR/TYR	Q00944	577	1	1	3.2250892827815947	3.621240748862232	-0.39615146608063734	True
PTR/TYR	Q07912	284	1	6	3.2937585131810136	3.626179556557144	-0.3324210433761303	True
PTR/TYR	Q13191	363	1	11	4.415174132986965	11.041178243607904	-6.626004110620939	False
PTR/TYR	Q13882	342	1	5	7.7766970221169	5.846533051776048	1.9301639703408515	True
PTR/TYR	Q16539	182	5	79	4.378282321398381	8.837373025624318	-4.459090704225937	False
PTR/TYR	Q7CWV1	405	4	4	3.3588870113005616	3.661693250584416	-0.3028062392838544	True
PTR/TYR	Q92731	488	1	31	7.917993295737599	7.44889608947293	0.469097206264669	True
PTR/TYR	Q9WV60	216	1	4	3.981079403123613	6.572133073130582	-2.5910536700069686	True
