acc_id	anchor_atom	angle_base_anchor_p	base_atom	chain_id	context_n_sites	context_signature	d_P_O1P	d_P_O2P	d_P_O3P	d_anchor_p	expected_resname	mapped_uniprot_range	master_phospho_sites	master_site_count	n_context_sites_input	n_target_sites	observed_uniprot_range	pdb_id	resname	resolution	status	subset_class	target_position	target_site_residues	torsion_CD1_CE1_CZ_OH	torsion_CG2_CB_OG1_CA	torsion_N_CA_CB_OG1
A0A0R6L508	OG1		CB	A	1	285					THR	219-541		1	1	1	219-541	5GRR	THR	1.45	ok	THR_single	285	THR		57.43484217431414	-139.4734068723249
A0A0R6L508	OG1		CB	A	1	285					THR	219-413,425-541		1	1	1	219-413,425-541	5LRM	THR	1.75	ok	THR_single	285	THR		58.177460785788654	-140.40995892737473
A1YYW7	OG1		CB	A	1	89					THR	31-556		1	1	1	31-556	3Q3Q	THR	1.953	ok	THR_single	89	THR		57.2190548792094	-119.67610872583926
A1YYW7	OG1		CB	A	1	89					THR	31-559		1	1	1	31-559	5XWK	THR	1.901	ok	THR_single	89	THR		54.00103113716494	-113.56356212826195
D3KVM3	OG1		CB	B	1	12					THR	1-511		2	1	1	1-511	5AZI	THR	2.45	ok	THR_single	12	THR		61.00005788823672	123.3685625983482
L7N686	OG1		CB	A	1	39					THR	2-196		1	1	1	2-196	8AN4	THR	1.65	ok	THR_single	39	THR		58.3045131752082	-113.20809326525756
L7N686	OG1		CB	A	1	39					THR	2-89,92-197		1	1	1	2-89,92-197	8AN5	THR	1.44	ok	THR_single	39	THR		57.18548237796237	123.68093644644217
M1UWB5	OG1		CB	A	1	683					THR	448-746,753-807		1	1	1	448-746,753-807	9FMO	THR	2.487	ok	THR_single	683	THR		58.83086627066488	-120.14991620565121
O00267				Z	1	775					THR	160-397,417-645,702-767,771-781		2	1	1	160-397,417-645,702-767,771-781	9MLC	THR	2.4	missing_required_atoms:OG1,CB	THR_single	775	THR			
O14965	OG1		CB	A	1	288					THR	126-285,288-388		2	1	1	126-285,288-388	1MQ4	THR	1.9	ok	THR_single	288	THR		60.473800183104956	-125.56098563848234
O14965	OG1		CB	A	1	288					THR	126-285,288-389		2	1	1	126-285,288-389	2DWB	THR	2.5	ok	THR_single	288	THR		59.24538436033287	-126.23704153095683
O14965	OG1		CB	A	1	287					THR	125-389		2	1	1	125-389	3E5A	THR	2.3	ok	THR_single	287	THR		58.84731347721679	118.3401639202404
O14965	OG1		CB	A	1	287					THR	127-391		2	1	1	127-391	4CEG	THR	2.1	ok	THR_single	287	THR		57.98849485023611	-130.11933217487996
O14965	OG1		CB	A	1	288					THR	126-286,288-391		2	1	1	126-286,288-391	4O0S	THR	2.5	ok	THR_single	288	THR		58.61998865546371	128.11655722560795
O14965	OG1		CB	A	1	287					THR	125-389		2	1	1	125-389	5DN3	THR	2.05	ok	THR_single	287	THR		53.52556673824858	119.05057400391769
O14965	OG1		CB	A	1	287					THR	126-390		2	1	1	126-390	5DNR	THR	1.95	ok	THR_single	287	THR		54.71241588308315	-108.68484863411913
O14965	OG1		CB	A	1	288					THR	127-390		2	1	1	127-390	5DT3	THR	2.33	ok	THR_single	288	THR		54.40937980926659	-7.919579617101254
O14965	OG1		CB	A	1	287					THR	126-389		2	1	1	126-389	5G1X	THR	1.72	ok	THR_single	287	THR		58.244577866142805	122.41792061792921
O14965	OG1		CB	A	1	287					THR	126-392		2	1	1	126-392	5L8K	THR	1.79	ok	THR_single	287	THR		57.7080286122626	-145.8594286732204
O14965	OG1		CB	A	1	287					THR	126-389		2	1	1	126-389	5L8L	THR	1.67	ok	THR_single	287	THR		61.23083739168627	-153.42649511700353
O14965	OG1		CB	A	1	287					THR	126-392		2	1	1	126-392	5LXM	THR	2.08	ok	THR_single	287	THR		58.46864647774766	120.97798294566383
O14965	OG1		CB	A	1	287					THR	127-391		2	1	1	127-391	5ORL	THR	1.69	ok	THR_single	287	THR		57.926696905082835	-130.89661788422404
O14965	OG1		CB	A	1	287					THR	127-391		2	1	1	127-391	5ORN	THR	2.19	ok	THR_single	287	THR		56.346806060380835	10.690209197456927
O14965	OG1		CB	A	1	287					THR	127-391		2	1	1	127-391	5ORO	THR	2.12	ok	THR_single	287	THR		58.161994446808336	13.378099165510216
O14965	OG1		CB	A	1	287					THR	127-391		2	1	1	127-391	5ORP	THR	2.19	ok	THR_single	287	THR		58.17272090380339	-143.74551736075315
O14965	OG1		CB	A	1	287					THR	127-391		2	1	1	127-391	5ORR	THR	2.09	ok	THR_single	287	THR		58.353407287668254	-137.16965703655939
O14965	OG1		CB	A	1	287					THR	127-391		2	1	1	127-391	5ORS	THR	1.98	ok	THR_single	287	THR		57.83076448954507	-135.20334270703069
O14965	OG1		CB	A	1	287					THR	127-391		2	1	1	127-391	5ORV	THR	1.88	ok	THR_single	287	THR		57.657608721868485	-139.26965805462117
O14965	OG1		CB	A	1	287					THR	127-391		2	1	1	127-391	5ORW	THR	2.0	ok	THR_single	287	THR		57.87282420386985	-142.31770218425555
O14965	OG1		CB	A	1	287					THR	127-391		2	1	1	127-391	5ORX	THR	1.88	ok	THR_single	287	THR		57.90931115824726	-133.80167943105974
O14965	OG1		CB	A	1	287					THR	127-391		2	1	1	127-391	5ORY	THR	1.99	ok	THR_single	287	THR		58.38020416642387	-141.11544840823277
O14965	OG1		CB	A	1	287					THR	127-391		2	1	1	127-391	5ORZ	THR	1.92	ok	THR_single	287	THR		58.337371039917585	-143.45817259315444
O14965	OG1		CB	A	1	287					THR	127-391		2	1	1	127-391	5OS0	THR	1.74	ok	THR_single	287	THR		57.44176195997895	-136.34919285108165
O14965	OG1		CB	A	1	287					THR	127-391		2	1	1	127-391	5OS1	THR	1.9	ok	THR_single	287	THR		57.34045205085761	-134.02170022037558
O14965	OG1		CB	A	1	287					THR	127-391		2	1	1	127-391	5OS3	THR	1.81	ok	THR_single	287	THR		57.64343727489427	-132.1872729765759
O14965	OG1		CB	A	1	287					THR	127-391		2	1	1	127-391	5OS4	THR	1.88	ok	THR_single	287	THR		57.56909599887491	14.052853542476424
O14965	OG1		CB	A	1	287					THR	125-392		2	1	1	125-392	5OS5	THR	1.74	ok	THR_single	287	THR		57.968514793001056	-128.173023517657
O14965	OG1		CB	A	1	287					THR	127-391		2	1	1	127-391	5OS6	THR	2.2	ok	THR_single	287	THR		57.84640444053974	-141.63935100720053
O14965	OG1		CB	A	1	287					THR	125-391		2	1	1	125-391	5OSD	THR	1.99	ok	THR_single	287	THR		58.34623269368671	-140.65073614532298
O14965	OG1		CB	A	1	287					THR	127-391		2	1	1	127-391	5OSE	THR	1.9	ok	THR_single	287	THR		57.619927180467656	16.360544366390158
O14965	OG1		CB	A	1	287					THR	127-391		2	1	1	127-391	5OSF	THR	1.89	ok	THR_single	287	THR		53.4094300999878	-146.02474392974827
O14965				A	1	288					THR	128-279,288-388		2	1	1	128-279,288-388	6C2T	THR	1.73	missing_required_atoms:OG1	THR_single	288	THR			
O14965	OG1		CB	A	1	287					THR	127-391		2	1	1	127-391	6R4A	THR	1.937	ok	THR_single	287	THR		58.46954946967577	-128.35993852278077
O14965	OG1		CB	A	1	287					THR	127-391		2	1	1	127-391	6R4B	THR	2.15	ok	THR_single	287	THR		58.38306442681441	-135.76878298135117
O14965	OG1		CB	A	1	287					THR	127-391		2	1	1	127-391	6R4C	THR	2.04	ok	THR_single	287	THR		58.948201773151794	-128.96552818966654
O14965	OG1		CB	A	1	287					THR	127-391		2	1	1	127-391	6R4D	THR	2.009	ok	THR_single	287	THR		58.29075441752894	-136.1296543209588
O14965	OG1		CB	A	1	287					THR	104,125-282,287-389		2	1	1	104,125-282,287-389	6VPL	THR	1.86	ok	THR_single	287	THR		58.29812376490883	141.81123776165597
O14965	OG1		CB	A	1	287					THR	125-282,287-389		2	1	1	125-282,287-389	6VPM	THR	1.58	ok	THR_single	287	THR		58.42836015891229	-94.82095112340708
O14965	OG1		CB	A	1	287					THR	126-389		2	1	1	126-389	7ZTL	THR	1.9	ok	THR_single	287	THR		57.65760653352996	106.75633118065018
O14965	OG1		CB	A	1	287					THR	126-389		2	1	1	126-389	8C14	THR	1.93	ok	THR_single	287	THR		52.10826869962489	93.57830736732484
O14965				A	1	287					THR	127-287,291-388		2	1	1	127-287,291-388	8C1D	THR	2.115	missing_required_atoms:OG1	THR_single	287	THR			
O14965	OG1		CB	A	1	287					THR	127-388		2	1	1	127-388	9BZG	THR	1.8	ok	THR_single	287	THR		56.6295495968743	107.27876028195801
O14965	OG1		CB	A	1	288					THR	124-275,288-391		2	1	1	124-275,288-391	9GUC	THR	2.1	ok	THR_single	288	THR		58.32669160183908	135.2840108283355
O15075	OG1		CB	A	1	484					THR	374-590,595-648		1	1	1	374-590,595-648	5JZJ	THR	1.71	ok	THR_single	484	THR		56.24352440379478	113.40770620252476
O15075	OG1		CB	A	1	484					THR	380-589,594-701		1	1	1	380-589,594-701	6KYQ	THR	2.141	ok	THR_single	484	THR		58.355237912662844	117.61251563634845
O15075	OG1		CB	A	1	484					THR	380-589,593-669,678-701		1	1	1	380-589,593-669,678-701	6KYR	THR	2.206	ok	THR_single	484	THR		58.429330026418604	118.63868685419587
O15075	OG1		CB	A	1	484					THR	376-648		1	1	1	376-648	7F3G	THR	2.1	ok	THR_single	484	THR		56.45577049097025	119.05871098675453
O15075	OG1		CB	A	1	484					THR	381-398,401-425,431-590,594-648		1	1	1	381-398,401-425,431-590,594-648	7KX6	THR	2.5	ok	THR_single	484	THR		58.78233217372801	109.57727514135455
O43293	OG1		CB	A	1	265					THR	9-48,54-277		2	1	1	9-48,54-277	5VJA	THR	2.46	ok	THR_single	265	THR		56.669441217323744	105.27655830948119
O43353	OG1		CB	B	1	111					THR	4-26,30-50,57-172,184-204,207-310		2	1	1	4-26,30-50,57-172,184-204,207-310	5AR2	THR	2.44	ok	THR_single	111	THR		57.83584489227563	-119.46840632859593
O43353	OG1		CB	B	1	111					THR	5-172,183-201,205-299		2	1	1	5-172,183-201,205-299	5NG0	THR	2.0	ok	THR_single	111	THR		57.68636474147238	-124.11145492148373
O43353				B	1	111					THR	9-49,55-171,188-316		2	1	1	9-49,55-171,188-316	8X2O	THR	2.26	missing_required_atoms:OG1	THR_single	111	THR			
O43353	OG1		CB	B	1	111					THR	9-50,56-170,189-200,207-315		2	1	1	9-50,56-170,189-200,207-315	9F3V	THR	1.943	ok	THR_single	111	THR		56.69176122372471	-121.87833587368003
O75385	OG1		CB	A	1	180					THR	8-148,158-172,180-290		2	1	1	8-148,158-172,180-290	6MNH	THR	1.73	ok	THR_single	180	THR		54.3869715916139	-144.02765298409423
O94804	OG1		CB	B	1	208					THR	24-68,73-183,192-317		3	1	1	24-68,73-183,192-317	4EQU	THR	2.0	ok	THR_single	208	THR		58.12176527882586	-126.1321258142768
O94804	OG1		CB	B	1	208					THR	25-66,75-181,195-312		3	1	1	25-66,75-181,195-312	5AJQ	THR	2.2	ok	THR_single	208	THR		58.691656084244954	126.80451984301358
O94804	OG1		CB	A	1	208					THR	18-177,195-208,211-316		3	1	1	18-177,195-208,211-316	6GTT	THR	2.25	ok	THR_single	208	THR		55.66944505503755	124.20914518126827
O96013	OG1		CB	B	1	562					THR	301-330,334-354,362-465,468-587		2	1	1	301-330,334-354,362-465,468-587	2BVA	THR	2.3	ok	THR_single	562	THR		60.10104468287342	130.6785494733174
O96013	OG1		CB	A	1	562					THR	299-341,344-590		2	1	1	299-341,344-590	2CDZ	THR	2.3	ok	THR_single	562	THR		57.145659620124135	118.33895427825793
O96013	OG1		CB	A	1	562					THR	300-589		2	1	1	300-589	2J0I	THR	1.6	ok	THR_single	562	THR		57.64479544594303	113.33193075274968
O96013	OG1		CB	A	1	562					THR	298-591		2	1	1	298-591	2Q0N	THR	1.75	ok	THR_single	562	THR		57.633288751946765	116.52211522113491
O96013	OG1		CB	A	1	562					THR	299-590		2	1	1	299-590	2X4Z	THR	2.1	ok	THR_single	562	THR		57.851356677960545	114.06020387775617
O96013	OG1		CB	A	1	562					THR	300-591		2	1	1	300-591	4APP	THR	2.2	ok	THR_single	562	THR		57.11719894900947	116.89443243225158
O96013	OG1		CB	A	1	562					THR	300-589		2	1	1	300-589	4JDH	THR	2.0	ok	THR_single	562	THR		57.935386156673715	109.16868783986838
O96013	OG1		CB	A	1	562					THR	300-589		2	1	1	300-589	4JDI	THR	1.85	ok	THR_single	562	THR		58.106565426985895	114.65397784416865
O96013	OG1		CB	A	1	562					THR	300-589		2	1	1	300-589	4NJD	THR	2.5	ok	THR_single	562	THR		58.42562022039804	113.52598656968982
O96013	OG1		CB	A	1	562					THR	300-589		2	1	1	300-589	4O0X	THR	2.483	ok	THR_single	562	THR		58.31748860257887	101.74217058503737
O96013	OG1		CB	A	1	562					THR	300-589		2	1	1	300-589	4O0Y	THR	2.2	ok	THR_single	562	THR		60.02114595614906	113.6491694239559
O96013	OG1		CB	A	1	562					THR	297-589		2	1	1	297-589	4XBU	THR	2.06	ok	THR_single	562	THR		58.14854312189322	115.11310244045082
O96013	OG1		CB	A	1	562					THR	300-589		2	1	1	300-589	5VED	THR	2.301	ok	THR_single	562	THR		58.575081617977865	109.43878640970104
O96013	OG1		CB	A	1	562					THR	300-589		2	1	1	300-589	5VEE	THR	2.5	ok	THR_single	562	THR		59.33791321236401	-133.48997754270732
O96013	OG1		CB	A	1	562					THR	300-589		2	1	1	300-589	5VEF	THR	1.752	ok	THR_single	562	THR		58.17629638281216	114.32158501622479
O96013	OG1		CB	A	1	562					THR	300-591		2	1	1	300-591	5XVA	THR	1.847	ok	THR_single	562	THR		58.90380519586126	112.86700773382155
O96013	OG1		CB	A	1	562					THR	300-591		2	1	1	300-591	5XVG	THR	2.1	ok	THR_single	562	THR		57.87311264720918	110.1812522878553
O96013	OG1		CB	A	1	562					THR	300-591		2	1	1	300-591	5ZJW	THR	1.798	ok	THR_single	562	THR		58.149481073057565	108.72804781199535
O96013	OG1		CB	A	1	562					THR	300-591		2	1	1	300-591	7CP4	THR	2.5	ok	THR_single	562	THR		58.84768523646196	111.60555737680781
O96013	OG1		CB	A	1	562					THR	300-591		2	1	1	300-591	8AHG	THR	1.885	ok	THR_single	562	THR		56.40391179440907	111.47477543227943
O96013	OG1		CB	A	1	562					THR	300-591		2	1	1	300-591	8AHH	THR	2.037	ok	THR_single	562	THR		57.31538624758284	116.95756104078525
O96013	OG1		CB	A	1	562					THR	300-589		2	1	1	300-589	9D52	THR	2.449	ok	THR_single	562	THR		51.323812376391324	105.71855217975367
O96013	OG1		CB	A	1	562					THR	300-591		2	1	1	300-591	9D53	THR	2.468	ok	THR_single	562	THR		56.971857282159036	103.46134471458572
P06493	OG1		CB	A	1	161					THR	1-289		1	1	1	1-289	4Y72	THR	2.3	ok	THR_single	161	THR		56.70699676055469	117.99487022245772
P06493	OG1		CB	A	1	161					THR	1-289		1	1	1	1-289	5HQ0	THR	2.3	ok	THR_single	161	THR		56.70699676055469	117.99487022245772
P06493	OG1		CB	A	1	161					THR	1-161,165-294		1	1	1	1-161,165-294	6GU2	THR	2.0	ok	THR_single	161	THR		53.98629774028767	100.08053096259827
P06493	OG1		CB	A	1	161					THR	1-157,161-291		1	1	1	1-157,161-291	6GU6	THR	2.33	ok	THR_single	161	THR		58.01706697070776	116.69299693170905
P0CE47	OG1		CB	C	1	383					THR	209-394		1	1	1	209-394	5I4Q	THR	2.35	ok	THR_single	383	THR		59.60976395941349	-106.78646041530813
P0DMV8	OG1		CB	A	1	66					THR	3-382		1	1	1	3-382	1HJO	THR	2.3	ok	THR_single	66	THR		58.07377390461203	-117.96237502700585
P0DMV8	OG1		CB	A	1	66					THR	3-382		1	1	1	3-382	1S3X	THR	1.84	ok	THR_single	66	THR		59.66717958965828	-122.24473330003322
P0DMV8	OG1		CB	A	1	66					THR	3-383		1	1	1	3-383	2E88	THR	1.8	ok	THR_single	66	THR		59.74889417585227	-118.55047221855493
P0DMV8	OG1		CB	A	1	66					THR	3-382		1	1	1	3-382	2E8A	THR	1.77	ok	THR_single	66	THR		58.91292748917037	-119.00776002748034
P0DMV8	OG1		CB	A	1	66					THR	1-383		1	1	1	1-383	3A8Y	THR	2.3	ok	THR_single	66	THR		59.19348157659358	-117.755708532084
P0DMV8	OG1		CB	A	1	66					THR	4-382		1	1	1	4-382	3ATU	THR	1.65	ok	THR_single	66	THR		58.14167934390491	-121.39933157824242
P0DMV8	OG1		CB	A	1	66					THR	3-382		1	1	1	3-382	3ATV	THR	1.58	ok	THR_single	66	THR		58.969364236303065	-120.08748054647903
P0DMV8	OG1		CB	A	1	66					THR	4-382		1	1	1	4-382	3AY9	THR	1.75	ok	THR_single	66	THR		59.107281545156845	-124.0850934489412
P0DMV8	OG1		CB	B	1	66					THR	4-382		1	1	1	4-382	3D2E	THR	2.35	ok	THR_single	66	THR		58.509156802185416	-126.4145260651421
P0DMV8	OG1		CB	B	1	66					THR	4-382		1	1	1	4-382	3D2F	THR	2.3	ok	THR_single	66	THR		58.49881419469594	-129.7297312900025
P0DMV8	OG1		CB	A	1	66					THR	4-381		1	1	1	4-381	3JXU	THR	2.14	ok	THR_single	66	THR		57.58532259007124	-124.53957017750314
P0DMV8	OG1		CB	A	1	66					THR	3-188,192-380		1	1	1	3-188,192-380	5AQW	THR	1.53	ok	THR_single	66	THR		58.071271265230706	-121.67684119209092
P0DMV8	OG1		CB	A	1	66					THR	3-380		1	1	1	3-380	5AQX	THR	2.12	ok	THR_single	66	THR		59.177284077992475	-128.35211620861304
P0DMV8	OG1		CB	A	1	66					THR	2-380		1	1	1	2-380	5AQY	THR	1.56	ok	THR_single	66	THR		56.41518856340686	-127.88274518778381
P0DMV8	OG1		CB	A	1	66					THR	1-380		1	1	1	1-380	5AQZ	THR	1.65	ok	THR_single	66	THR		58.65721742405365	-128.29686164698964
P0DMV8	OG1		CB	A	1	66					THR	3-22,25-380		1	1	1	3-22,25-380	5AR0	THR	1.9	ok	THR_single	66	THR		57.14844156878565	-125.12665093369324
P0DMV8	OG1		CB	A	1	66					THR	4-382		1	1	1	4-382	5BN8	THR	1.34	ok	THR_single	66	THR		59.73863314584439	-119.00353064730403
P0DMV8	OG1		CB	A	1	66					THR	4-382		1	1	1	4-382	5BN9	THR	1.689	ok	THR_single	66	THR		58.64796191864792	-122.7373110640707
P0DMV8	OG1		CB	A	1	66					THR	3-382		1	1	1	3-382	5BPL	THR	1.93	ok	THR_single	66	THR		57.690774906410496	-120.11525854998287
P0DMV8	OG1		CB	A	1	66					THR	4-381		1	1	1	4-381	5BPM	THR	1.83	ok	THR_single	66	THR		57.69153377035433	-121.471253816368
P0DMV8	OG1		CB	A	1	66					THR	6-59,61-97,100-188,190-381		1	1	1	6-59,61-97,100-188,190-381	5BPN	THR	2.1	ok	THR_single	66	THR		59.08644692434505	-121.32307887131974
P0DMV8	OG1		CB	A	1	66					THR	1-189,191-380		1	1	1	1-189,191-380	5MKR	THR	1.87	ok	THR_single	66	THR		57.00072959388013	-127.48131195524505
P0DMV8	OG1		CB	A	1	66					THR	3-380		1	1	1	3-380	5MKS	THR	1.99	ok	THR_single	66	THR		56.85377417474499	-129.32601417952588
P0DMV8	OG1		CB	A	1	66					THR	3-382		1	1	1	3-382	6G3R	THR	1.4	ok	THR_single	66	THR		61.4510316562847	-117.65056410974715
P0DMV8	OG1		CB	A	1	66					THR	4-382		1	1	1	4-382	6G3S	THR	2.3	ok	THR_single	66	THR		57.74608507159191	-122.20397785300264
P0DMV8	OG1		CB	A	1	66					THR	4-188,192-381		1	1	1	4-188,192-381	6ZYI	THR	1.52	ok	THR_single	66	THR		57.0272070022619	-123.53915081791398
P0DMV8	OG1		CB	A	1	66					THR	2-217,219-381		1	1	1	2-217,219-381	7FGM	THR	2.2	ok	THR_single	66	THR		58.86863575874937	-120.02555224827195
P0DMV8	OG1		CB	A	1	66					THR	1-380		1	1	1	1-380	7GY4	THR	1.92	ok	THR_single	66	THR		56.52108002757097	-125.34618227141216
P0DMV8	OG1		CB	A	1	66					THR	1-380		1	1	1	1-380	7GY5	THR	1.92	ok	THR_single	66	THR		56.40215835640777	-124.99437536398551
P0DMV8	OG1		CB	A	1	66					THR	1-380		1	1	1	1-380	7GY6	THR	1.92	ok	THR_single	66	THR		56.41799873880823	-126.09082067267208
P0DMV8	OG1		CB	A	1	66					THR	1-380		1	1	1	1-380	7GY7	THR	1.92	ok	THR_single	66	THR		55.60975069340636	-124.69075283012378
P0DMV8	OG1		CB	A	1	66					THR	1-380		1	1	1	1-380	7GY8	THR	1.92	ok	THR_single	66	THR		56.112665274941115	-126.6480222294143
P0DMV8	OG1		CB	A	1	66					THR	1-380		1	1	1	1-380	7GY9	THR	1.92	ok	THR_single	66	THR		56.47367651602576	-124.18404725055593
P0DMV8	OG1		CB	A	1	66					THR	1-380		1	1	1	1-380	7GYA	THR	1.92	ok	THR_single	66	THR		56.74407964998648	-125.55156444136122
P0DMV8	OG1		CB	A	1	66					THR	1-380		1	1	1	1-380	7GYB	THR	1.92	ok	THR_single	66	THR		56.31990509114165	-125.2075551339013
P0DMV8	OG1		CB	A	1	66					THR	1-380		1	1	1	1-380	7GYC	THR	1.92	ok	THR_single	66	THR		56.717383960167574	-128.2854294302272
P0DMV8	OG1		CB	A	1	66					THR	1-380		1	1	1	1-380	7GYD	THR	1.92	ok	THR_single	66	THR		56.27752595875531	-124.54632655013233
P0DMV8	OG1		CB	A	1	66					THR	1-380		1	1	1	1-380	7GYE	THR	1.92	ok	THR_single	66	THR		57.071614481844385	-126.34633924363555
P0DMV8	OG1		CB	A	1	66					THR	1-380		1	1	1	1-380	7GYF	THR	1.92	ok	THR_single	66	THR		56.756200811381646	-125.1481770902807
P0DMV8	OG1		CB	A	1	66					THR	1-380		1	1	1	1-380	7GYG	THR	1.92	ok	THR_single	66	THR		56.380545065975184	-124.89451242548668
P0DMV8	OG1		CB	A	1	66					THR	1-380		1	1	1	1-380	7GYH	THR	1.92	ok	THR_single	66	THR		56.611591213973476	-123.9444780851523
P0DMV8	OG1		CB	A	1	66					THR	1-380		1	1	1	1-380	7GYI	THR	1.92	ok	THR_single	66	THR		57.0174870105623	-123.70402581404794
P0DMV8	OG1		CB	A	1	66					THR	1-380		1	1	1	1-380	7GYJ	THR	2.15	ok	THR_single	66	THR		57.805919825160245	-125.45399492455832
P0DMV8	OG1		CB	A	1	66					THR	1-380		1	1	1	1-380	7GYK	THR	2.15	ok	THR_single	66	THR		58.01581138051373	-125.278460665793
P0DMV8	OG1		CB	A	1	66					THR	1-380		1	1	1	1-380	7GYL	THR	2.15	ok	THR_single	66	THR		57.89367770966886	-125.31692159430762
P0DMV8	OG1		CB	A	1	66					THR	1-380		1	1	1	1-380	7GYM	THR	2.15	ok	THR_single	66	THR		57.62354408286887	-124.63789746845096
P0DMV8	OG1		CB	A	1	66					THR	1-380		1	1	1	1-380	7GYN	THR	2.15	ok	THR_single	66	THR		57.47942040442401	-124.80317858436898
P0DMV8	OG1		CB	A	1	66					THR	1-380		1	1	1	1-380	7GYO	THR	2.15	ok	THR_single	66	THR		57.71873293318049	-124.61557337004129
P0DMV8	OG1		CB	A	1	66					THR	1-380		1	1	1	1-380	7GYP	THR	2.15	ok	THR_single	66	THR		57.77271557291767	-123.93988777475255
P0DMV8	OG1		CB	A	1	66					THR	1-380		1	1	1	1-380	7GYQ	THR	2.15	ok	THR_single	66	THR		57.805391086977956	-123.9930935229543
P0DMV8	OG1		CB	A	1	66					THR	1-380		1	1	1	1-380	7GYR	THR	2.15	ok	THR_single	66	THR		57.86453394743823	-125.20863799122651
P0DMV8	OG1		CB	A	1	66					THR	1-380		1	1	1	1-380	7GYS	THR	2.15	ok	THR_single	66	THR		57.22090472847789	-125.10171193869456
P0DMV8	OG1		CB	A	1	66					THR	1-380		1	1	1	1-380	7GYT	THR	2.15	ok	THR_single	66	THR		57.56576242134902	-124.71266839297755
P0DMV8	OG1		CB	A	1	66					THR	1-380		1	1	1	1-380	7GYU	THR	2.15	ok	THR_single	66	THR		57.455527300545484	-126.13980381431442
P0DMV8	OG1		CB	A	1	66					THR	1-380		1	1	1	1-380	7GYV	THR	2.15	ok	THR_single	66	THR		57.40198021484715	-125.46302039595805
P0DMV8	OG1		CB	A	1	66					THR	1-380		1	1	1	1-380	7GYW	THR	2.15	ok	THR_single	66	THR		57.9386957582345	-123.08306472374552
P0DMV8	OG1		CB	A	1	66					THR	1-380		1	1	1	1-380	7GYX	THR	2.15	ok	THR_single	66	THR		58.45442419453382	-125.17017482317542
P0DMV8	OG1		CB	A	1	66					THR	2-380		1	1	1	2-380	7Q4R	THR	1.79	ok	THR_single	66	THR		59.376261347491344	-118.23297750894571
P0DTC2	OG1		CB	B	1	345					THR	333-527		1	1	1	333-527	6LZG	THR	2.5	ok	THR_single	345	THR		58.12009946622096	-117.33723820084106
P0DTC2	OG1		CB	A	1	345					THR	334-532		1	1	1	334-532	6XC4	THR	2.341	ok	THR_single	345	THR		58.53847793094096	-106.95873929615254
P0DTC2	OG1		CB	B	1	345					THR	27-69,80-143,154-172,186-251,265-444,447-676,689-1147		1	1	1	27-69,80-143,154-172,186-251,265-444,447-676,689-1147	6XLU	THR	2.4	ok	THR_single	345	THR		58.37563422697934	99.32021771089128
P0DTC2	OG1		CB	A	1	345					THR	330-529		1	1	1	332-445,448-529	6YLA	THR	2.42	ok	THR_single	345	THR		58.863875534637295	129.8969979420759
P0DTC2	OG1		CB	A	1	345					THR	334-527		1	1	1	334-527	7BNV	THR	2.35	ok	THR_single	345	THR		59.35089426784168	-112.03092065452567
P0DTC2	OG1		CB	A	1	345					THR	334-518,520-528		1	1	1	334-518,520-528	7BZ5	THR	1.84	ok	THR_single	345	THR		58.6190614112248	-111.24941566439757
P0DTC2	OG1		CB	B	1	345					THR	334-527		1	1	1	334-527	7C8V	THR	2.15	ok	THR_single	345	THR		58.84317972868508	-117.3777286368235
P0DTC2	OG1		CB	C	1	345					THR	334-527		1	1	1	334-527	7CJF	THR	2.108	ok	THR_single	345	THR		59.416059294689326	133.6287350504007
P0DTC2	OG1		CB	B	1	345					THR	330-531		1	1	1	330-531	7D2Z	THR	1.97	ok	THR_single	345	THR		59.49400398222606	-125.77676972712308
P0DTC2	OG1		CB	B	1	345					THR	334-526		1	1	1	334-526	7D30	THR	2.1	ok	THR_single	345	THR		59.74061583995858	-114.88128782289405
P0DTC2	OG1		CB	B	1	345					THR	334-530		1	1	1	334-530	7DEO	THR	2.5	ok	THR_single	345	THR		59.11904975535351	13.103043549353607
P0DTC2	OG1		CB	C	1	345					THR	334-527		1	1	1	334-527	7DET	THR	2.2	ok	THR_single	345	THR		59.09932167416649	-131.79776034095417
P0DTC2	OG1		CB	A	1	345					THR	334-527		1	1	1	334-527	7DEU	THR	2.1	ok	THR_single	345	THR		59.45264595120151	-145.76158263404267
P0DTC2	OG1		CB	B	1	345					THR	333-527		1	1	1	333-527	7DHX	THR	2.3	ok	THR_single	345	THR		58.6189376835571	-144.65775948056043
P0DTC2	OG1		CB	C	1	345					THR	334-530		1	1	1	334-530	7DJZ	THR	2.397	ok	THR_single	345	THR		58.846650100430686	-119.30811421578423
P0DTC2	OG1		CB	A	1	345					THR	324-527		1	1	1	324-527	7EAM	THR	1.4	ok	THR_single	345	THR		58.934703168477604	-121.63241653262823
P0DTC2	OG1		CB	A	1	345					THR	333-527		1	1	1	333-527	7EAN	THR	1.91	ok	THR_single	345	THR		60.49823412648954	-143.5959199311925
P0DTC2	OG1		CB	B	1	345					THR	334-527		1	1	1	334-527	7EFR	THR	2.494	ok	THR_single	345	THR		59.44706343191801	-120.72319733990113
P0DTC2	OG1		CB	B	1	345					THR	333-527		1	1	1	333-527	7EKH	THR	2.4	ok	THR_single	345	THR		58.33428473302296	-115.23065109436567
P0DTC2	OG1		CB	C	1	345					THR	330-529		1	1	1	330-529	7F5G	THR	1.75	ok	THR_single	345	THR		59.41330712824155	137.35377691670962
P0DTC2	OG1		CB	A	1	345					THR	333-515		1	1	1	333-515	7FAT	THR	1.99	ok	THR_single	345	THR		58.75883331285331	-120.94351598644849
P0DTC2	OG1		CB	C	1	345					THR	333-516		1	1	1	333-516	7FAU	THR	2.08	ok	THR_single	345	THR		57.96731848030518	-107.64115919676443
P0DTC2	OG1		CB	A	1	345					THR	334-527		1	1	1	334-527	7FBK	THR	1.9	ok	THR_single	345	THR		57.11319964304994	-119.75829677161627
P0DTC2	OG1		CB	A	1	345					THR	334-518		1	1	1	334-518	7FCP	THR	2.4	ok	THR_single	345	THR		58.33002204331854	-139.97278672381745
P0DTC2	OG1		CB	A	1	345					THR	333-528		1	1	1	333-528	7FCQ	THR	1.89	ok	THR_single	345	THR		58.12979081978228	-123.00691514742779
P0DTC2	OG1		CB	A	1	345					THR	334-526		1	1	1	334-526	7JMO	THR	2.359	ok	THR_single	345	THR		57.44253325485714	5.007180496324943
P0DTC2	OG1		CB	A	1	345					THR	338-359,366-369,371-384,392-516		1	1	1	338-359,366-369,371-384,392-516	7JMP	THR	1.712	ok	THR_single	345	THR		58.9083118891728	-134.10546279697837
P0DTC2	OG1		CB	B	1	345					THR	27-69,80-143,154-172,186-251,265-444,447-676,689-1147		1	1	1	27-69,80-143,154-172,186-251,265-444,447-676,689-1147	7JWY	THR	2.5	ok	THR_single	345	THR		58.173641115192986	-128.5100832285348
P0DTC2	OG1		CB	A	1	345					THR	334-528		1	1	1	334-528	7KFV	THR	2.102	ok	THR_single	345	THR		55.95313361851433	-117.77997841371013
P0DTC2	OG1		CB	A	1	345					THR	334-528		1	1	1	334-528	7KFX	THR	2.226	ok	THR_single	345	THR		53.928817740175894	99.96539596917586
P0DTC2	OG1		CB	A	1	345					THR	334-528		1	1	1	334-528	7KFY	THR	2.157	ok	THR_single	345	THR		55.53701611320756	-97.99617409097485
P0DTC2	OG1		CB	A	1	345					THR	333-528		1	1	1	333-528	7KGJ	THR	2.3	ok	THR_single	345	THR		58.46334071284156	125.02566403868421
P0DTC2	OG1		CB	C	1	345					THR	334-526		1	1	1	334-526	7KMG	THR	2.16	ok	THR_single	345	THR		55.788417144558395	130.59179040419667
P0DTC2	OG1		CB	C	1	345					THR	334-527		1	1	1	334-527	7KMH	THR	1.72	ok	THR_single	345	THR		55.85539542933946	-126.32387609257141
P0DTC2	OG1		CB	C	1	345					THR	334-527		1	1	1	334-527	7KMI	THR	1.73	ok	THR_single	345	THR		56.34142174700153	-132.78347978307025
P0DTC2	OG1		CB	B	1	345					THR	333-528		1	1	1	333-528	7KN3	THR	2.251	ok	THR_single	345	THR		58.87828441662643	-117.80254301418051
P0DTC2	OG1		CB	A	1	345					THR	334-528		1	1	1	334-528	7KN5	THR	1.87	ok	THR_single	345	THR		58.478724024657375	-124.87509027603993
P0DTC2	OG1		CB	A	1	345					THR	14-70,76-624,633-676,689-827,853-940,944-1146		1	1	1	14-70,76-624,633-676,689-827,853-940,944-1146	7KQB	THR	2.42	ok	THR_single	345	THR		58.44296379309853	126.46710893748964
P0DTC2	OG1		CB	A	1	345					THR	331-518,520-527		1	1	1	334-516,520-527	7LDJ	THR	2.36	ok	THR_single	345	THR		59.31803924194667	121.11569710829687
P0DTC2	OG1		CB	A	1	345					THR	334-529		1	1	1	334-529	7LM8	THR	1.936	ok	THR_single	345	THR		56.88028421247861	-116.56323037329435
P0DTC2	OG1		CB	B	1	345					THR	333-530		1	1	1	333-530	7LO4	THR	2.465	ok	THR_single	345	THR		58.828053547854644	-113.48395496102795
P0DTC2	OG1		CB	A	1	345					THR	14-18,27-66,77-176,187-250,264-621,641-675,690-826,850-1145		1	1	1	14-18,27-66,77-176,187-250,264-621,641-675,690-826,850-1145	7LXY	THR	2.2	ok	THR_single	345	THR		55.660699574063955	-128.7965034941277
P0DTC2	OG1		CB	A	1	345					THR	14-20,27-67,76-176,187-255,263-518,520-621,641-675,690-826,853-1145		1	1	1	14-20,27-67,76-176,187-255,263-518,520-621,641-675,690-826,853-1145	7LY2	THR	2.5	ok	THR_single	345	THR		59.26343577710463	-118.2863842717484
P0DTC2	OG1		CB	A	1	345					THR	334-527		1	1	1	334-527	7MF1	THR	2.092	ok	THR_single	345	THR		59.06077651014825	-134.72117002605563
P0DTC2	OG1		CB	A	1	345					THR	332-528		1	1	1	332-528	7MFU	THR	1.7	ok	THR_single	345	THR		58.89997230446229	-115.6347867951411
P0DTC2	OG1		CB	C	1	345					THR	334-527		1	1	1	334-527	7MMO	THR	2.427	ok	THR_single	345	THR		54.059630566549025	1.7098785809569
P0DTC2	OG1		CB	A	1	345					THR	334-528		1	1	1	334-528	7MSQ	THR	2.29	ok	THR_single	345	THR		55.05844612869265	-141.88667293246277
P0DTC2	OG1		CB	A	1	345					THR	334-527		1	1	1	334-527	7MZF	THR	2.493	ok	THR_single	345	THR		59.5793618539892	134.26522233392913
P0DTC2	OG1		CB	A	1	345					THR	333-527		1	1	1	333-527	7MZH	THR	2.1	ok	THR_single	345	THR		58.12626123744554	-140.61809480771564
P0DTC2	OG1		CB	B	1	345					THR	334-527		1	1	1	334-527	7MZK	THR	2.25	ok	THR_single	345	THR		58.95208631399857	-116.50250530115173
P0DTC2	OG1		CB	C	1	345					THR	334-527		1	1	1	334-527	7N4I	THR	2.284	ok	THR_single	345	THR		58.84351100262674	128.53446094136518
P0DTC2	OG1		CB	A	1	345					THR	331-527		1	1	1	331-527	7N4J	THR	2.207	ok	THR_single	345	THR		58.010850713641	12.568715230386948
P0DTC2	OG1		CB	A	1	345					THR	27-67,81-137,158-176,186-242,264-621,641-675,690-826,851-1145		1	1	1	27-67,81-137,158-176,186-242,264-621,641-675,690-826,851-1145	7N8H	THR	2.3	ok	THR_single	345	THR		57.97401741768567	-120.13946841847036
P0DTC2	OG1		CB	A	1	345					THR	333-526		1	1	1	333-526	7PS4	THR	1.94	ok	THR_single	345	THR		59.00447571400428	121.5789350275513
P0DTC2	OG1		CB	A	1	345					THR	334-370,373-528		1	1	1	334-370,373-528	7Q3R	THR	1.92	ok	THR_single	345	THR		58.45529012119186	124.60350979337154
P0DTC2	OG1		CB	A	1	345					THR	334-528		1	1	1	334-528	7QF0	THR	2.3	ok	THR_single	345	THR		58.304946219946004	131.93981290671485
P0DTC2	OG1		CB	A	1	345					THR	14-618,632-676,689-1139		1	1	1	14-618,632-676,689-1139	7QUS	THR	2.39	ok	THR_single	345	THR		58.68823404531489	-118.12147238103597
P0DTC2	OG1		CB	A	1	345					THR	334-526		1	1	1	334-526	7S4S	THR	2.05	ok	THR_single	345	THR		59.44407972323436	-124.0119370898957
P0DTC2	OG1		CB	A	1	345					THR	334-529		1	1	1	334-529	7S5R	THR	2.45	ok	THR_single	345	THR		58.79187217369787	-120.795198527719
P0DTC2	OG1		CB	A	1	345					THR	335-527		1	1	1	335-527	7SD5	THR	1.53	ok	THR_single	345	THR		58.26644299983809	123.94096933282896
P0DTC2	OG1		CB	A	1	345					THR	14-18,23-69,78-145,150-156,159-176,186-244,263-518,520-621,641-675,690-826,856-1145		1	1	1	14-18,23-69,78-145,150-156,159-176,186-244,263-518,520-621,641-675,690-826,856-1145	7SO9	THR	2.4	ok	THR_single	345	THR		59.1139306323498	-119.59914694047383
P0DTC2				A	1	345					THR	14-18,23-67,80-144,153-177,186-246,263-621,641-675,690-826,853-1145		1	1	1	14-18,23-67,80-144,153-177,186-246,263-621,641-675,690-826,853-1145	7SOB	THR	2.4	missing_required_atoms:OG1	THR_single	345	THR			
P0DTC2	OG1		CB	A	1	345					THR	334-529		1	1	1	334-529	7SPO	THR	1.92	ok	THR_single	345	THR		59.363188844160476	128.5874466210566
P0DTC2	OG1		CB	A	1	345					THR	334-528		1	1	1	334-528	7SPP	THR	1.96	ok	THR_single	345	THR		60.10074506865097	-108.7553098666962
P0DTC2	OG1		CB	A	1	345					THR	14-69,77-145,153-176,185-247,257-620,641-675,691-827,856-1147		1	1	1	14-69,77-145,153-176,185-247,257-620,641-675,691-827,856-1147	7SXT	THR	2.31	ok	THR_single	345	THR		58.86595636971351	-113.75301246036739
P0DTC2	OG1		CB	A	1	345					THR	14-68,77-141,145,153-176,185-210,215-247,257-620,641-675,691-827,856-1147		1	1	1	14-68,77-141,145,153-176,185-209,215-247,257-620,641-675,691-827,856-1147	7T9K	THR	2.45	ok	THR_single	345	THR		58.71008162493487	118.71450909737769
P0DTC2	OG1		CB	C	1	345					THR	14-69,77-145,156,159-176,185-247,257-620,641-675,691-827,856-1147		1	1	1	14-69,77-145,156,159-176,185-247,257-620,641-675,691-827,856-1147	7TEY	THR	2.25	ok	THR_single	345	THR		59.08722699920963	133.57834572988384
P0DTC2	OG1		CB	C	1	345					THR	14-69,77-145,158-176,185-247,257-620,641-675,691-827,856-1147		1	1	1	14-69,77-145,158-176,185-247,257-620,641-675,691-827,856-1147	7TF3	THR	2.25	ok	THR_single	345	THR		59.044813606453694	133.4067765206849
P0DTC2				A	1	345					THR	27-65,81-133,138-140,157-159,165-175,187-242,264-442,449-474,491-495,505-516,520-621,641-675,690-826,853-1145		1	1	1	27-65,81-133,138-140,157-159,165-175,187-242,264-442,449-474,491-495,505-516,520-621,641-675,690-826,853-1145	7TPI	THR	2.3	missing_required_atoms:OG1	THR_single	345	THR			
P0DTC2	OG1		CB	A	1	345					THR	15-1159		1	1	1	15-1159	7TPR	THR	2.39	ok	THR_single	345	THR		58.49933209944286	118.6200062967485
P0DTC2	OG1		CB	A	1	345					THR	333-527		1	1	1	333-527	7U8E	THR	2.29	ok	THR_single	345	THR		58.814603288686136	121.50278991983599
P0DTC2	OG1		CB	A	1	345					THR	334-527		1	1	1	334-527	7UL0	THR	2.49	ok	THR_single	345	THR		59.55749608028302	-120.52492227429204
P0DTC2	OG1		CB	A	1	345					THR	334-529		1	1	1	334-529	7URQ	THR	2.05	ok	THR_single	345	THR		58.726277156323576	-119.79794075474977
P0DTC2	OG1		CB	A	1	345					THR	336-518,521-526		1	1	1	336-518,521-526	7URS	THR	2.4	ok	THR_single	345	THR		58.09585082678588	-103.5593398262347
P0DTC2	OG1		CB	A	1	345					THR	333-528		1	1	1	333-528	7UZC	THR	2.2	ok	THR_single	345	THR		59.3562988189107	-128.26713048889349
P0DTC2	OG1		CB	B	1	345					THR	328-531		1	1	1	328-531	7VNB	THR	2.27	ok	THR_single	345	THR		58.89849157256278	-123.00527368173698
P0DTC2	OG1		CB	B	1	345					THR	333-528		1	1	1	333-528	7VOA	THR	1.8	ok	THR_single	345	THR		58.3194488249593	108.82825733443916
P0DTC2	OG1		CB	C	1	345					THR	336-521		1	1	1	336-521	7VYR	THR	2.2	ok	THR_single	345	THR		57.59309844808301	-128.51978890952623
P0DTC2	OG1		CB	A	1	345					THR	334-527		1	1	1	334-527	7W1S	THR	1.997	ok	THR_single	345	THR		59.12582420907133	113.6044034753197
P0DTC2	OG1		CB	A	1	345					THR	334-527		1	1	1	334-527	7WBZ	THR	2.42	ok	THR_single	345	THR		55.06143598908961	116.73587012813952
P0DTC2	OG1		CB	B	1	345					THR	333-528		1	1	1	333-528	7WD1	THR	2.5	ok	THR_single	345	THR		59.20072183106124	-130.50526545812485
P0DTC2	OG1		CB	A	1	345					THR	333-528		1	1	1	333-528	7WN2	THR	2.35	ok	THR_single	345	THR		59.03206935772451	92.22293358348081
P0DTC2	OG1		CB	F	1	345					THR	336-516,523-528		1	1	1	336-516,523-528	7X2H	THR	2.1	ok	THR_single	345	THR		59.989017238870524	-110.24175148075318
P0DTC2	OG1		CB	B	1	345					THR	14-68,77-142,153-176,185-210,215-247,257-676,690-827,845-1147		1	1	1	14-68,77-142,153-176,185-209,215-247,257-676,690-827,845-1147	7XCO	THR	2.5	ok	THR_single	345	THR		58.945613394382605	-121.18035118802824
P0DTC2	OG1		CB	A	1	345					THR	333-528		1	1	1	333-528	7YCO	THR	1.96	ok	THR_single	345	THR		59.64401476950353	124.84899361713445
P0DTC2	OG1		CB	A	1	345					THR	333-528		1	1	1	333-528	7Z1B	THR	2.3	ok	THR_single	345	THR		58.93521398655904	-126.21318313817403
P0DTC2	OG1		CB	A	1	345					THR	333-528		1	1	1	333-528	7Z1C	THR	1.9	ok	THR_single	345	THR		57.336537856885826	-115.68893975448775
P0DTC2	OG1		CB	A	1	345					THR	333-527		1	1	1	333-527	7Z8O	THR	0.96	ok	THR_single	345	THR		58.7519206987702	131.9738676876361
P0DTC2	OG1		CB	A	1	345					THR	14-70,76-247,252-620,641-674,691-828,855-1146		1	1	1	14-70,76-247,252-620,641-674,691-828,855-1146	8A94	THR	2.4	ok	THR_single	345	THR		59.163844646543374	135.31743084641747
P0DTC2	OG1		CB	A	1	345					THR	14-70,76-247,252-620,641-674,691-828,855-1146		1	1	1	14-70,76-247,252-620,641-674,691-828,855-1146	8A99	THR	2.5	ok	THR_single	345	THR		58.97060039783999	135.33859994765865
P0DTC2	OG1		CB	F	1	345					THR	335-370,375-517,521-527		1	1	1	335-370,375-517,521-527	8BE1	THR	1.98	ok	THR_single	345	THR		56.250678471512806	-127.00747211391231
P0DTC2	OG1		CB	B	1	345					THR	334-527		1	1	1	334-527	8BEC	THR	1.7	ok	THR_single	345	THR		59.17547416129248	-111.87886412885476
P0DTC2	OG1		CB	B	1	345					THR	335-527		1	1	1	335-527	8BG2	THR	2.1	ok	THR_single	345	THR		59.156081332462485	-117.65807599937781
P0DTC2	OG1		CB	B	1	345					THR	334-527		1	1	1	334-527	8BG4	THR	1.6	ok	THR_single	345	THR		61.01202508611277	-129.91861569981842
P0DTC2	OG1		CB	B	1	345					THR	334-527		1	1	1	334-527	8BG5	THR	2.05	ok	THR_single	345	THR		60.82743012222686	-126.23443016120277
P0DTC2	OG1		CB	A	1	345					THR	335-371,373-517,520-527		1	1	1	335-371,373-517,520-527	8BSE	THR	1.9	ok	THR_single	345	THR		54.83731655496558	-125.36891683462537
P0DTC2	OG1		CB	A	1	345					THR	336-366,372-384,390-483,487-517,524-526		1	1	1	336-366,372-384,390-483,487-517,524-526	8BSF	THR	2.2	ok	THR_single	345	THR		54.06408502549907	96.78025654229054
P0DTC2	OG1		CB	A	1	345					THR	334-528		1	1	1	334-528	8CWI	THR	1.873	ok	THR_single	345	THR		59.40807846278833	124.58578407218674
P0DTC2	OG1		CB	A	1	345					THR	334-528		1	1	1	334-528	8CWU	THR	1.71	ok	THR_single	345	THR		58.3257842934634	-122.92475695301157
P0DTC2	OG1		CB	A	1	345					THR	15-676,689-827,849-1147		1	1	1	15-676,689-827,849-1147	8CXQ	THR	2.3	ok	THR_single	345	THR		58.54243114868017	121.12369408375095
P0DTC2	OG1		CB	A	1	345					THR	14-69,77-145,153-176,185-247,257-620,641-675,691-827,856-1147		1	1	1	14-69,77-145,153-176,185-247,257-620,641-675,691-827,856-1147	8DLO	THR	2.25	ok	THR_single	345	THR		58.68687239125141	-121.71560853483884
P0DTC2	OG1		CB	A	1	345					THR	14-69,77-145,153-176,185-247,257-620,641-675,691-827,856-1147		1	1	1	14-69,77-145,153-176,185-247,257-620,641-675,691-827,856-1147	8DLT	THR	2.4	ok	THR_single	345	THR		58.787604877257905	-110.36999024759452
P0DTC2	OG1		CB	A	1	345					THR	15-66,78-143,152-175,185-243,258-621,641-675,690-826,849-1140		1	1	1	15-66,78-143,152-175,185-243,258-621,641-675,690-826,849-1140	8DLW	THR	2.16	ok	THR_single	345	THR		58.196298648427685	-120.43146072736366
P0DTC2	OG1		CB	C	1	345					THR	14-69,77-145,153-176,185-247,257-620,641-675,691-827,856-1147		1	1	1	14-69,77-145,153-176,185-247,257-620,641-675,691-827,856-1147	8DLX	THR	2.45	ok	THR_single	345	THR		58.88611481601002	117.51244661785005
P0DTC2	OG1		CB	A	1	345					THR	14-23,27-71,78-178,187-249,256-620,641-675,691-827,848-1147		1	1	1	14-23,27-71,78-178,187-249,256-620,641-675,691-827,848-1147	8DM3	THR	2.37	ok	THR_single	345	THR		58.89233587883395	130.05237634395854
P0DTC2	OG1		CB	A	1	345					THR	14-23,27-71,78-144,153-178,187-249,256-620,641-675,691-827,848-1147		1	1	1	14-23,27-71,78-144,153-178,187-249,256-620,641-675,691-827,848-1147	8DM7	THR	2.49	ok	THR_single	345	THR		55.89183016834648	-5.241663251897869
P0DTC2	OG1		CB	A	1	345					THR	334-527		1	1	1	334-527	8ELQ	THR	2.21	ok	THR_single	345	THR		58.91722626275694	-116.30337207292739
P0DTC2	OG1		CB	B	1	345					THR	14-180,184-620,641-676,689-827,854-1147		1	1	1	14-180,184-620,641-676,689-827,854-1147	8G71	THR	2.1	ok	THR_single	345	THR		58.8354516887925	142.7316863032077
P0DTC2	OG1		CB	B	1	345					THR	14-180,184-620,641-676,690-827,855-1147		1	1	1	14-180,184-620,641-676,690-827,855-1147	8G73	THR	2.5	ok	THR_single	345	THR		58.88054512168145	119.49472590297627
P0DTC2	OG1		CB	B	1	345					THR	14-180,184-620,641-676,690-827,855-1147		1	1	1	14-180,184-620,641-676,690-827,855-1147	8G74	THR	2.5	ok	THR_single	345	THR		59.00212729300653	119.51964238055032
P0DTC2	OG1		CB	A	1	345					THR	333-527		1	1	1	333-527	8GB6	THR	1.75	ok	THR_single	345	THR		60.23160650353344	-118.8571803481643
P0DTC2	OG1		CB	A	1	345					THR	334-528		1	1	1	334-528	8GZ5	THR	1.7	ok	THR_single	345	THR		59.11829155457164	-120.40991279963617
P0DTC2	OG1		CB	A	1	345					THR	27-67,81-130,167-173,187-209,216-242,264-368,375-404,429-442,494-676,690-828,848-1138		1	1	1	27-67,81-130,167-173,187-208,216-242,264-368,375-404,429-442,494-676,690-828,848-1138	8H3M	THR	2.48	ok	THR_single	345	THR		58.678889964247475	-127.18436735826228
P0DTC2	OG1		CB	A	1	345					THR	335-498,502-518,523-527		1	1	1	335-498,502-518,523-527	8H5T	THR	2.0	ok	THR_single	345	THR		56.887956567935895	69.99127613437955
P0DTC2	OG1		CB	C	1	345					THR	334-532		1	1	1	334-532	8H5U	THR	2.401	ok	THR_single	345	THR		58.98305874971105	104.29332401589066
P0DTC2	OG1		CB	A	1	345					THR	18-23,27-70,81-144,153-174,187-245,263-621,640-676,689-826,855-1143		1	1	1	18-23,27-70,81-143,153-174,187-245,263-621,640-676,689-826,855-1143	8H7L	THR	2.44	ok	THR_single	345	THR		58.840860012700205	-124.96707076741151
P0DTC2	OG1		CB	F	1	345					THR	333-527		1	1	1	333-527	8HN6	THR	2.07	ok	THR_single	345	THR		57.8258361484047	-116.63888271429369
P0DTC2	OG1		CB	A	1	345					THR	333-517		1	1	1	333-517	8HR2	THR	1.94	ok	THR_single	345	THR		55.93744891252742	120.65175230646106
P0DTC2	OG1		CB	A	1	345					THR	333-528		1	1	1	333-528	8HWS	THR	2.36	ok	THR_single	345	THR		58.18397657239666	-145.14161111596704
P0DTC2	OG1		CB	A	1	345					THR	334-527		1	1	1	334-527	8I5H	THR	2.38	ok	THR_single	345	THR		59.54704907087814	122.49163944467806
P0DTC2	OG1		CB	A	1	345					THR	16-23,27-69,80-143,154-177,187-246,258-620,628-677,689-1139		1	1	1	16-23,27-69,80-143,154-177,187-246,258-620,628-677,689-1139	8IOS	THR	2.5	ok	THR_single	345	THR		57.30887131652243	-6.547750773009524
P0DTC2	OG1		CB	A	1	345					THR	331-528		1	1	1	331-528	8OWW	THR	1.969	ok	THR_single	345	THR		57.56869842661832	162.51637248199873
P0DTC2	OG1		CB	A	1	345					THR	336-362,371-517		1	1	1	336-362,371-517	8Q94	THR	2.5	ok	THR_single	345	THR		58.929955233249096	-121.55417681192115
P0DTC2	OG1		CB	A	1	345					THR	334-517		1	1	1	334-517	8Q95	THR	1.6	ok	THR_single	345	THR		62.1336249532825	-120.98267784851618
P0DTC2	OG1		CB	A	1	345					THR	333-526		1	1	1	333-526	8QH0	THR	1.87	ok	THR_single	345	THR		59.418323814444236	117.83042175468482
P0DTC2	OG1		CB	A	1	345					THR	333-527		1	1	1	333-527	8RBY	THR	1.9	ok	THR_single	345	THR		59.07771253271126	121.85015858635757
P0DTC2	OG1		CB	A	1	345					THR	332-527		1	1	1	332-527	8RJ7	THR	2.1	ok	THR_single	345	THR		58.68640754412174	-135.76066274529254
P0DTC2	OG1		CB	A	1	345					THR	333-527		1	1	1	334-527	8SDF	THR	1.79	ok	THR_single	345	THR		59.621098099187385	-120.61313277136152
P0DTC2	OG1		CB	A	1	345					THR	333-527		1	1	1	333-527	8SGU	THR	1.95	ok	THR_single	345	THR		58.04476460276451	-129.88707331579855
P0DTC2	OG1		CB	A	1	345					THR	334-529		1	1	1	334-529	8SIQ	THR	2.5	ok	THR_single	345	THR		58.471700375040164	-104.6370937991678
P0DTC2	OG1		CB	A	1	345					THR	333-527		1	1	1	333-527	8SK5	THR	2.011	ok	THR_single	345	THR		58.8167953110142	-124.96515575367647
P0DTC2	OG1		CB	B	1	345					THR	333-527		1	1	1	333-527	8WE1	THR	2.47	ok	THR_single	345	THR		58.35425668210343	14.694835916077686
P0DTC2	OG1		CB	A	1	345					THR	333-518,520-528		1	1	1	334-517,521-528	8X0Y	THR	1.94	ok	THR_single	345	THR		59.62249431253871	118.13538015196656
P0DTC2	OG1		CB	A	1	345					THR	23,27-67,81-140,159-162,169-173,188-210,216-242,263-635,642-675,690-834,849-1141		1	1	1	23,27-67,81-140,159-162,169-173,188-210,216-242,263-635,642-675,690-834,849-1141	8XI6	THR	2.3	ok	THR_single	345	THR		58.74231621012128	-114.76248850375005
P0DTC2	OG1		CB	A	1	345					THR	333-527		1	1	1	333-527	8XSE	THR	2.5	ok	THR_single	345	THR		58.89518666960116	-101.7103389219537
P0DTC2	OG1		CB	B	1	345					THR	333-527		1	1	1	333-527	8XSF	THR	2.16	ok	THR_single	345	THR		58.73462199404434	-134.05217500010906
P0DTC2	OG1		CB	A	1	345					THR	16-622,637-676,689-1114		1	1	1	16-622,637-676,689-1114	8XYH	THR	2.5	ok	THR_single	345	THR		58.33127618593096	-7.139505916797315
P0DTC2	OG1		CB	B	1	345					THR	334-526		1	1	1	334-526	8YDP	THR	2.3	ok	THR_single	345	THR		58.753341654887926	-119.06282104455973
P0DTC2	OG1		CB	B	1	345					THR	333-526		1	1	1	333-526	8YDQ	THR	1.9	ok	THR_single	345	THR		58.91441419182629	-127.17865309542289
P0DTC2	OG1		CB	B	1	345					THR	334-526		1	1	1	334-526	8YDR	THR	2.3	ok	THR_single	345	THR		58.76675359082225	-138.99102014750105
P0DTC2	OG1		CB	B	1	345					THR	333-526		1	1	1	333-526	8YDS	THR	1.9	ok	THR_single	345	THR		59.00374401383987	-127.6327145871315
P0DTC2	OG1		CB	B	1	345					THR	334-526		1	1	1	334-526	8YDT	THR	2.5	ok	THR_single	345	THR		57.847050069247196	-103.67374110659301
P0DTC2	OG1		CB	B	1	345					THR	334-370,372-526		1	1	1	334-370,372-526	8YDU	THR	1.7	ok	THR_single	345	THR		59.00863141761613	-118.8376862022622
P0DTC2	OG1		CB	D	1	345					THR	333-526		1	1	1	333-526	8YDV	THR	2.2	ok	THR_single	345	THR		59.13351109224789	-116.89497612525356
P0DTC2	OG1		CB	B	1	345					THR	334-526		1	1	1	334-526	8YDW	THR	2.0	ok	THR_single	345	THR		56.84987673180468	-112.68006766883559
P0DTC2	OG1		CB	C	1	345					THR	333-529		1	1	1	333-529	8YUB	THR	2.49	ok	THR_single	345	THR		58.937162396385965	-126.22125916947904
P0DTC2	OG1		CB	B	1	345					THR	27-68,77-147,152-244,254-481,483-624,632-676,689-833,843-1150		1	1	1	27-68,77-147,152-244,254-481,483-624,632-676,689-833,843-1150	9B0Y	THR	2.32	ok	THR_single	345	THR		58.60727310930939	-125.26908122143747
P0DTC2	OG1		CB	B	1	345					THR	27-68,77-147,152-244,254-475,477-481,483-624,632-676,689-833,843-1150		1	1	1	27-68,77-147,152-244,254-475,477-481,483-624,632-676,689-833,843-1150	9CXE	THR	2.48	ok	THR_single	345	THR		58.67444919416959	-129.47417245253257
P0DTC2	OG1		CB	A	1	345					THR	333-528		1	1	1	333-528	9DSG	THR	2.4	ok	THR_single	345	THR		58.80600786620471	117.52191245723162
P0DTC2	OG1		CB	A	1	345					THR	333-527		1	1	1	333-527	9FC2	THR	1.21	ok	THR_single	345	THR		58.21384758227829	134.08328159536873
P0DTC2	OG1		CB	A	1	345					THR	14-71,75-618,633-676,689-828,834-841,848-1145		1	1	1	14-71,75-618,633-676,689-828,834-841,848-1145	9GXE	THR	2.3	ok	THR_single	345	THR		58.964625276042305	-141.73185417901828
P0DTC2	OG1		CB	A	1	345					THR	14-70,76-618,633-676,689-1146		1	1	1	14-70,76-618,633-676,689-1146	9GXG	THR	1.92	ok	THR_single	345	THR		58.824530175477946	-131.0105700561097
P0DTC2	OG1		CB	A	1	345					THR	332-527		1	1	1	332-527	9IQP	THR	1.55	ok	THR_single	345	THR		58.87697819435198	-119.35298058215236
P0DTC2	OG1		CB	D	1	345					THR	333-529		1	1	1	333-529	9JEB	THR	2.3	ok	THR_single	345	THR		60.71828609060781	-120.13122491029596
P0DTC2	OG1		CB	A	1	345					THR	334-529		1	1	1	334-529	9LH2	THR	2.3	ok	THR_single	345	THR		59.414710328610425	-125.6934470857071
P0DTC2	OG1		CB	A	1	345					THR	333-528		1	1	1	333-528	9ML8	THR	2.4	ok	THR_single	345	THR		58.610134571822016	-123.72530812921707
P15531	OG1		CB	A	1	94					THR	4-152		1	1	1	4-152	1JXV	THR	2.2	ok	THR_single	94	THR		59.045562235054476	-110.36855746656418
P15531	OG1		CB	A	1	94					THR	2-152		1	1	1	2-152	1UCN	THR	2.0	ok	THR_single	94	THR		59.00997362755271	-124.9608155562638
P15531	OG1		CB	A	1	94					THR	2-152		1	1	1	2-152	2HVD	THR	2.15	ok	THR_single	94	THR		58.067673552125605	-114.0902107513255
P15531	OG1		CB	A	1	94					THR	2-152		1	1	1	2-152	2HVE	THR	2.402	ok	THR_single	94	THR		57.25137606363418	-113.54496807288767
P15531	OG1		CB	A	1	94					THR	1-152		1	1	1	1-152	3L7U	THR	2.1	ok	THR_single	94	THR		58.24612245577604	-131.41291656598187
P15531	OG1		CB	A	1	94					THR	1-152		1	1	1	1-152	8OOV	THR	1.7	ok	THR_single	94	THR		58.42212576591913	-124.55049998045736
P28482	OH		CZ	A	1	185					THR	19-331,334-357		2	2	1	19-331,334-357	2OJG	TYR	2.0	ok	THR_single	185	THR	-0.20556893963556563		
P28482	OH		CZ	A	1	185					THR	15-358		2	2	1	15-358	2OJJ	TYR	2.4	ok	THR_single	185	THR	-0.5639038766454888		
P28482	OH		CZ	A	1	185					THR	11-331,336-357		2	2	1	11-331,336-357	4FUX	TYR	2.2	ok	THR_single	185	THR	-0.5251825312209355		
P28482	OH		CZ	A	1	185					THR	11-14,18-57,64-331,339-358		2	2	1	11-14,18-57,64-331,339-358	4FUY	TYR	2.0	ok	THR_single	185	THR	-1.3193789866086345		
P28482	OH		CZ	A	1	185					THR	11-331,336-358		2	2	1	11-331,336-358	4FV0	TYR	2.1	ok	THR_single	185	THR	-0.9904786306400922		
P28482	OH		CZ	A	1	185					THR	11-330,334-356		2	2	1	11-330,334-356	4FV1	TYR	1.99	ok	THR_single	185	THR	-0.8661098933973929		
P28482	OH		CZ	A	1	185					THR	11-331,334-357		2	2	1	11-331,334-357	4FV2	TYR	2.0	ok	THR_single	185	THR	-0.8299465195028122		
P28482	OH		CZ	A	1	185					THR	11-357		2	2	1	11-357	4FV3	TYR	2.2	ok	THR_single	185	THR	-1.0071512124763407		
P28482	OH		CZ	A	1	185					THR	11-331,336-358		2	2	1	11-331,336-358	4FV7	TYR	1.9	ok	THR_single	185	THR	-2.3617783800207115		
P28482	OH		CZ	A	1	185					THR	11-329,336-358		2	2	1	11-329,336-358	4G6N	TYR	2.0	ok	THR_single	185	THR	-2.1108791478684075		
P28482	OH		CZ	A	1	185					THR	11-33,36-329,334-357		2	2	1	11-33,36-329,334-357	4G6O	TYR	2.2	ok	THR_single	185	THR	-1.3850698372300052		
P28482	OH		CZ	A	1	185					THR	11-329,336-355		2	2	1	11-329,336-355	4ZZN	TYR	1.33	ok	THR_single	185	THR	-1.420574075990444		
P28482	OH		CZ	A	1	185					THR	11-357		2	2	1	11-357	6DMG	TYR	2.2	ok	THR_single	185	THR	-0.11185894101649184		
P28482	OH		CZ	A	1	185					THR	10-329,335-356		2	2	1	10-329,335-356	6NBS	TYR	1.9	ok	THR_single	185	THR	-0.3171370943218071		
P31749	OG1		CB	A	1	308					THR	4-42,50-109,144-187,201-301,307-438		3	1	1	4-42,50-109,144-187,201-301,307-438	4EJN	THR	2.19	ok	THR_single	308	THR		56.09342085395337	-30.973693169141864
P31749	OG1		CB	A	1	308					THR	3-44,49-112,144-186,205-301,305-444		3	1	1	3-44,49-112,144-186,205-301,305-444	6HHG	THR	2.3	ok	THR_single	308	THR		58.67534560105364	-121.51576490798006
P31749	OG1		CB	A	1	308					THR	3-44,47-113,144-444		3	1	1	3-44,47-113,144-444	6HHJ	THR	2.3	ok	THR_single	308	THR		58.41893215963717	-128.21530766858893
P31749	OG1		CB	A	1	308					THR	3-112,142-301,304-444		3	1	1	3-112,142-301,304-444	6S9W	THR	2.3	ok	THR_single	308	THR		58.81951396451163	-127.09248218220013
P31749	OG1		CB	A	1	308					THR	4-44,48-112,144-186,205-301,308-444		3	1	1	4-44,48-112,144-186,205-301,308-444	7NH4	THR	2.3	ok	THR_single	308	THR		58.5359197497098	-117.43240917432335
P31749	OG1		CB	A	1	308					THR	3-44,49-119,121-127,134-135,145-187,202-300,308-439		3	1	1	3-44,49-119,121-127,134-135,145-187,202-300,308-439	8UVY	THR	2.11	ok	THR_single	308	THR		58.40391829070764	130.7021115688356
P31749	OG1		CB	A	1	308					THR	4-44,50-119,121-127,134-135,145-187,200-299,307-429,432-437		3	1	1	4-44,50-119,121-127,134-135,145-187,200-299,307-429,432-437	8UW2	THR	2.2	ok	THR_single	308	THR		58.25583657718469	138.22038184476685
P31749	OG1		CB	A	1	308					THR	3-44,49-119,121-127,134-135,144-187,200-300,308-428		3	1	1	3-44,49-119,121-127,134-135,144-187,200-300,308-428	8UW9	THR	1.9	ok	THR_single	308	THR		58.47445341938844	123.45755660531516
P33981				A	1	686					THR	519-670,685-698,709-794		4	1	1	519-670,685-698,709-794	3CEK	THR	2.3	missing_required_atoms:OG1	THR_single	686	THR			
P33981	OG1		CB	A	1	686					THR	514-671,684-698,711-794		4	1	1	514-671,684-698,711-794	3HMO	THR	2.4	ok	THR_single	686	THR		59.00633507512399	125.80608219873575
P33981	OG1		CB	A	1	686					THR	516-671,682-698,710-794		4	1	1	516-671,682-698,710-794	3HMP	THR	2.3	ok	THR_single	686	THR		58.28700451033245	-5.329754896963853
P33981	OG1		CB	A	1	686					THR	516-558,560-674,685-699,711-795		4	1	1	516-558,560-674,685-699,711-795	3VQU	THR	2.4	ok	THR_single	686	THR		57.08353797187419	-9.579051482030799
P33981	OG1		CB	A	1	686					THR	516-674,685-699,711-794		4	1	1	516-674,685-699,711-794	3WZK	THR	2.3	ok	THR_single	686	THR		56.85895226197801	10.34394528211675
P33981	OG1		CB	A	1	675					THR	519-675,684-699,709-794		4	1	1	519-675,684-699,709-794	4C4J	THR	2.5	ok	THR_single	675	THR		55.86763522303218	-127.08383051927416
P33981	OG1		CB	A	1	686					THR	513-616,619-668,686-698,712-793		4	1	1	513-616,619-668,686-698,712-793	4D2S	THR	2.5	ok	THR_single	686	THR		54.120537688993394	-7.007484365607166
P33981	OG1		CB	A	1	686					THR	515-671,685-698,712-794		4	1	1	515-671,685-698,712-794	4JT3	THR	2.2	ok	THR_single	686	THR		54.47276016766017	131.45659253937998
P33981	OG1		CB	A	1	686					THR	515-677,686-699,711-793		4	1	1	515-677,686-699,711-793	4O6L	THR	2.38	ok	THR_single	686	THR		57.2642850157859	-1.9113484333263482
P33981	OG1		CB	A	1	686					THR	516-674,686-699,709-795		4	1	1	516-674,686-699,709-795	4ZEG	THR	2.33	ok	THR_single	686	THR		56.15047282953027	-13.46201691173553
P33981	OG1		CB	A	1	686					THR	519-674,681-698,710-794		4	1	1	519-674,681-698,710-794	5AP6	THR	2.1	ok	THR_single	686	THR		53.64568411642751	-10.420664357650987
P33981	OG1		CB	A	1	686					THR	519-673,684-697,711-794		4	1	1	519-673,684-697,711-794	5AP7	THR	2.45	ok	THR_single	686	THR		58.52274944302102	-13.394696060113821
P33981	OG1		CB	A	1	686					THR	516-674,685-698,710-794		4	1	1	516-674,685-698,710-794	5EH0	THR	2.18	ok	THR_single	686	THR		55.203730510963524	-8.66921530935742
P33981	OG1		CB	A	1	686					THR	519-674,684-698,711-794		4	1	1	519-674,684-698,711-794	5EHO	THR	2.18	ok	THR_single	686	THR		59.2095381944727	5.31314870802562
P33981	OG1		CB	A	1	686					THR	519-670,684-698,711-794		4	1	1	519-670,684-698,711-794	5EHY	THR	2.26	ok	THR_single	686	THR		58.7116156230557	0.15769910419024008
P33981	OG1		CB	A	1	686					THR	519-674,680-698,709-794		4	1	1	519-674,680-698,709-794	5EI6	THR	2.01	ok	THR_single	686	THR		54.361849785282246	-9.015420933069285
P33981	OG1		CB	A	1	686					THR	519-674,684-698,709-753		4	1	1	519-674,684-698,709-753	5EI8	THR	2.17	ok	THR_single	686	THR		53.65423676172993	-15.716769979857885
P33981	OG1		CB	A	1	686					THR	519-670,683-698,710-794		4	1	1	519-670,683-698,710-794	5N84	THR	2.3	ok	THR_single	686	THR		53.10124286342672	-8.70967645066495
P33981	OG1		CB	A	1	686					THR	519-673,686-698,709-794		4	1	1	519-673,686-698,709-794	6H3K	THR	2.48	ok	THR_single	686	THR		54.69549003134728	-1.1977079372472952
P42527	OG1		CB	A	1	612					THR	552-613,615-649,652-809		1	1	1	552-613,615-649,652-809	3LLA	THR	2.11	ok	THR_single	612	THR		56.81857759266741	7.178684566845282
P42527	OG1		CB	D	1	612					THR	552-650,656-809		1	1	1	552-650,656-809	3LMI	THR	2.2	ok	THR_single	612	THR		57.79894754833372	-129.38328848112172
P42527	OG1		CB	A	1	612					THR	556-613,615-649,652-809		1	1	1	556-613,615-649,652-809	3PDT	THR	1.8	ok	THR_single	612	THR		56.59015899027998	-14.757352758297133
P42527	OG1		CB	A	1	612					THR	552-649,653-815		1	1	1	552-649,653-815	4ZME	THR	1.98	ok	THR_single	612	THR		55.306340846069666	107.2662798483542
P42527	OG1		CB	B	1	612					THR	552-651,655-701,704-808		1	1	1	552-651,655-701,704-808	4ZMF	THR	2.39	ok	THR_single	612	THR		54.23905546295761	109.9586825508301
P42527	OG1		CB	B	1	612					THR	552-650,653-810		1	1	1	552-650,653-810	4ZS4	THR	2.4	ok	THR_single	612	THR		56.177222254343846	3.132091046237378
P42527	OG1		CB	B	1	612					THR	552-612,614-813		1	1	1	552-612,614-813	5E9E	THR	2.4	ok	THR_single	612	THR		56.236476715851836	-14.193758119988875
P48730	OG1		CB	C	1	220					THR	4-18,20-159,164-294		2	1	1	4-18,20-159,164-294	3UYS	THR	2.3	ok	THR_single	220	THR		58.233865737673625	123.53062928106952
P48730	OG1		CB	A	1	220					THR	5-43,47-294		2	1	1	5-43,47-294	3UYT	THR	2.0	ok	THR_single	220	THR		58.30680329316258	-144.99422125612304
P48730	OG1		CB	A	1	220					THR	3-294		2	1	1	3-294	3UZP	THR	1.94	ok	THR_single	220	THR		59.5673284215144	118.6966496252406
P48730	OG1		CB	A	1	220					THR	9-42,46-294		2	1	1	9-42,46-294	4HGT	THR	1.8	ok	THR_single	220	THR		58.065344059626675	108.13999083240081
P48730	OG1		CB	B	1	220					THR	5-294		2	1	1	5-294	4HNF	THR	2.07	ok	THR_single	220	THR		59.173872602155846	84.1478629093957
P48730	OG1		CB	B	1	220					THR	3-41,48-293		2	1	1	3-41,48-293	4KB8	THR	1.95	ok	THR_single	220	THR		54.800240761978046	-133.19631587165077
P48730	OG1		CB	B	1	220					THR	3-41,48-293		2	1	1	3-41,48-293	4KBA	THR	1.98	ok	THR_single	220	THR		54.157159451662245	-153.08763370680438
P48730	OG1		CB	A	1	220					THR	2-17,22-293		2	1	1	2-17,22-293	4KBC	THR	1.98	ok	THR_single	220	THR		53.81562597254394	114.24098636176858
P48730	OG1		CB	B	1	220					THR	3-168,171-293		2	1	1	3-168,171-293	4KBK	THR	2.1	ok	THR_single	220	THR		53.63861996981884	120.14694264793593
P48730	OG1		CB	A	1	220					THR	2-293		2	1	1	2-293	4TN6	THR	2.41	ok	THR_single	220	THR		52.19407773284606	50.75923646874737
P48730	OG1		CB	A	1	220					THR	2-218,220-295		2	1	1	2-218,220-295	4TWC	THR	1.7	ok	THR_single	220	THR		56.32019909815974	16.586063886028693
P48730	OG1		CB	C	1	220					THR	6-293		2	1	1	6-293	5MQV	THR	2.154	ok	THR_single	220	THR		58.33229151221589	-136.77906353662175
P48730	OG1		CB	C	1	220					THR	4-16,18-41,47-294		2	1	1	4-16,18-41,47-294	5OKT	THR	2.13	ok	THR_single	220	THR		57.316984844977824	9.886218142637258
P48730	OG1		CB	A	1	220					THR	3-293		2	1	1	3-293	5W4W	THR	1.99	ok	THR_single	220	THR		51.91302087221913	95.92357467118246
P48730	OG1		CB	B	1	220					THR	1-16,22-42,49-291		2	1	1	1-16,22-42,49-291	6F1W	THR	1.864	ok	THR_single	220	THR		58.41143548371545	118.94357383792413
P48730	OG1		CB	B	1	220					THR	3-16,22-42,48-293		2	1	1	3-16,22-42,48-293	6F26	THR	1.83	ok	THR_single	220	THR		58.72811335205037	119.26451629655658
P48730	OG1		CB	B	1	220					THR	1-295		2	1	1	1-295	6GZM	THR	1.59	ok	THR_single	220	THR		57.59093745655312	99.90165510391256
P48730	OG1		CB	A	1	220					THR	8-31,33-294		2	1	1	8-31,33-294	6HMP	THR	2.039	ok	THR_single	220	THR		57.349347435897535	6.105913845418105
P48730	OG1		CB	A	1	220					THR	7-31,33-294		2	1	1	7-31,33-294	6HMR	THR	1.782	ok	THR_single	220	THR		57.63208040253396	-12.34491803968236
P48730	OG1		CB	A	1	220					THR	2-291		2	1	1	2-291	6PXN	THR	1.551	ok	THR_single	220	THR		57.61785040281829	94.99537218548234
P48730				B	1	220					THR	1-292		2	1	1	1-292	6PXO	THR	2.0	missing_required_atoms:OG1	THR_single	220	THR			
P48730	OG1		CB	B	1	220					THR	2-294		2	1	1	2-294	6PXP	THR	2.35	ok	THR_single	220	THR		58.170354128267654	-122.29032939328292
P48730	OG1		CB	A	1	220					THR	1-293		2	1	1	1-293	6RCG	THR	1.4	ok	THR_single	220	THR		57.905804407268164	120.22478919054795
P48730	OG1		CB	A	1	220					THR	2-294		2	1	1	2-294	6RCH	THR	1.45	ok	THR_single	220	THR		57.69991797390305	108.42299777353605
P48730	OG1		CB	A	1	220					THR	3-17,22-294		2	1	1	3-17,22-294	6RU6	THR	2.05	ok	THR_single	220	THR		55.51327048281868	98.681349334622
P48730	OG1		CB	A	1	220					THR	3-294		2	1	1	3-294	6RU7	THR	2.08	ok	THR_single	220	THR		57.094446817498586	-131.8667060872336
P48730	OG1		CB	A	1	220					THR	2-294		2	1	1	2-294	6RU8	THR	1.92	ok	THR_single	220	THR		55.70265710127969	109.9156511878594
P48730	OG1		CB	A	1	220					THR	3-294		2	1	1	3-294	7P7H	THR	2.4	ok	THR_single	220	THR		56.03575040634532	-119.05675768900417
P48730	OG1		CB	B	1	220					THR	2-18,21-294		2	1	1	2-18,21-294	7QR9	THR	2.3	ok	THR_single	220	THR		56.085735855919225	101.76183105059256
P48730	OG1		CB	A	1	220					THR	3-17,21-294		2	1	1	3-17,21-294	7QRA	THR	2.4	ok	THR_single	220	THR		56.14298171900757	115.27764471625288
P48730	OG1		CB	A	1	220					THR	2-290		2	1	1	2-290	8D7M	THR	2.25	ok	THR_single	220	THR		55.01161489938966	-18.07984201292094
P48730	OG1		CB	A	1	220					THR	2-290		2	1	1	2-290	8D7N	THR	1.66	ok	THR_single	220	THR		55.46776867752984	-147.65301140694692
P48730	OG1		CB	A	1	220					THR	2-290		2	1	1	2-290	8D7O	THR	1.65	ok	THR_single	220	THR		56.485623923178	-142.62081369233073
P48730	OG1		CB	A	1	220					THR	2-290		2	1	1	2-290	8D7P	THR	2.25	ok	THR_single	220	THR		59.029613227024875	-144.461933213596
P48730	OG1		CB	B	1	220					THR	5-294		2	1	1	5-294	8IZC	THR	1.45	ok	THR_single	220	THR		55.407332770225544	115.1039495624336
P48730	OG1		CB	B	1	220					THR	2-169,174-217,220-298		2	1	1	2-169,174-217,220-298	8VXD	THR	2.47	ok	THR_single	220	THR		59.52194008817817	103.91060155073441
P48730	OG1		CB	A	1	220					THR	2-292,407-415		2	1	1	2-292,407-415	9B3S	THR	2.4	ok	THR_single	220	THR		56.21599665902669	-115.53586388891954
P49841	OG1		CB	A	1	277					THR	35-384		3	1	1	35-384	1O9U	THR	2.4	ok	THR_single	277	THR		58.25194474927346	118.71156551636707
P49841	OG1		CB	A	1	277					THR	35-121,125-287,295-383		3	1	1	35-121,125-287,295-383	3F7Z	THR	2.4	ok	THR_single	277	THR		61.54997399062392	119.53240783454632
P49841	OG1		CB	A	1	277					THR	35-119,125-286,290-383		3	1	1	35-119,125-286,290-383	3GB2	THR	2.4	ok	THR_single	277	THR		59.374454639159524	116.97599610216969
P49841	OG1		CB	A	1	277					THR	35-288,291-384		3	1	1	35-288,291-384	3SAY	THR	2.231	ok	THR_single	277	THR		57.43960292490129	116.41205368404191
P49841	OG1		CB	B	1	277					THR	36-384		3	1	1	36-384	3ZRK	THR	2.37	ok	THR_single	277	THR		57.39045691633077	117.50664374672643
P49841	OG1		CB	B	1	277					THR	36-384		3	1	1	36-384	3ZRL	THR	2.48	ok	THR_single	277	THR		57.86011653165121	117.8805540472646
P49841	OG1		CB	B	1	277					THR	36-384		3	1	1	36-384	3ZRM	THR	2.49	ok	THR_single	277	THR		56.78512240139313	113.12499971534133
P49841	OG1		CB	B	1	277					THR	34-89,94-384		3	1	1	34-89,94-384	4AFJ	THR	1.98	ok	THR_single	277	THR		54.46594707415574	119.38768371146762
P49841	OG1		CB	A	1	277					THR	36-383		3	1	1	36-383	4J71	THR	2.31	ok	THR_single	277	THR		58.06908602563381	97.51751979714982
P49841	OG1		CB	B	1	277					THR	36-45,49-89,95-287,294-384		3	1	1	36-45,49-89,95-287,294-384	5K5N	THR	2.2	ok	THR_single	277	THR		54.69705592859815	118.76659980898177
P49841	OG1		CB	A	1	277					THR	35-119,123-384		3	1	1	35-119,123-384	5KPK	THR	2.4	ok	THR_single	277	THR		56.85056401912019	110.42729740076965
P49841	OG1		CB	A	1	277					THR	35-384		3	1	1	35-384	6HK3	THR	2.35	ok	THR_single	277	THR		58.607095081893924	99.92968520900325
P49841	OG1		CB	A	1	277					THR	35-384		3	1	1	35-384	6HK4	THR	2.5	ok	THR_single	277	THR		57.65497645299795	95.41944367586969
P49841	OG1		CB	A	1	277					THR	35-384		3	1	1	35-384	6TCU	THR	2.14	ok	THR_single	277	THR		56.801708287995574	117.04486863233377
P49841	OG1		CB	A	1	277					THR	37-91,96-384		3	1	1	37-91,96-384	6V6L	THR	2.19	ok	THR_single	277	THR		56.30097992192929	116.52347016893711
P49841	OG1		CB	A	1	277					THR	35-384		3	1	1	35-384	6Y9R	THR	2.08	ok	THR_single	277	THR		57.53773021817528	116.00798866433135
P49841	OG1		CB	A	1	277					THR	35-287,293-383		3	1	1	35-287,293-383	6Y9S	THR	2.03	ok	THR_single	277	THR		58.3605702798999	123.53048336226826
P49841	OG1		CB	A	1	277					THR	36-382		3	1	1	36-382	7B6F	THR	2.05	ok	THR_single	277	THR		58.44280956248371	112.20375733557593
P49841	OG1		CB	A	1	277					THR	37-119,123-148,151-288,290-383		3	1	1	37-119,123-148,151-288,290-383	7SXH	THR	2.09	ok	THR_single	277	THR		58.58176062628555	117.30085867039041
P49841	OG1		CB	A	1	277					THR	34-63,67-120,122-383		3	1	1	34-63,67-120,122-383	7SXJ	THR	1.85	ok	THR_single	277	THR		58.55512439390095	112.9754610530676
P49841	OG1		CB	A	1	277					THR	27-119,124-381		3	1	1	27-119,124-381	8AV1	THR	2.15	ok	THR_single	277	THR		56.56091992510915	114.69792934221806
P49841	OG1		CB	A	1	277					THR	36-45,48-119,125-285,294-382		3	1	1	36-45,48-119,125-285,294-382	9PE9	THR	2.11	ok	THR_single	277	THR		56.35211240275414	109.90120316438032
P53667	OG1		CB	A	1	508					THR	330-486,507-637		1	1	1	330-486,507-637	3S95	THR	1.65	ok	THR_single	508	THR		57.44997505239768	126.06065275887768
P53667	OG1		CB	A	1	508					THR	329-485,508-633		1	1	1	329-485,508-633	5HVJ	THR	2.2	ok	THR_single	508	THR		57.411723585207234	-33.789113219322
P54646	OG1		CB	A	1	172					THR	8-346,363-376,398-473,530-551		1	1	1	8-346,363-376,398-473,530-551	8BIK	THR	2.5	ok	THR_single	172	THR		53.26935646883302	-146.6135236963279
P55011	OG1		CB	A	1	230					THR	207-231,236-250,282-926,1022-1212		3	1	1	207-231,236-250,282-926,1022-1212	9C0H	THR	2.5	ok	THR_single	230	THR		58.96287184328031	-7.157618223726842
P61006	OG1		CB	A	1	72					THR	6-176		2	1	1	6-176	6STF	THR	2.4	ok	THR_single	72	THR		56.48093343192876	-130.62544549915125
P61006	OG1		CB	A	1	72					THR	6-176		2	1	1	6-176	6STG	THR	2.5	ok	THR_single	72	THR		55.615056991168125	-89.65792391717628
P63086	OG1		CB	A	1	183					THR	9-55,61-183,187-327,335-353		2	1	1	9-55,61-183,187-327,335-353	4XOY	THR	2.1	ok	THR_single	183	THR		58.511865483504735	131.2438986742003
P9WI81	OG1		CB	A	1	173					THR	9-164,173-288		2	1	1	9-164,173-288	3ORO	THR	1.9	ok	THR_single	173	THR		57.6158317597059	107.36725937704021
Q13153				B	1	423					THR	249-415,423-542		1	1	1	249-415,423-542	1F3M		2.3	missing_residue	THR_single	423	THR			
Q13153	OG1		CB	A	1	423					THR	249-541		1	1	1	249-541	1YHW	THR	1.8	ok	THR_single	423	THR		59.66753882081165	-136.11295679160784
Q13153	OG1		CB	A	1	423					THR	251-267,273-289,294-303,309-545		1	1	1	251-267,273-289,294-303,309-545	3Q4Z	THR	1.887	ok	THR_single	423	THR		60.27210624813527	129.83689189788402
Q13153	OG1		CB	C	1	423					THR	250-289,291-302,308-413,419-541		1	1	1	250-289,291-302,308-413,419-541	4ZJI	THR	1.99	ok	THR_single	423	THR		57.302657383504624	-120.7968106644408
Q13153				A	1	423					THR	249-304,309-415,423-539		1	1	1	249-304,309-415,423-539	4ZJJ	THR	2.2	missing_required_atoms:OG1	THR_single	423	THR			
Q13153	OG1		CB	B	1	423					THR	255-304,306-542		1	1	1	255-304,306-542	4ZY5	THR	2.35	ok	THR_single	423	THR		58.927987070721215	-134.00444092217455
Q13153	OG1		CB	A	1	423					THR	251-300,307-336,339-542		1	1	1	251-300,307-336,339-542	4ZY6	THR	2.15	ok	THR_single	423	THR		55.8401601549454	129.10363677913307
Q13153	OG1		CB	A	1	423					THR	251-300,306-335,338-542		1	1	1	251-300,306-335,338-542	6B16	THR	2.285	ok	THR_single	423	THR		59.52732357789882	139.81776437889553
Q29495	OG1		CB	A	1	31					THR	30-195		1	1	1	30-195	1CJW	THR	1.8	ok	THR_single	31	THR		57.24248835203635	-118.41056591054738
Q29495	OG1		CB	A	1	31					THR	30-195		1	1	1	30-195	1KUV	THR	2.0	ok	THR_single	31	THR		59.555499098619265	1.879385059369654
Q29495	OG1		CB	A	1	31					THR	30-195		1	1	1	30-195	1KUX	THR	1.8	ok	THR_single	31	THR		58.887978746579265	-3.9322640926469896
Q29495	OG1		CB	A	1	31					THR	30-195		1	1	1	30-195	1KUY	THR	2.4	ok	THR_single	31	THR		58.634673904550844	-8.017760288173859
Q29495	OG1		CB	A	1	31					THR	30-195		1	1	1	30-195	1L0C	THR	2.3	ok	THR_single	31	THR		58.28111780030662	-1.0557442658776681
Q5S007	OG1		CB	B	1	1343					THR	1335-1357,1365-1378,1388-1512		1	1	1	1335-1357,1365-1378,1388-1512	2ZEJ	THR	2.0	ok	THR_single	1343	THR		61.71458075952448	-128.8405919674114
Q5S007	OG1		CB	B	1	1343					THR	1333-1519		1	1	1	1333-1519	6OJE	THR	1.95	ok	THR_single	1343	THR		56.88559307428676	-139.7717894711686
Q5S007	OG1		CB	A	1	1343					THR	1332-1519		1	1	1	1332-1519	6OJF	THR	1.6	ok	THR_single	1343	THR		56.924547660994406	-136.00861175388627
Q5S007	OG1		CB	B	1	1343					THR	1334-1356,1365-1515		1	1	1	1334-1356,1365-1515	6XAF	THR	1.968	ok	THR_single	1343	THR		58.82658278716211	-124.20532610619905
Q79V60	OG1		CB	A	1	432					THR	18-111,125-151,158-246,254-497		2	1	1	18-111,125-151,158-246,254-497	7DY1	THR	2.2	ok	THR_single	432	THR		56.54785367712427	114.09055367718528
Q818Z9	OG1		CB	A	1	85					THR	2-392		1	1	1	2-392	3TX0	THR	2.26	ok	THR_single	85	THR		56.5552670220765	-112.99061788116181
Q8DTU0	OG1		CB	A	1	92					THR	3-403		1	1	1	3-403	3M7V	THR	2.0	ok	THR_single	92	THR		57.700384701869595	5.5710725447108675
Q92918	OG1		CB	B	1	165					THR	8-24,30-156,159-167,173-294		2	1	1	8-24,30-156,159-167,173-294	7L26	THR	2.3	ok	THR_single	165	THR		55.59023853699582	125.63616602604381
Q99640	OG1		CB	B	1	260					THR	76-260,265-361		1	1	1	76-260,265-361	23ES	THR	1.74	ok	THR_single	260	THR		57.5952486071046	116.25901024456898
Q99640	OG1		CB	B	1	260					THR	76-260,265-361		1	1	1	76-260,265-361	23FW	THR	1.59	ok	THR_single	260	THR		59.23122995733621	-144.02960633321248
Q99640	OG1		CB	A	1	260					THR	77-361		1	1	1	77-361	5VCW	THR	2.25	ok	THR_single	260	THR		60.059095006327865	-127.4688649827346
Q99640	OG1		CB	A	1	260					THR	77-362		1	1	1	77-362	5VCY	THR	1.56	ok	THR_single	260	THR		58.29479738547393	121.94679980493102
Q99640	OG1		CB	A	1	260					THR	78-361		1	1	1	78-361	5VCZ	THR	1.5	ok	THR_single	260	THR		54.24904197021551	-28.777783642898193
Q99640	OG1		CB	A	1	260					THR	77-361		1	1	1	77-361	5VD0	THR	2.13	ok	THR_single	260	THR		57.534465129826025	-98.37567540967848
Q99640	OG1		CB	A	1	260					THR	77-361		1	1	1	77-361	5VD1	THR	1.7	ok	THR_single	260	THR		58.90276886532118	107.04230833294767
Q99640	OG1		CB	A	1	260					THR	78-360		1	1	1	78-360	5VD3	THR	1.8	ok	THR_single	260	THR		57.74346371605741	-113.90734656508434
Q99640	OG1		CB	B	1	260					THR	77-91,94-260,264-360		1	1	1	77-91,94-260,264-360	8D6C	THR	2.2	ok	THR_single	260	THR		57.45662742836842	125.7159188602168
Q99640	OG1		CB	A	1	260					THR	77-90,95-361		1	1	1	77-90,95-261,265-361	8D6E	THR	2.15	ok	THR_single	260	THR		58.0024902006248	-133.7670159993249
Q99640	OG1		CB	A	1	260					THR	76-261,267-361		1	1	1	76-261,267-361	8WJY	THR	1.88	ok	THR_single	260	THR		56.08901914595203	-140.85494018028382
Q99640	OG1		CB	B	1	260					THR	77-260,265-361		1	1	1	77-260,265-361	9LGN	THR	2.03	ok	THR_single	260	THR		58.85091918118818	-124.26477507348667
Q99640	OG1		CB	B	1	260					THR	77-86,93-361		1	1	1	77-86,93-361	9LID	THR	2.06	ok	THR_single	260	THR		57.79672633552713	119.92053595258689
Q99683	OG1		CB	A	1	838					THR	670-715,719-831,837-940		2	1	1	670-715,719-831,837-940	2CLQ	THR	2.3	ok	THR_single	838	THR		57.45324259184897	112.90895099424397
Q99683				A	1	838					THR	671-713,720-829,838-939		2	1	1	671-713,720-829,838-939	3VW6	THR	2.4	missing_required_atoms:OG1	THR_single	838	THR			
Q99683	OG1		CB	A	1	838					THR	670-829,838-940		2	1	1	670-829,838-940	5UOX	THR	2.5	ok	THR_single	838	THR		57.972884174421	-11.377819230667754
Q99683	OG1		CB	B	1	838					THR	670-829,838-940		2	1	1	670-829,838-940	5V24	THR	2.5	ok	THR_single	838	THR		55.965285845723706	1.911578984926845
Q9H8S9	OG1		CB	A	1	35					THR	15-18,23-211		2	1	1	15-18,23-211	5TWG	THR	2.3	ok	THR_single	35	THR		59.479219789611925	126.44090210825341
Q9H8S9	OG1		CB	A	1	35					THR	15-18,22-211		2	1	1	15-18,22-211	5TWH	THR	2.5	ok	THR_single	35	THR		58.650781729517135	129.44200217692554
Q9H8S9	OG1		CB	A	1	35					THR	33-99,102-212		2	1	1	33-99,102-212	5XQZ	THR	2.1	ok	THR_single	35	THR		56.915893200864886	124.94920617823094
Q9H8S9	OG1		CB	B	1	35					THR	33-213		2	1	1	33-213	6MCP	THR	2.5	ok	THR_single	35	THR		58.58597191415816	130.4626979344567
Q9I6W2	OG1		CB	A	1	68					THR	1-101,104-123		1	1	1	1-101,104-123	6KKP	THR	2.5	ok	THR_single	68	THR		56.929218693368476	-116.12820339421869
Q9NYL2	OG1		CB	A	1	161					THR	8-163,165-299		1	1	1	8-163,165-299	5X5O	THR	1.868	ok	THR_single	161	THR		57.915135236247984	115.12221292266011
Q9NYL2	OG1		CB	A	1	161					THR	8-304		1	1	1	8-304	6JUT	THR	2.1	ok	THR_single	161	THR		59.81856817268035	1.7524896582494542
Q9NYL2	OG1		CB	A	1	161					THR	8-299		1	1	1	8-299	6JUU	THR	1.903	ok	THR_single	161	THR		56.24925421859378	110.4944997772748
Q9NYL2	OG1		CB	A	1	161					THR	8-163,165-299		1	1	1	8-163,165-299	7YAW	THR	2.1	ok	THR_single	161	THR		56.62609904171962	21.286374329077763
Q9NZQ7	OG1		CB	C	1	127					THR	19-184,189-229		1	1	1	19-184,189-229	3SBW	THR	2.28	ok	THR_single	127	THR		58.927891834796185	-111.31587194200009
Q9NZQ7	OG1		CB	A	1	127					THR	19-230		1	1	1	19-230	4Z18	THR	1.952	ok	THR_single	127	THR		59.44176719889429	-117.90201050355824
Q9NZQ7	OG1		CB	A	1	127					THR	18-132		1	1	1	18-132	4ZQK	THR	2.45	ok	THR_single	127	THR		57.977333346548626	-125.47736125582273
Q9NZQ7	OG1		CB	A	1	127					THR	18-134		1	1	1	18-134	5C3T	THR	1.8	ok	THR_single	127	THR		59.67987277394674	-119.38226382258433
Q9NZQ7	OG1		CB	A	1	127					THR	18-134		1	1	1	18-134	5J89	THR	2.2	ok	THR_single	127	THR		58.108820606275565	-118.04395580840497
Q9NZQ7	OG1		CB	A	1	127					THR	18-134		1	1	1	18-134	5J8O	THR	2.3	ok	THR_single	127	THR		57.22558385816878	-120.38794401603091
Q9NZQ7	OG1		CB	A	1	127					THR	18-134		1	1	1	18-134	5N2D	THR	2.35	ok	THR_single	127	THR		57.621685804682265	-119.51191649759744
Q9NZQ7	OG1		CB	A	1	127					THR	18-134		1	1	1	18-134	5N2F	THR	1.7	ok	THR_single	127	THR		58.86060033200707	-116.02456380734588
Q9NZQ7	OG1		CB	A	1	127					THR	18-134		1	1	1	18-134	5NIU	THR	2.01	ok	THR_single	127	THR		57.14915117767304	-115.97792134564305
Q9NZQ7	OG1		CB	A	1	127					THR	17-134		1	1	1	17-134	5O45	THR	0.99	ok	THR_single	127	THR		56.235776749319875	-119.59597526195952
Q9NZQ7	OG1		CB	B	1	127					THR	18-132		1	1	1	18-132	5O4Y	THR	2.3	ok	THR_single	127	THR		59.98688290311388	-108.55902749632837
Q9NZQ7	OG1		CB	A	1	127					THR	19-184,187-214,218-228		1	1	1	19-184,187-214,218-228	5XJ4	THR	2.3	ok	THR_single	127	THR		58.74335234828095	-121.80545554008305
Q9NZQ7	OG1		CB	A	1	127					THR	19-134		1	1	1	19-134	6NM7	THR	2.426	ok	THR_single	127	THR		60.97539027370359	-115.16751108530659
Q9NZQ7	OG1		CB	A	1	127					THR	18-134		1	1	1	18-134	6NNV	THR	1.92	ok	THR_single	127	THR		59.29858801979305	-119.35653059503603
Q9NZQ7	OG1		CB	A	1	127					THR	18-134		1	1	1	18-134	6NOJ	THR	2.33	ok	THR_single	127	THR		56.924438962248374	-121.2150668609515
Q9NZQ7	OG1		CB	A	1	127					THR	18-44,47-134		1	1	1	18-44,47-134	6NP9	THR	1.27	ok	THR_single	127	THR		58.63610094554614	-120.00466328613388
Q9NZQ7	OG1		CB	A	1	127					THR	19-183,190-229		1	1	1	19-183,190-229	6PV9	THR	2.0	ok	THR_single	127	THR		58.68068669505336	-120.5614344022501
Q9NZQ7	OG1		CB	A	1	127					THR	18-134		1	1	1	18-134	6R3K	THR	2.2	ok	THR_single	127	THR		57.12251216993473	-113.75272838581958
Q9NZQ7	OG1		CB	A	1	127					THR	18-134		1	1	1	18-134	6VQN	THR	2.49	ok	THR_single	127	THR		59.803384063000486	-109.80013413157674
Q9NZQ7	OG1		CB	A	1	127					THR	18-134		1	1	1	18-134	6YCR	THR	1.54	ok	THR_single	127	THR		57.3351432093555	-113.98832612302667
Q9NZQ7	OG1		CB	A	1	127					THR	18-134		1	1	1	18-134	7BEA	THR	2.45	ok	THR_single	127	THR		59.09966420162985	-116.43020675523549
Q9NZQ7	OG1		CB	C	1	127					THR	19-134		1	1	1	19-134	7C88	THR	1.997	ok	THR_single	127	THR		58.70408906101268	-127.95663001431795
Q9NZQ7	OG1		CB	B	1	127					THR	19-134		1	1	1	19-134	7CZD	THR	1.64	ok	THR_single	127	THR		56.91251268771425	-114.09697905855369
Q9NZQ7	OG1		CB	A	1	127					THR	18-134		1	1	1	18-134	7DY7	THR	2.42	ok	THR_single	127	THR		59.192969822126855	-119.24206572699799
Q9NZQ7	OG1		CB	B	1	127					THR	18-134		1	1	1	18-134	7NLD	THR	2.3	ok	THR_single	127	THR		59.460897206079295	-108.19266182974727
Q9NZQ7	OG1		CB	A	1	127					THR	18-134		1	1	1	18-134	7OUN	THR	1.9	ok	THR_single	127	THR		57.62850478191619	-105.16765535695542
Q9NZQ7	OG1		CB	A	1	127					THR	18-134		1	1	1	18-134	7SJQ	THR	2.0	ok	THR_single	127	THR		56.950581663347585	-122.94592236987599
Q9NZQ7	OG1		CB	A	1	127					THR	18-134		1	1	1	18-134	7UXO	THR	2.25	ok	THR_single	127	THR		59.45919521878766	-104.19039242013952
Q9NZQ7	OG1		CB	A	1	127					THR	18-134		1	1	1	18-134	7YDS	THR	2.3	ok	THR_single	127	THR		59.11158636682575	-126.64756789577305
Q9NZQ7	OG1		CB	A	1	127					THR	20-134		1	1	1	20-134	8ALX	THR	1.1	ok	THR_single	127	THR		57.68945624478251	-118.12513363263832
Q9NZQ7	OG1		CB	A	1	127					THR	18-133		1	1	1	18-133	8AOK	THR	1.6	ok	THR_single	127	THR		58.261943324073144	-112.82949084389206
Q9NZQ7	OG1		CB	A	1	127					THR	19-215,218-235		1	1	1	19-215,218-235	8AOM	THR	2.202	ok	THR_single	127	THR		57.473173500946665	-121.59678349657727
Q9NZQ7	OG1		CB	A	1	127					THR	18-133		1	1	1	18-133	8K5N	THR	2.2	ok	THR_single	127	THR		58.46500442328681	-105.71494893340851
Q9NZQ7	OG1		CB	A	1	127					THR	18-134		1	1	1	18-134	9I0U	THR	1.46	ok	THR_single	127	THR		56.99563705513396	-117.54330820862626
Q9NZQ7	OG1		CB	B	1	127					THR	18-133		1	1	1	18-133	9I0W	THR	2.1	ok	THR_single	127	THR		61.25271962973945	-124.53964657527712
Q9NZQ7	OG1		CB	A	1	127					THR	18-134		1	1	1	18-134	9IJT	THR	2.05	ok	THR_single	127	THR		59.40009920791456	-119.03723251336991
Q9SRQ7	OG1		CB	A	1	158					THR	12-258,264-415		1	1	1	12-258,264-415	8HAV	THR	2.1	ok	THR_single	158	THR		56.917741753521966	-111.313547872985
Q9Y6E0	OG1		CB	A	1	190					THR	26-72,75-301		1	1	1	26-72,75-301	8QLQ	THR	1.64	ok	THR_single	190	THR		58.4349490414493	117.34737248971585
