left_n	right_n	left_median	right_median	u	p_value	cohort	residue	left_group	right_group	left_recovery_1A_pct	right_recovery_1A_pct
264	31	0.4104	0.3189	5117.5	0.022529527435404522	all_790	TPO	salt_bridge_like	none_obvious_only	79.16666666666666	83.87096774193549
264	43	0.4104	0.3486	6630.5	0.07716602852747897	all_790	TPO	salt_bridge_like	none_or_water	79.16666666666666	86.04651162790698
264	55	0.4104	0.4251	7546.5	0.6457891516706973	all_790	TPO	salt_bridge_like	all_non_salt	79.16666666666666	81.81818181818183
153	23	0.5575	1.2593	1294.0	0.04124881634429977	all_790	SEP	salt_bridge_like	none_obvious_only	73.20261437908496	43.47826086956522
153	68	0.5575	0.4702	5820.0	0.15927675486253468	all_790	SEP	salt_bridge_like	none_or_water	73.20261437908496	66.17647058823529
153	86	0.5575	0.51675	6831.0	0.623948658452699	all_790	SEP	salt_bridge_like	all_non_salt	73.20261437908496	65.11627906976744
180	7	1.0018	2.3841	171.0	0.0011009438096371109	all_790	PTR	salt_bridge_like	none_obvious_only	49.44444444444444	14.285714285714285
180	24	1.0018	1.60845	1425.0	0.00685646074704908	all_790	PTR	salt_bridge_like	none_or_water	49.44444444444444	37.5
180	37	1.0018	1.5274	2186.5	0.001016081866576537	all_790	PTR	salt_bridge_like	all_non_salt	49.44444444444444	35.13513513513514
263	31	0.4084	0.3189	5092.0	0.023378836173560683	common_785	TPO	salt_bridge_like	none_obvious_only	79.08745247148289	83.87096774193549
263	43	0.4084	0.3486	6596.0	0.08021480504745007	common_785	TPO	salt_bridge_like	none_or_water	79.08745247148289	86.04651162790698
263	55	0.4084	0.4251	7508.0	0.6574222438201187	common_785	TPO	salt_bridge_like	all_non_salt	79.08745247148289	81.81818181818183
153	23	0.5575	1.2593	1294.0	0.04124881634429977	common_785	SEP	salt_bridge_like	none_obvious_only	73.20261437908496	43.47826086956522
153	68	0.5575	0.4702	5820.0	0.15927675486253468	common_785	SEP	salt_bridge_like	none_or_water	73.20261437908496	66.17647058823529
153	86	0.5575	0.51675	6831.0	0.623948658452699	common_785	SEP	salt_bridge_like	all_non_salt	73.20261437908496	65.11627906976744
180	7	1.0018	2.3841	171.0	0.0011009438096371109	common_785	PTR	salt_bridge_like	none_obvious_only	49.44444444444444	14.285714285714285
180	24	1.0018	1.60845	1425.0	0.00685646074704908	common_785	PTR	salt_bridge_like	none_or_water	49.44444444444444	37.5
180	36	1.0018	1.5408	2074.5	0.0006657766906403996	common_785	PTR	salt_bridge_like	all_non_salt	49.44444444444444	33.33333333333333
