residue	pdb_id	chain	position	torsion	extractor_deg	biopython_deg	wrap_180_minus_extractor_deg	circular_error_deg
TPO	5K4P	A	285	torsion_N_CA_CB_OG1	-125.07326711587793	-54.92673288412208	-54.92673288412209	0.0
TPO	5LRN	A	285	torsion_N_CA_CB_OG1	-129.3610847580854	-50.6389152419146	-50.63891524191456	-5.684341886080802e-14
TPO	6LI4	A	285	torsion_N_CA_CB_OG1	-125.64019703176317	-54.35980296823683	-54.35980296823686	2.842170943040401e-14
TPO	6LI5	A	285	torsion_N_CA_CB_OG1	-132.28428438825088	-47.71571561174914	-47.71571561174915	0.0
TPO	6LI6	A	285	torsion_N_CA_CB_OG1	-133.59448902256727	-46.405510977432726	-46.405510977432755	2.842170943040401e-14
TPO	5K4P	A	285	torsion_CG2_CB_OG1_P	-45.841258746836544	-134.15874125316344	-134.15874125316344	0.0
TPO	5LRN	A	285	torsion_CG2_CB_OG1_P	-46.02625111341344	-133.97374888658655	-133.97374888658658	2.842170943040401e-14
TPO	6LI4	A	285	torsion_CG2_CB_OG1_P	-46.68301890265981	-133.31698109734018	-133.3169810973402	2.842170943040401e-14
TPO	6LI5	A	285	torsion_CG2_CB_OG1_P	-52.60007098868116	-127.39992901131882	-127.39992901131882	0.0
TPO	6LI6	A	285	torsion_CG2_CB_OG1_P	-47.38854475149402	-132.61145524850596	-132.611455248506	2.842170943040401e-14
SEP	6Y8Y	A	121	torsion_CA_CB_OG_P	-2.6018972591653333	-177.3981027408348	-177.3981027408347	-8.526512829121202e-14
SEP	6Y8Z	A	121	torsion_CA_CB_OG_P	-15.230740071458907	-164.7692599285411	-164.7692599285411	0.0
SEP	7A66	B	85	torsion_CA_CB_OG_P	-27.128146688277784	-152.8718533117222	-152.87185331172225	5.684341886080802e-14
SEP	7VCF	B	339	torsion_CA_CB_OG_P	-31.80302731640429	-148.19697268359573	-148.19697268359573	0.0
SEP	7VCF	B	344	torsion_CA_CB_OG_P	22.461690365742104	157.53830963425796	157.53830963425787	8.526512829121202e-14
PTR	7S6U	A	186	torsion_CE1_CZ_OH_P	-102.37580753877572	-77.62419246122427	-77.62419246122431	5.684341886080802e-14
PTR	7S6V	A	186	torsion_CE1_CZ_OH_P	-83.94321219044787	-96.05678780955213	-96.05678780955213	0.0
PTR	4RXZ	A	99	torsion_CE1_CZ_OH_P	107.3331172584344	72.6668827415656	72.66688274156559	0.0
PTR	5Y86	A	369	torsion_CE1_CZ_OH_P	-138.48128488336397	-41.51871511663603	-41.51871511663603	0.0
PTR	2B7A	B	1007	torsion_CE1_CZ_OH_P	-108.03960700890384	-71.96039299109616	-71.96039299109617	0.0
THR	5GRR	A	285	torsion_N_CA_CB_OG1	-139.4734068723249	-40.52659312767511	-40.52659312767514	2.842170943040401e-14
THR	5LRM	A	285	torsion_N_CA_CB_OG1	-140.40995892737473	-39.590041072625255	-39.59004107262524	0.0
THR	3Q3Q	A	89	torsion_N_CA_CB_OG1	-119.67610872583926	-60.323891274160765	-60.32389127416076	0.0
THR	5XWK	A	89	torsion_N_CA_CB_OG1	-113.56356212826196	-66.43643787173805	-66.43643787173801	-5.684341886080802e-14
THR	3WXK	A	12	torsion_N_CA_CB_OG1	112.20527124218133	67.7947287578187	67.79472875781869	0.0
SER	6JTU	A	225	torsion_N_CA_CB_OG	-5.562268079596133	-174.43773192040393	-174.43773192040385	-8.526512829121202e-14
SER	6QG9	G	225	torsion_N_CA_CB_OG	-9.905205749082164	-170.0947942509178	-170.09479425091786	5.684341886080802e-14
SER	6QGA	D	225	torsion_N_CA_CB_OG	-21.333667563290025	-158.66633243670998	-158.66633243670998	0.0
SER	6QGB	B	225	torsion_N_CA_CB_OG	-1.374166965852642	-178.62583303414763	-178.62583303414738	-2.5579538487363607e-13
SER	6QZ1	A	225	torsion_N_CA_CB_OG	-16.655144096821157	-163.3448559031788	-163.34485590317888	8.526512829121202e-14
