acc_id	anchor_atom	angle_base_anchor_p	base_atom	chain_id	context_n_sites	context_signature	d_P_O1P	d_P_O2P	d_P_O3P	d_anchor_p	expected_resname	mapped_uniprot_range	master_phospho_sites	master_site_count	n_context_sites_input	n_target_sites	observed_uniprot_range	pdb_id	resname	resolution	status	subset_class	target_position	target_site_residues	torsion_CA_CB_OG_P	torsion_N_CA_CB_OG
A0A6P3VN15	OG	112.96549938082684	CB	A	1	121	1.6045888038494884	1.6107803978604442	1.6056939594094015	1.6048380710442085	SEP	1-567		1	1	1	1-567	6Y8Y	SEP	1.95	ok	SEP_single	121	SEP	-2.6018972591653333	-40.427235593456295
A0A6P3VN15	OG	110.88409114159678	CB	A	1	121	1.6093895256234523	1.6120981752464585	1.6099495589191943	1.613260730814949	SEP	1-509,514-567		1	1	1	1-509,514-567	6Y8Z	SEP	2.05	ok	SEP_single	121	SEP	-15.230740071458909	-117.3335381698786
A0A915Q983	OG	116.76876133552682	CB	B	1	85	1.534066030332531	1.530236600645618	1.5219160375214045	1.5321853244333488	SEP	1-86		1	1	1	1-86	7A66	SEP	1.85	ok	SEP_single	85	SEP	-27.128146688277784	-130.07782935409455
A8IE32	OG	109.63206572382545	CB	B	2	339,344	1.604993839066059	1.603995884188677	1.6041900883069533	1.5987262121797157	SEP	137-620,632-798		2	2	2	137-620,632-798	7VCF	SEP	2.5	ok	SEP_only_multi_2	339	SEP,SEP	-31.803027316404286	-124.53154625763861
A8IE32	OG	109.36841972167056	CB	B	2	339,344	1.6090354822438038	1.6075466491858394	1.609159900601159	1.6088512766238157	SEP	137-620,632-798		2	2	2	137-620,632-798	7VCF	SEP	2.5	ok	SEP_only_multi_2	344	SEP,SEP	22.461690365742104	-17.45243315547161
B0XPI4	OG	118.27187908970912	CB	A	1	69	1.5181939389251402	1.535653831982961	1.5079684728982083	1.6139460648396498	SEP	1-84,102-565		1	1	1	1-84,102-565	4BJU	SEP	2.35	ok	SEP_single	69	SEP	-22.085956152673056	-10.970907324687426
B7UL96	OG	112.3298457609555	CB	C	1	59	1.5093369878899094	1.559141901954005	1.5117953693289514	1.5632678436585887	SEP	2-335		2	1	1	2-335	7AB3	SEP	2.4	ok	SEP_single	59	SEP	33.54097166451603	134.20755723150972
C5IWW7	OG	112.92445084762957	CB	A	1	218	1.6061892204091581	1.616134256210029	1.611316318304113	1.6198708756061708	SEP	2-570		1	1	1	2-570	9D1J	SEP	2.03	ok	SEP_single	218	SEP	-27.980575800775668	-27.377675841572128
J3QSS1	OG	108.35641489926074	CB	A	1	73	1.607880429982252	1.6076732474036264	1.6076595653304606	1.6065241718212877	SEP	52-93,132-782,815-1019		3	3	1	52-93,132-782,815-1019	9BWT	SEP	2.5	ok	SEP_mixed_with_TPO	73	SEP	7.119873702171081	-126.67623356669553
O06976	OG	121.17447498084022	CB	A	1	46	1.505175593538476	1.5127703511694457	1.5084506437218401	1.6061110218316825	SEP	1-85		1	1	1	1-85	2AK7	SEP	2.0	ok	SEP_single	46	SEP	20.52068207367272	7.056297234330626
O15530	OG	120.23376023559756	CB	A	1	241	1.4849764672161856	1.486793063143276	1.4864553683045671	1.4864018196159499	SEP	71-232,237-359		1	1	1	71-232,237-359	1H1W	SEP	2.0	ok	SEP_single	241	SEP	-25.178670758379994	83.84450685831138
O15530	OG	119.77821410246263	CB	A	1	241	1.4873167555778817	1.4851537699844852	1.4861215726197765	1.4817880433448425	SEP	72-232,239-360		1	1	1	72-232,239-360	1OKY	SEP	2.3	ok	SEP_single	241	SEP	24.605684617152537	125.79806473621578
O15530	OG	112.76941011193743	CB	A	1	241	1.615134060789573	1.6045704336746465	1.6128248950549635	1.6193579135829153	SEP	73-230,241-360		1	1	1	73-230,241-360	1UU3	SEP	1.7	ok	SEP_single	241	SEP	-59.080744862093916	85.9543739093057
O15530	OG	113.88188001789466	CB	A	1	241	1.6026938180767043	1.6029532900055086	1.609181865945343	1.6090872009682649	SEP	73-232,238-359		1	1	1	73-232,238-359	1UU7	SEP	1.9	ok	SEP_single	241	SEP	-73.72503962888219	114.43167380020617
O15530	OG	120.08164003743201	CB	A	1	241	1.4884511628376687	1.4880846927086147	1.4887767984932059	1.4962523877069855	SEP	72-231,240-358		1	1	1	72-231,240-358	1UU8	SEP	2.5	ok	SEP_single	241	SEP	-68.28196572005106	113.78409195169024
O15530	OG	120.11733440316645	CB	A	1	241	1.4896434964600882	1.4856001211021248	1.4860840467226615	1.4868594834176372	SEP	72-230,240-357		1	1	1	72-230,240-357	1UU9	SEP	1.95	ok	SEP_single	241	SEP	-62.84372846862391	104.92325418034419
O15530	OG	115.79659834770946	CB	A	1	241	1.4393739067505273	1.4457371664665517	1.4388775721996367	1.6031085627185993	SEP	74-230,241-359		1	1	1	74-230,241-359	1Z5M	SEP	2.17	ok	SEP_single	241	SEP	-39.49069160665924	128.25897373720105
O15530	OG	116.32748627870208	CB	A	1	241	1.4425368196182695	1.4400733166209467	1.4456934629690357	1.6064732975680047	SEP	74-230,241-359		1	1	1	74-230,241-359	2PE0	SEP	2.35	ok	SEP_single	241	SEP	16.820246785396105	123.70694840191545
O15530	OG	116.32539795787324	CB	A	1	241	1.4458999417269842	1.4444362230730678	1.438614453098768	1.6103026929485151	SEP	74-230,241-359		1	1	1	74-230,241-359	2PE1	SEP	2.14	ok	SEP_single	241	SEP	24.196370184804632	123.39043136441487
O15530	OG	116.1880457695863	CB	A	1	241	1.4432187509696788	1.4452293080978271	1.4404955166819133	1.6049755895268982	SEP	74-230,241-359		1	1	1	74-230,241-359	2PE2	SEP	2.13	ok	SEP_single	241	SEP	-47.36010559164539	110.1955811405919
O15530	OG	107.42274561230869	CB	A	1	241	1.6097764241711696	1.6110606025203773	1.609737376328544	1.615503776468872	SEP	73-231,240-359		1	1	1	73-231,240-359	2XCH	SEP	2.0	ok	SEP_single	241	SEP	-30.594700725893183	35.171979214794796
O15530	OG	112.01261136287444	CB	A	1	241	1.614313152106782	1.6149371796130858	1.6203253852454529	1.6268117162454019	SEP	76-231,240-359		1	1	1	76-231,240-359	2XCK	SEP	2.3	ok	SEP_single	241	SEP	-26.00430586669674	62.18898244783268
O15530	OG	111.13810149672057	CB	A	1	241	1.6094361686606282	1.6128040123295169	1.6145078610783155	1.619665898199197	SEP	75-231,241-359		1	1	1	75-231,241-359	3H9O	SEP	2.3	ok	SEP_single	241	SEP	-22.515714031939176	84.34385916454711
O15530	OG	111.51426304093812	CB	A	1	241	1.6098102985628846	1.5883415095891082	1.5987809922735468	1.6024655119472226	SEP	76-232,237-359		1	1	1	76-232,237-359	3HRC	SEP	1.91	ok	SEP_single	241	SEP	66.85784412106136	-120.24014188941507
O15530	OG	112.76394794315972	CB	A	1	241	1.6002228686896756	1.6081188689276442	1.579342290950116	1.6083315519829033	SEP	75-359		1	1	1	75-359	3HRF	SEP	1.9	ok	SEP_single	241	SEP	65.86157404578326	-124.26093409287543
O15530	OG	111.67748976352638	CB	A	1	241	1.6116227945014492	1.6139867272035815	1.6122034090147312	1.6157120911897234	SEP	75-231,241-359		1	1	1	75-231,241-359	3IOP	SEP	2.2	ok	SEP_single	241	SEP	-52.829104550066994	-0.007145554609540163
O15530	OG	112.10257472676456	CB	A	1	241	1.611400039684308	1.6101325273455174	1.6123008439876954	1.6190811361650337	SEP	71-231,241-358		1	1	1	71-231,241-358	3NUN	SEP	2.2	ok	SEP_single	241	SEP	-32.93923836970746	123.34534767538378
O15530	OG	111.14988519723312	CB	A	1	241	1.6111928584348327	1.6099511012017604	1.6121392895380597	1.6135532231408907	SEP	73-231,241-358		1	1	1	73-231,241-358	3NUU	SEP	1.9803	ok	SEP_single	241	SEP	-41.774046663016186	116.1187151706522
O15530	OG	114.36915621951667	CB	A	1	241	1.6109006698055812	1.6151045449164785	1.6099750698181867	1.617336959183032	SEP	73-231,241-358		1	1	1	73-231,241-358	3NUY	SEP	2.1	ok	SEP_single	241	SEP	-0.7324135263780398	107.86014705949842
O15530	OG	113.74620010693893	CB	A	1	241	1.6138509082594665	1.6074571803201265	1.6037604222004045	1.618882861804942	SEP	75-236,238-359		1	1	1	75-236,238-359	3ORX	SEP	2.2044	ok	SEP_single	241	SEP	-53.418561756909234	108.69212439245032
O15530	OG	111.36919544115612	CB	B	1	241	1.613854398069814	1.6121796194859626	1.6123385302161592	1.6147113558194024	SEP	73-231,240-359		1	1	1	73-231,240-359	3ORZ	SEP	1.9995	ok	SEP_single	241	SEP	-23.142072539790036	108.08599285464202
O15530	OG	109.13661301001244	CB	A	1	241	1.5585898666134776	1.5672877976140343	1.57071813844398	1.5961761188350299	SEP	77-90,92-231,237-359		1	1	1	77-90,92-231,237-359	3OTU	SEP	2.1013	ok	SEP_single	241	SEP	51.10430304254418	-50.484845478469516
O15530	OG	115.06793705866704	CB	A	1	241	1.5931168017259367	1.5742595218557143	1.5698833479387615	1.6398277260388285	SEP	76-231,239-359		1	1	1	76-231,239-359	3QC4	SEP	1.8	ok	SEP_single	241	SEP	66.40867967247236	-120.14901500214131
O15530	OG	112.02315593953959	CB	A	1	241	1.610849883070127	1.6099843124695998	1.6147782035900953	1.6164605905594838	SEP	73-231,241-358		1	1	1	73-231,241-358	3QCS	SEP	2.487	ok	SEP_single	241	SEP	-2.153365078464712	108.73141885304081
O15530	OG	111.81331013470978	CB	A	1	241	1.616122131560301	1.6151959882846672	1.6178810797127543	1.6221251288714893	SEP	73-231,241-358		1	1	1	73-231,241-358	3QCX	SEP	2.3	ok	SEP_single	241	SEP	45.38024350017357	135.7578592343864
O15530	OG	109.98019542597993	CB	A	1	241	1.6095756053796655	1.611768710333962	1.6149663479767218	1.608947395275706	SEP	71-231,241-358		1	1	1	71-231,241-358	3QD3	SEP	2.0	ok	SEP_single	241	SEP	-27.40493399400188	95.50749143599138
O15530	OG	110.69691903983487	CB	A	1	241	1.557395659343635	1.5658399216158547	1.570872122882208	1.5735526135051932	SEP	77-358		1	1	1	77-358	3RCJ	SEP	1.7	ok	SEP_single	241	SEP	63.73849539309088	-122.13513687855531
O15530	OG	115.09859945243905	CB	A	1	241	1.628079140954648	1.5925114835953595	1.6018468202755203	1.6282624714228568	SEP	73-231,241-359		1	1	1	73-231,241-359	3RWP	SEP	1.92	ok	SEP_single	241	SEP	-63.960620453785396	88.65585256250581
O15530	OG	110.54313760128235	CB	A	1	241	1.6052571472095518	1.6068663659288265	1.6010731573123773	1.6131915877994134	SEP	75-359		1	1	1	75-359	4A06	SEP	2.0	ok	SEP_single	241	SEP	67.25820103726043	-118.91803056800018
O15530	OG	110.65067760840864	CB	A	1	241	1.6114755738854878	1.597624852891986	1.598393609120372	1.6074038480146384	SEP	75-359		1	1	1	75-359	4A07	SEP	1.85	ok	SEP_single	241	SEP	61.27582691799433	-115.89773895910494
O15530	OG	108.27597331311009	CB	A	1	241	1.6040046504874867	1.6140684210033391	1.6038246215680942	1.5965398058828604	SEP	75-359		1	1	1	75-359	4AW0	SEP	1.43	ok	SEP_single	241	SEP	63.201019825977035	-118.63619694748463
O15530	OG	109.19407428579598	CB	A	1	241	1.6017617543748628	1.610259930966555	1.5945413992280615	1.6230344769164433	SEP	66-72,75-231,237-359		1	1	1	66-72,75-231,237-359	4AW1	SEP	1.68	ok	SEP_single	241	SEP	64.494656837089	-115.5930826059415
O15530	OG	107.86712481173608	CB	A	1	241	1.5877691418598179	1.6047377265914542	1.5983006287057824	1.5991797183775796	SEP	76-359		1	1	1	76-359	4CT1	SEP	1.85	ok	SEP_single	241	SEP	62.31086031927928	-116.56620309098358
O15530	OG	115.48336041430991	CB	A	1	241	1.6049006903804344	1.5872087365853982	1.6185271125732186	1.6195956025603055	SEP	75-118,124-359		1	1	1	75-118,124-359	4CT2	SEP	1.25	ok	SEP_single	241	SEP	64.8519549500992	-115.49485243943496
O15530	OG	111.39053980282954	CB	A	1	241	1.5974430495170329	1.601730497143652	1.6069601479902353	1.6052353858498598	SEP	74-359		1	1	1	74-359	4RQK	SEP	1.55	ok	SEP_single	241	SEP	66.11424651530875	-113.6152625297711
O15530	OG	113.78922944487374	CB	A	1	241	1.6035918249478172	1.59521064129887	1.5982260191797446	1.6166508522549468	SEP	71-359		1	1	1	71-359	4RQV	SEP	1.502	ok	SEP_single	241	SEP	68.22471172103089	-116.16242896005967
O15530	OG	113.95777940649563	CB	A	1	241	1.585705269900971	1.5821734477628497	1.5847592205959007	1.6170692857774458	SEP	76-359		1	1	1	76-359	4RRV	SEP	1.412	ok	SEP_single	241	SEP	66.49287934563488	-116.34547635057322
O15530	OG	114.33181892461005	CB	A	1	241	1.5946291364353213	1.5907667358780795	1.5891214654218673	1.6314456293499575	SEP	71-359		1	1	1	71-359	4XX9	SEP	1.4	ok	SEP_single	241	SEP	67.47174048233086	-117.65353917801563
O15530	OG	119.32160421765137	CB	A	1	241	1.5700775981317678	1.5500442382343225	1.5791612543755775	1.5838018071676847	SEP	73-359		1	1	1	73-359	5ACK	SEP	1.24	ok	SEP_single	241	SEP	66.09324010692333	-121.37093069922565
O15530	OG	114.10472250489462	CB	A	1	241	1.5191869579330428	1.5505575327616385	1.5248912881621657	1.5749949837680297	SEP	76-230,241-358		1	1	1	76-230,241-358	5HKM	SEP	2.1	ok	SEP_single	241	SEP	-62.65568890486676	25.416823535344168
O15530	OG	114.07068313617968	CB	A	1	241	1.6032372101761962	1.5695583968940927	1.6093065861001032	1.570994713019953	SEP	74-359		1	1	1	74-359	5LVL	SEP	1.4	ok	SEP_single	241	SEP	67.47215057172117	-117.32349956150868
O15530	OG	117.77725377079362	CB	A	1	241	1.5515736565610365	1.551804511835909	1.5426769471022403	1.6427165954384562	SEP	76-359		1	1	1	76-359	5LVM	SEP	1.26	ok	SEP_single	241	SEP	66.8323966341864	-119.97927883371176
O15530	OG	113.11985115236843	CB	A	1	241	1.6011114217288709	1.5819032407341467	1.5961606827429486	1.6006839690136032	SEP	75-359		1	1	1	75-359	5LVN	SEP	1.379	ok	SEP_single	241	SEP	67.65800471862688	-118.93953143421427
O15530	OG	116.37678388425462	CB	A	1	241	1.5652313398522668	1.5508290973438783	1.5467627911113742	1.6230561641484074	SEP	73-359		1	1	1	73-359	5LVO	SEP	1.09	ok	SEP_single	241	SEP	67.57368656503442	-119.18124780359263
O15530	OG	110.90726001237661	CB	B	1	241	1.614923691407285	1.614852666457499	1.6148383817984313	1.6130288518619689	SEP	74-231,241-359		1	1	1	74-231,241-359	5LVP	SEP	2.5	ok	SEP_single	241	SEP	18.790979022795337	-115.34887518154204
O15530	OG	114.87173732434714	CB	A	1	241	1.5892510475398902	1.5819465435636217	1.5928030663246828	1.6251724084260788	SEP	76-359		1	1	1	76-359	5MRD	SEP	1.41	ok	SEP_single	241	SEP	68.39026182383134	-121.14175302612136
O15530	OG	115.52200192962167	CB	A	1	241	1.5807482943237905	1.606795416662148	1.5997972414199755	1.5820889523342272	SEP	70-359		1	1	1	70-359	8DQT	SEP	1.31	ok	SEP_single	241	SEP	67.57464844843925	-120.62283488459359
O22476	OG	113.71017460215948	CB	A	3	1042,1044,1060	1.6091581239029267	1.612530565852445	1.6116379225429507	1.6252600057103754	SEP	863-970,977-1160		4	4	3	863-970,977-1160	4OH4	SEP	2.25	ok	SEP_mixed_with_TPO	1042	SEP,SEP,SEP	27.94250963552579	-108.95699094160628
O22476	OG	112.14935139558123	CB	A	3	1042,1044,1060	1.6193188665610105	1.6207735763599849	1.6126899889600277	1.6237216243996793	SEP	863-970,977-1160		4	4	3	863-970,977-1160	4OH4	SEP	2.25	ok	SEP_mixed_with_TPO	1044	SEP,SEP,SEP	-78.57742695936072	106.94048963648156
O22476	OG	114.34461027874995	CB	A	3	1042,1044,1060	1.6025028145759652	1.59206184919903	1.598169533943283	1.6152410212283377	SEP	863-970,977-1160		4	4	3	863-970,977-1160	4OH4	SEP	2.25	ok	SEP_mixed_with_TPO	1060	SEP,SEP,SEP	70.13089760569063	1.9029306233704513
O22476	OG	111.9533967365589	CB	A	3	1042,1044,1060	1.6088042012754553	1.6094172143676524	1.6110775137309052	1.6044227871279637	SEP	867-971,975-1087,1095-1160		4	4	3	867-971,975-1087,1095-1160	5LPB	SEP	1.98	ok	SEP_mixed_with_TPO	1042	SEP,SEP,SEP	-19.31597721239536	-136.503108437427
O22476	OG	111.91226479166184	CB	A	3	1042,1044,1060	1.6096177363105804	1.6092649763632112	1.6101582961181873	1.6141381022372072	SEP	867-971,975-1087,1095-1160		4	4	3	867-971,975-1087,1095-1160	5LPB	SEP	1.98	ok	SEP_mixed_with_TPO	1044	SEP,SEP,SEP	-64.79954854466314	114.2515485760702
O22476	OG	112.57767061618758	CB	A	3	1042,1044,1060	1.6108920604249866	1.6105034035270314	1.6110780820015937	1.6122336780296271	SEP	867-971,975-1087,1095-1160		4	4	3	867-971,975-1087,1095-1160	5LPB	SEP	1.98	ok	SEP_mixed_with_TPO	1060	SEP,SEP,SEP	1.5164794914061777	150.72623985571414
O22476	OG	111.0067263430079	CB	A	3	1042,1044,1060	1.610289062937017	1.6101002985433508	1.611318625241867	1.6056098929992866	SEP	866-971,975-1086,1095-1160		4	4	3	866-971,975-1086,1095-1160	5LPW	SEP	2.431	ok	SEP_mixed_with_TPO	1042	SEP,SEP,SEP	-0.1909975774225518	-126.08183035926567
O22476	OG	111.07228171734681	CB	A	3	1042,1044,1060	1.6090508096575096	1.6112084110866995	1.6091206197874357	1.6122643248700388	SEP	866-971,975-1086,1095-1160		4	4	3	866-971,975-1086,1095-1160	5LPW	SEP	2.431	ok	SEP_mixed_with_TPO	1044	SEP,SEP,SEP	-80.48944687751673	108.1595066693212
O22476	OG	111.92205032476375	CB	A	3	1042,1044,1060	1.6088995583482952	1.6099974215923416	1.6104672724419584	1.6131593951124397	SEP	866-971,975-1086,1095-1160		4	4	3	866-971,975-1086,1095-1160	5LPW	SEP	2.431	ok	SEP_mixed_with_TPO	1060	SEP,SEP,SEP	83.40922789281683	18.805353699684392
O22476	OG	112.13670791961052	CB	A	3	1042,1044,1060	1.6122654964271521	1.6081967865983262	1.6109728242473074	1.602047620759307	SEP	867-1086,1095-1160		4	4	3	867-1086,1095-1160	5LPY	SEP	2.3	ok	SEP_mixed_with_TPO	1042	SEP,SEP,SEP	5.978523034928393	-122.42295188232707
O22476	OG	111.47942108059425	CB	A	3	1042,1044,1060	1.6096361117789695	1.6101908417083084	1.611660138854465	1.6144592785063723	SEP	867-1086,1095-1160		4	4	3	867-1086,1095-1160	5LPY	SEP	2.3	ok	SEP_mixed_with_TPO	1044	SEP,SEP,SEP	-62.33490877422451	105.37914464780256
O22476	OG	111.52459641930962	CB	A	3	1042,1044,1060	1.6144241746672112	1.6107155752765998	1.631781946993999	1.6142804242993625	SEP	867-1086,1095-1160		4	4	3	867-1086,1095-1160	5LPY	SEP	2.3	ok	SEP_mixed_with_TPO	1060	SEP,SEP,SEP	9.67833199955581	-141.24924557693507
O22476	OG	111.25848583617503	CB	A	2	1042,1044	1.6108686555537401	1.610009546552834	1.6109869494301154	1.6102871975659176	SEP	866-1086,1095-1124,1126-1160		4	3	2	866-1086,1095-1124,1126-1160	5LPZ	SEP	2.48	ok	SEP_mixed_with_TPO	1042	SEP,SEP	13.594984361470097	-118.07938389850187
O22476	OG	110.76060086452745	CB	A	2	1042,1044	1.6104546922697676	1.6103733908649553	1.6106398875499035	1.6108670514151275	SEP	866-1086,1095-1124,1126-1160		4	3	2	866-1086,1095-1124,1126-1160	5LPZ	SEP	2.48	ok	SEP_mixed_with_TPO	1044	SEP,SEP	-69.12018013505137	103.70369184662715
O31465	OG	115.39441479435256	CB	A	1	74	1.5885276107718358	1.5979301118008742	1.5126747058394734	1.5030729160357164	SEP	1-5,13-35,45-327		1	1	1	1-5,13-35,45-327	1MKI	SEP	2.0	ok	SEP_single	74	SEP	63.27423880109678	-105.7653602267127
O32723	OG	97.39436135272022	CB	A	1	57	1.5444690820547122	1.5962223269317626	1.5606232870304215	1.536555568592753	SEP	2-112		1	1	1	2-112	1H4X	SEP	1.16	ok	SEP_single	57	SEP	-54.58950092284599	129.02995523631105
O43293	OG	115.64141742078831	CB	A	1	50	1.616519891146825	1.6115897922772966	1.6149770149793174	1.6089329685173837	SEP	5-169,179-278		2	2	1	5-169,179-278	2J90	SEP	2.0	ok	SEP_mixed_with_TPO	50	SEP	-13.762411631287291	93.53334263833966
O43318	OG	111.02812678027773	CB	A	1	192	1.539167038161572	1.5298279970106337	1.5327689742054607	1.5466228360341716	SEP	31-182,186-303		2	2	1	31-182,186-303	9FPD	SEP	2.402	ok	SEP_mixed_with_TPO	192	SEP	73.76751873053776	-14.047180855337233
O43683	OG	109.99467204678673	CB	A	1	969	1.609794628127232	1.6100587383846707	1.6100834258541807	1.611221485926597	SEP	740-806,815-931,939-1083		3	1	1	740-806,815-931,939-1083	4QPM	SEP	2.202	ok	SEP_single	969	SEP	-10.17203578395398	-8.916946458307011
O43683	OG	107.05029676968313	CB	A	1	969	1.6055625533705142	1.610045823630395	1.6049767676063584	1.6039292547783364	SEP	735-806,816-1083		3	1	1	735-806,816-1083	5DMZ	SEP	2.4	ok	SEP_single	969	SEP	18.224170754205296	-129.89617225130283
O43683	OG	124.52724637500467	CB	A	1	969	1.5372994592606248	1.5269844384441715	1.5280652463627047	1.62154947381983	SEP	733-806,813-1009,1012-1083		3	1	1	733-806,813-1009,1012-1083	6F7B	SEP	2.0	ok	SEP_single	969	SEP	-13.827014740782955	116.21091843968999
O43781	OG	116.51857835033968	CB	A	2	350,445	1.5204394962499717	1.5213188105486093	1.5484849474073776	1.6237472237537551	SEP	138-532		4	4	2	138-532	5Y86	SEP	1.9	ok	SEP_mixed_with_PTRTPO	350	SEP,SEP	-7.991670145006169	-99.77851555787237
O43781	OG	135.1115677750345	CB	A	2	350,445	1.4893399400923153	1.450363697805826	1.4523228713641225	1.7882765065282313	SEP	138-532		4	4	2	138-532	5Y86	SEP	1.9	ok	SEP_mixed_with_PTRTPO	445	SEP,SEP	-103.34643311908391	170.90649029635105
O48814	OG	111.01760453946599	CB	A	1	253	1.6119608337672267	1.6069870741206167	1.608864472437275	1.6110635928620454	SEP	52-69,80-223,243-360		1	1	1	52-69,80-223,243-360	5TOS	SEP	2.35	ok	SEP_single	253	SEP	45.281126319342654	-102.87324639080714
O60260	OG	117.91529983077517	CB	A	1	65	1.6050787033432363	1.607482830425389	1.6021633197341938	1.60931707105271	SEP	1-72,100-108,143-353,356-378		1	1	1	1-72,100-108,143-353,356-378	6GLC	SEP	1.8	ok	SEP_single	65	SEP	85.59231958383286	-4.493534870737869
O75385	OG	121.10088432260697	CB	A	1	87	1.514542347509841	1.5135290920114104	1.5114472330335025	1.6071555911541509	SEP	8-148,158-172,180-290		2	1	1	8-148,158-172,180-290	6MNH	SEP	1.73	ok	SEP_single	87	SEP	-50.150361294889784	100.87767913204982
O75385	OG	114.53470444580152	CB	A	1	87	1.5171239310828855	1.530561491794653	1.5466848806485574	1.6828999309032553	SEP	8-281		2	2	1	8-281	6QAS	SEP	1.75	ok	SEP_mixed_with_TPO	87	SEP	-33.521753981037016	125.67582913471806
O75385	OG	109.60104421642485	CB	A	1	87	1.6103087713958897	1.6118872030565097	1.6115150888651097	1.6153842330054158	SEP	8-281		2	2	1	8-281	8SV9	SEP	2.3	ok	SEP_mixed_with_TPO	87	SEP	-24.454136379698763	119.13076385403905
O75460	OG	112.43790223153393	CB	A	3	724,726,729	1.6123962900695008	1.6135562138261996	1.6115360932389402	1.6174031416880776	SEP	562-603,610-655,664-720,722-744,747-963		3	3	3	562-603,610-655,664-720,722-744,747-963	4YZC	SEP	2.494	ok	SEP_only_multi_3	724	SEP,SEP,SEP	-56.10456195241083	90.34007791566827
O75460	OG	110.83049095093821	CB	A	3	724,726,729	1.6127665585253899	1.6135826438997165	1.6134422088745375	1.6118250731594548	SEP	562-603,610-655,664-720,722-744,747-963		3	3	3	562-603,610-655,664-720,722-744,747-963	4YZC	SEP	2.494	ok	SEP_only_multi_3	726	SEP,SEP,SEP	-16.896275969209647	132.13876686468464
O75460	OG	112.4355428007011	CB	A	3	724,726,729	1.610009256478413	1.6071981818598535	1.6074032112189374	1.6034868658267223	SEP	562-603,610-655,664-720,722-744,747-963		3	3	3	562-603,610-655,664-720,722-744,747-963	4YZC	SEP	2.494	ok	SEP_only_multi_3	729	SEP,SEP,SEP	13.782146118819233	-99.50654580522017
O75460	OG	111.4450071126396	CB	A	3	724,726,729	1.6097204259322397	1.6094774221091743	1.6090540178054733	1.60836906836751	SEP	560-964		3	3	3	560-964	6W3C	SEP	2.3	ok	SEP_only_multi_3	724	SEP,SEP,SEP	-60.51323946581138	90.81037660935328
O75460	OG	108.85545520282155	CB	A	3	724,726,729	1.6075392810442612	1.610616728272398	1.611423448423397	1.606410767691127	SEP	560-964		3	3	3	560-964	6W3C	SEP	2.3	ok	SEP_only_multi_3	726	SEP,SEP,SEP	-31.371468408761846	111.8154131495931
O75460	OG	110.96263972651202	CB	A	3	724,726,729	1.607514373735977	1.6102370147107445	1.6106821869546442	1.6122514688168381	SEP	560-964		3	3	3	560-964	6W3C	SEP	2.3	ok	SEP_only_multi_3	729	SEP,SEP,SEP	14.015684456932332	-111.7592952832736
O75460	OG	111.01801008391456	CB	A	3	724,726,729	1.6106696944772758	1.6094661991831323	1.6081022996088246	1.605081345464397	SEP	560-963		3	3	3	560-963	6XDD	SEP	2.4	ok	SEP_only_multi_3	724	SEP,SEP,SEP	-52.45089075333699	96.69028400726212
O75460	OG	110.04598663215798	CB	A	3	724,726,729	1.6147269525999768	1.613811198611738	1.61398132410434	1.616803722789189	SEP	560-963		3	3	3	560-963	6XDD	SEP	2.4	ok	SEP_only_multi_3	726	SEP,SEP,SEP	-43.19704864360872	132.07209532188222
O75460	OG	112.04565990717997	CB	A	3	724,726,729	1.613480812719977	1.6148492087891435	1.6131364860381991	1.6197465105677735	SEP	560-963		3	3	3	560-963	6XDD	SEP	2.4	ok	SEP_only_multi_3	729	SEP,SEP,SEP	-67.66174135719542	58.46201192560776
O75531	OG	111.62177170863086	CB	A	1	4	1.5206672155526615	1.5181877583424155	1.5165425591898127	1.5400253749194475	SEP	2-89		2	2	1	2-89	7NDY	SEP	1.44	ok	SEP_mixed_with_TPO	4	SEP	-4.019350191862046	125.30183448793571
O94804	OG	106.32822868047673	CB	C	1	191	1.6501698675784688	1.6578075827310967	1.724604248057387	1.6355285100656791	SEP	24-70,72-312		3	3	1	24-70,72-312	6HXF	SEP	2.09	ok	SEP_mixed_with_TPO	191	SEP	4.917666279319177	-161.0206123637166
O96013	OG	103.66113279578387	CB	B	1	474	1.4797672844598826	1.604692961259121	1.6044162761644567	1.621068197243143	SEP	301-330,334-354,362-465,468-587		2	1	1	301-330,334-354,362-465,468-587	2BVA	SEP	2.3	ok	SEP_single	474	SEP	62.794549826091966	-116.4465075876166
O96013	OG	114.61180210926264	CB	A	1	474	1.6127585281481776	1.585202835611107	1.606802521228324	1.6106206591228842	SEP	299-341,344-590		2	1	1	299-341,344-590	2CDZ	SEP	2.3	ok	SEP_single	474	SEP	28.921108324585504	-121.29826256829841
O96013	OG	114.08337646084846	CB	A	1	474	1.6015711518753986	1.5973344412267532	1.608632687335492	1.6102042765385332	SEP	300-589		2	1	1	300-589	2J0I	SEP	1.6	ok	SEP_single	474	SEP	58.80100747800411	-123.42946399770483
O96013	OG	115.37563225722766	CB	A	1	474	1.5984965067916366	1.5651410702145814	1.5885527682623097	1.5930068363189729	SEP	298-591		2	1	1	298-591	2Q0N	SEP	1.75	ok	SEP_single	474	SEP	19.98919474177423	-129.82080458242874
O96013	OG	120.35802345862196	CB	A	1	474	1.4813015103465186	1.4868141058576045	1.5199024334783318	1.5875857947347687	SEP	299-590		2	1	1	299-590	2X4Z	SEP	2.1	ok	SEP_single	474	SEP	47.37450646657798	-117.96726564439007
O96013	OG	120.6779880503231	CB	A	1	474	1.481980998838465	1.484141801430877	1.5209887209894717	1.588103318786221	SEP	300-591		2	1	1	300-591	4APP	SEP	2.2	ok	SEP_single	474	SEP	49.74045854890476	-122.6651483310842
O96013	OG	118.81902608080134	CB	A	1	474	1.4923102400896822	1.518146733506679	1.505701270315514	1.5686497437221365	SEP	300-589		2	1	1	300-589	4JDH	SEP	2.0	ok	SEP_single	474	SEP	48.775436204312946	-129.24324901347998
O96013	OG	115.88521849413367	CB	A	1	474	1.4976316972447348	1.5205273304910976	1.511704371815822	1.608867736767409	SEP	300-589		2	1	1	300-589	4JDI	SEP	1.85	ok	SEP_single	474	SEP	56.60354521287885	-125.34816584556187
O96013	OG	120.52511402232152	CB	A	1	474	1.503020331209715	1.5136409281161125	1.5015202307213522	1.6171935271769409	SEP	300-589		2	2	1	300-589	4JDJ	SEP	2.3	ok	SEP_mixed_with_TPO	474	SEP	55.956498852148556	-127.0614078260821
O96013	OG	120.91638326578453	CB	A	1	474	1.5086224976026756	1.5033924301995731	1.492313776444544	1.6126303131397992	SEP	300-589		2	2	1	300-589	4JDK	SEP	2.4	ok	SEP_mixed_with_TPO	474	SEP	52.09509234281496	-123.27394607441926
O96013	OG	110.50220695704901	CB	A	1	474	1.6151452302903526	1.5923921208522014	1.609716225943916	1.6044180187443275	SEP	300-589		2	1	1	300-589	4NJD	SEP	2.5	ok	SEP_single	474	SEP	42.59572419748699	-117.81693228240673
O96013	OG	104.86751245395035	CB	A	1	474	1.6043267014339984	1.6061063446580084	1.610876742715112	1.59627555983804	SEP	300-589		2	1	1	300-589	4O0X	SEP	2.483	ok	SEP_single	474	SEP	-25.961741103212507	-147.5798870098781
O96013	OG	117.0231923900832	CB	A	1	474	1.606788180527331	1.6057313833119038	1.6092298642176976	1.6048693866241204	SEP	300-589		2	1	1	300-589	4O0Y	SEP	2.2	ok	SEP_single	474	SEP	-48.97061981908219	134.57881442643452
O96013	OG	117.12741881574712	CB	A	1	474	1.5459085541710444	1.5091492417230408	1.4754144780330334	1.5812858559409864	SEP	297-589		2	1	1	297-589	4XBU	SEP	2.06	ok	SEP_single	474	SEP	38.41039626118954	-125.86269356089346
O96013	OG	109.61892752163384	CB	A	1	474	1.6113692860180215	1.610622249536089	1.6105746163129835	1.6100944805409778	SEP	300-589		2	1	1	300-589	5VED	SEP	2.301	ok	SEP_single	474	SEP	53.7403534624442	-117.97257793474627
O96013	OG	125.1980462769194	CB	A	1	474	1.5131852166089939	1.538035526664089	1.5187324249532295	1.6230003825979913	SEP	300-589		2	1	1	300-589	5VEE	SEP	2.5	ok	SEP_single	474	SEP	-13.618406192228734	176.25073766901116
O96013	OG	112.46718560901564	CB	A	1	474	1.602669057380305	1.6005412313959662	1.583747504366059	1.6148822247162637	SEP	300-589		2	1	1	300-589	5VEF	SEP	1.752	ok	SEP_single	474	SEP	54.69895469538954	-118.18346935049227
O96013	OG	113.76491500797587	CB	A	1	474	1.5891923900447362	1.602520553514214	1.6032572292104945	1.6010587485243288	SEP	300-591		2	1	1	300-591	5XVA	SEP	1.847	ok	SEP_single	474	SEP	36.616487616442356	-124.96132882864767
O96013	OG	113.4132359629572	CB	A	1	474	1.6143521727942665	1.5997296825633578	1.610909446759701	1.6074793681280464	SEP	300-591		2	1	1	300-591	5XVG	SEP	2.1	ok	SEP_single	474	SEP	36.95656884135054	-121.39140225401098
O96013	OG	111.9872531098594	CB	A	1	474	1.6022142148556833	1.61271619387544	1.6080129519126218	1.6045614145424876	SEP	300-591		2	1	1	300-591	5ZJW	SEP	1.798	ok	SEP_single	474	SEP	44.71902273881946	-112.02410690627102
O96013	OG	110.66645720666163	CB	A	1	474	1.6088227733642053	1.6120106782633443	1.6092569747288237	1.6112137763696681	SEP	300-591		2	1	1	300-591	7CP4	SEP	2.5	ok	SEP_single	474	SEP	58.625680068000904	-117.13485344734562
O96013	OG	117.94898067767535	CB	A	1	474	1.5267997417135128	1.5272999151748874	1.5289429433004988	1.5757081047934611	SEP	300-591		2	1	1	300-591	8AHG	SEP	1.885	ok	SEP_single	474	SEP	59.02148559299452	-129.7813901967015
O96013	OG	117.6374674739584	CB	A	1	474	1.5260891002437205	1.5248652410334118	1.4878345275056908	1.567499271375138	SEP	300-591		2	1	1	300-591	8AHH	SEP	2.037	ok	SEP_single	474	SEP	49.79808179759516	-131.1632300794042
O96013	OG	117.36539072524803	CB	A	1	474	1.5380443694532393	1.5404348795374776	1.5329205232189262	1.6090136162494604	SEP	300-589		2	1	1	300-589	9D52	SEP	2.449	ok	SEP_single	474	SEP	44.58842926811375	-121.28768129740634
O96013	OG	119.05784040726692	CB	A	1	474	1.498458314107785	1.4965497278441902	1.531215344105462	1.6020218385753988	SEP	300-591		2	1	1	300-591	9D53	SEP	2.468	ok	SEP_single	474	SEP	60.54855032056544	-146.9978121871833
P00517	OG	110.84598435850612	CB	A	2	140,339	1.5444801536861419	1.5466908115267533	1.55153860045013	1.5877459604311435	SEP	19-317,323-351		4	3	2	19-317,323-351	5VHB	SEP	1.61	ok	SEP_mixed_with_TPO	140	SEP,SEP	-18.94607754948619	116.06997506468478
P00517	OG	118.17554651185763	CB	A	2	140,339	1.5373983355330805	1.515934389250535	1.5259430577623998	1.5986649998211317	SEP	19-317,323-351		4	3	2	19-317,323-351	5VHB	SEP	1.61	ok	SEP_mixed_with_TPO	339	SEP,SEP	96.9913493307993	1.8865352839104867
P00517	OG	114.55324463192355	CB	A	1	339	1.5102662886658271	1.5072100542362399	1.5227376328655295	1.5747107893415435	SEP	19-351		4	2	1	19-351	6E99	SEP	1.88	ok	SEP_mixed_with_TPO	339	SEP	89.85159649307455	6.563002051206461
P00517	OG	114.11927307999262	CB	A	2	140,339	1.6270737001275353	1.6055177042294877	1.618770714489097	1.6323768236373806	SEP	13-351		4	3	2	13-351	8SF8	SEP	1.7	ok	SEP_mixed_with_TPO	140	SEP,SEP	-17.539038974236206	114.31983893470327
P00517	OG	111.73493912025278	CB	A	2	140,339	1.603648706332832	1.5978710930413798	1.616648317395756	1.6243894990588672	SEP	13-351		4	3	2	13-351	8SF8	SEP	1.7	ok	SEP_mixed_with_TPO	339	SEP,SEP	83.07025495769658	4.735439897586623
P02752	OG	120.49240490179491	CB	A	2	213,214	1.509874755507432	1.5101666379326077	1.5099699713677723	1.6096275622519873	SEP	21-201,213-231		2	2	2	21-201,213-231	6HCE	SEP	2.5	ok	SEP_only_multi_2	213	SEP,SEP	24.282694811630247	-6.296326999218797
P02752	OG	120.52309847033632	CB	A	2	213,214	1.510552707675663	1.509463119883344	1.5095685023903358	1.609621786579053	SEP	21-201,213-231		2	2	2	21-201,213-231	6HCE	SEP	2.5	ok	SEP_only_multi_2	214	SEP,SEP	-0.44529230607552056	-77.60813880406616
P04629	OG	122.95878219699206	CB	A	1	677	1.5158765168217156	1.515864680643644	1.5174809402514147	1.618207179706149	SEP	491-493,501-548,553-606,613-795		2	1	1	491-493,501-548,553-606,613-795	6NPT	SEP	2.19	ok	SEP_single	677	SEP	0.6950174261940033	93.93136828963003
P04629	OG	122.8372581005693	CB	A	1	677	1.515499663492577	1.5157623252146781	1.5117166050434663	1.6111856569451508	SEP	500-548,552-683,687-795		2	1	1	500-548,552-683,687-795	6PL1	SEP	2.03	ok	SEP_single	677	SEP	-46.423954149347566	41.08302870584915
P04629	OG	122.5319703591494	CB	A	1	677	1.5201520840156868	1.5170350608546215	1.5183336485943428	1.6170776739698591	SEP	485-490,500-608,612-795		2	1	1	485-490,500-608,612-795	6PL4	SEP	2.06	ok	SEP_single	677	SEP	12.71421809685863	107.70327962043815
P04629	OG	119.93860944154387	CB	A	1	677	1.5385955847255106	1.5333558100654254	1.5398161168410058	1.6010549053450602	SEP	500-605,613-795		2	1	1	500-605,613-795	6PMC	SEP	2.19	ok	SEP_single	677	SEP	15.943754427497655	116.17867746229437
P07515	OG	110.67549245193021	CB	A	1	46	1.5701541332090987	1.5925953261514056	1.4809568678525467	1.5854622240580971	SEP	1-87		1	1	1	1-87	1FU0	SEP	1.9	ok	SEP_single	46	SEP	-8.398830617106809	-13.65834435537368
P08149	OG	118.88459167780495	CB	A	1	465	1.60473603849428	1.6161874474899374	1.6115663980873969	1.6661649908501759	SEP	63-92,164-501,513-573		1	1	1	63-92,164-501,513-573	3EQU	SEP	2.4	ok	SEP_single	465	SEP	-87.89873956481628	155.95672810728007
P08149	OG	116.03734538271604	CB	A	1	465	1.6087316378670282	1.60880517682862	1.609185172062792	1.6376754156147562	SEP	53-93,164-503,512-573		1	1	1	53-93,164-503,512-573	3EQV	SEP	2.4	ok	SEP_single	465	SEP	-77.20012532798589	153.4034124388861
P08149	OG	128.7785588409049	CB	A	1	465	1.503993243269055	1.5069568889008498	1.5056390591739843	1.6694423883320266	SEP	53-92,164-573		1	1	1	53-92,164-573	5KSH	SEP	2.4	ok	SEP_single	465	SEP	-96.64904490296172	159.1631513071282
P08200	OG	132.20893690086612	CB	A	1	113	1.4761436859778758	1.5911172965182938	1.4672642234067452	1.569990992224229	SEP	3-416		1	1	1	3-416	4ICD	SEP	2.5	ok	SEP_single	113	SEP	46.54898277899612	-5.443363201724315
P0DMV8	OG	113.83963304324938	CB	A	1	66	1.591861084758033	1.6097306609986048	1.6174942575628313	1.6192387368766985	SEP	4-381		1	1	1	4-381	6FHK	SEP	1.657	ok	SEP_single	66	SEP	-35.09126124026082	121.48666242751388
P11309	OG	126.03054222249553	CB	A	1	261	1.5305313632904964	1.6435157723525524	1.6222314983510941	1.8106211191174577	SEP	33-79,84-305		2	1	1	33-79,84-305	1YHS	SEP	2.15	ok	SEP_single	261	SEP	80.85262906680916	-128.96520942852564
P11309	OG	120.57617126902981	CB	A	1	261	1.4782099996009532	1.5333635465189317	1.5593413266632334	1.5940243237219027	SEP	33-79,84-305		2	1	1	33-79,84-305	1YI3	SEP	2.5	ok	SEP_single	261	SEP	75.40949780116645	-118.95867286723406
P11309	OG	121.80717802146754	CB	A	1	261	1.469559320880841	1.5368649394903566	1.549675696334772	1.5882447708008416	SEP	33-79,84-305		2	1	1	33-79,84-305	1YI4	SEP	2.4	ok	SEP_single	261	SEP	66.57564385074126	-112.79693555134008
P11309	OG	112.64006298308809	CB	A	1	261	1.4914950612615543	1.6160894467533244	1.6115132366588667	1.607486638543097	SEP	33-305		2	1	1	33-305	2OBJ	SEP	2.5	ok	SEP_single	261	SEP	2.104898499855051	-124.14219062982082
P11309	OG	117.4053717423785	CB	A	2	261,276	1.6064083028717722	1.6325574672809082	1.6247587933404586	1.6441805090845287	SEP	33-306		2	2	2	33-306	2XIX	SEP	2.4	ok	SEP_only_multi_2	261	SEP,SEP	65.94368981553671	-113.19523063135902
P11309	OG	118.58848925803454	CB	A	2	261,276	1.6156980251954725	1.6341134497684835	1.6124270347999123	1.6554120365884692	SEP	33-306		2	2	2	33-306	2XIX	SEP	2.4	ok	SEP_only_multi_2	276	SEP,SEP	-73.40762759032776	149.44932220514775
P11309	OG	117.42482542688069	CB	A	1	261	1.6000931000350007	1.6306456894540289	1.620181359347645	1.6362808625719205	SEP	33-306		2	1	1	33-306	2XIY	SEP	2.2	ok	SEP_single	261	SEP	62.92559375481854	-115.00784448655884
P11309	OG	117.24681086114542	CB	A	1	261	1.6087298633375373	1.6255619981082663	1.6178950445796316	1.634928090583339	SEP	33-306		2	1	1	33-306	2XIZ	SEP	2.21	ok	SEP_single	261	SEP	66.37751883481059	-114.85435801423118
P11309	OG	115.8777921878497	CB	A	1	261	1.606881325576358	1.624189919083069	1.620663980589361	1.6404835234575224	SEP	33-306		2	1	1	33-306	2XJ1	SEP	2.13	ok	SEP_single	261	SEP	66.30181742086036	-115.99347868597681
P11309	OG	116.34951334534954	CB	A	1	261	1.609030924243219	1.6316774661199536	1.6143520511110232	1.6285143847631416	SEP	33-306		2	1	1	33-306	2XJ2	SEP	2.2	ok	SEP_single	261	SEP	62.21762213942233	-115.10325610727718
P11309	OG	125.4277947883459	CB	A	1	261	1.5139818215617604	1.4853777814571871	1.587782759751662	1.8103938875676606	SEP	33-305		2	1	1	33-305	3BGQ	SEP	2.0	ok	SEP_single	261	SEP	100.70271462359312	-138.58284773108025
P11309	OG	118.93299504795813	CB	A	1	261	1.6249497021119086	1.6246863317124807	1.6267291986838102	1.6773244807697365	SEP	33-79,85-305		2	1	1	33-79,85-305	3BGZ	SEP	2.4	ok	SEP_single	261	SEP	71.03053835705003	-117.08730315188278
P11309	OG	118.6446433336573	CB	A	1	261	1.6289556645214462	1.5850184796777558	1.6220842834475826	1.5959576795589163	SEP	33-81,84-305		2	1	1	33-81,84-305	3CY3	SEP	2.15	ok	SEP_single	261	SEP	19.991972056186675	-134.68974259739866
P11309	OG	109.48776604845182	CB	A	1	261	1.4894717891580713	1.4910100006156009	1.4901904927826413	1.5937780525886136	SEP	32-308		2	1	1	32-308	3F2A	SEP	1.9	ok	SEP_single	261	SEP	80.09684101624282	-146.82371997446958
P11309	OG	114.2229546015177	CB	A	1	261	1.5994098677456359	1.5605835536606751	1.5932265550203166	1.6283813347549612	SEP	37-45,48-305		2	1	1	37-45,48-305	3MA3	SEP	2.3	ok	SEP_single	261	SEP	-59.96772650854853	141.43599849510633
P11309	OG	115.53002546299939	CB	A	1	261	1.633635692606236	1.622061761588304	1.619144358579427	1.6456177306073287	SEP	32-305		2	1	1	32-305	4A7C	SEP	2.3	ok	SEP_single	261	SEP	65.70892541221446	-112.68009679090959
P11309	OG	121.75573247596431	CB	A	1	261	1.5311660026896061	1.5255024687914636	1.5116534357466749	1.6427597611753981	SEP	33-305		2	1	1	33-305	4BZN	SEP	1.9	ok	SEP_single	261	SEP	73.78013399038565	-118.7197587266635
P11309	OG	123.95584646219483	CB	A	1	261	1.538201841129417	1.5250924179717589	1.5335247612492038	1.6558298540493614	SEP	33-305		2	1	1	33-305	4BZO	SEP	2.1	ok	SEP_single	261	SEP	74.44181320286305	-124.50424421168263
P11309	OG	118.04590189811879	CB	A	1	261	1.5597735474938939	1.547348823877439	1.5690745282660628	1.7078253676993278	SEP	33-305		2	1	1	33-305	4N6Z	SEP	2.2	ok	SEP_single	261	SEP	66.9358651179833	-123.97704938426979
P11309	OG	119.96339750839641	CB	A	1	261	1.6486981342015792	1.5908100046666738	1.622166322393126	1.6779098891568833	SEP	32-306		2	1	1	32-306	4N70	SEP	2.1	ok	SEP_single	261	SEP	71.07289762433679	-119.98487848451005
P11309	OG	120.50097118609513	CB	A	1	261	1.5096511081246868	1.5099959475535814	1.5100610179426992	1.609481555645959	SEP	33-305		2	1	1	33-305	4RC2	SEP	2.096	ok	SEP_single	261	SEP	54.86186447355263	-115.8339192042692
P11309	OG	120.48172145610665	CB	A	1	261	1.5108463973887651	1.5100449792494475	1.5097376320022593	1.6100790094006365	SEP	33-47,49-305		2	1	1	33-47,49-305	4RC3	SEP	2.338	ok	SEP_single	261	SEP	76.25104312952742	-121.19539463016119
P11309	OG	116.91944241648235	CB	A	1	261	1.4986634996226598	1.5333644726012188	1.5693341626917068	1.605940628014482	SEP	33-306		2	1	1	33-306	5DWR	SEP	2.0	ok	SEP_single	261	SEP	73.67171986034667	-117.62786964208433
P11309	OG	112.46469565650324	CB	A	1	261	1.563536227585945	1.5399430778206322	1.5674365194130064	1.665247120782874	SEP	32-305		2	1	1	32-305	5IIS	SEP	2.1	ok	SEP_single	261	SEP	64.71781082649197	-118.5770282099096
P11309	OG	114.14409620429258	CB	A	1	261	1.6191446449452667	1.6197534167375465	1.6180599753465397	1.62467353113997	SEP	33-46,51-305		2	1	1	33-46,51-305	5N51	SEP	2.118	ok	SEP_single	261	SEP	70.66490904296924	-118.78325493486648
P11309	OG	114.38222711477215	CB	A	1	261	1.6128730210053892	1.6299963262047072	1.6259547800570473	1.6333657861588018	SEP	33-80,82-305		2	1	1	33-80,82-305	5N5L	SEP	1.97	ok	SEP_single	261	SEP	69.49912481707558	-114.1750375543118
P11309	OG	114.71042717158481	CB	A	1	261	1.6160326066858728	1.635060143926251	1.6306022870754928	1.631871142293539	SEP	33-305		2	1	1	33-305	5N5M	SEP	2.21	ok	SEP_single	261	SEP	63.478775318775405	-113.05652131914162
P11309	OG	123.53965848733733	CB	A	1	261	1.5721718614673779	1.5579998245212585	1.5315483705798676	1.6973157333911792	SEP	34-47,50-305		2	1	1	34-47,50-305	5O11	SEP	2.4	ok	SEP_single	261	SEP	67.79968568757099	-128.68053771595913
P11309	OG	124.97595757965068	CB	A	1	261	1.5319375467855	1.5713958980362093	1.5567672016891363	1.6965893398775418	SEP	34-46,51-81,84-305		2	1	1	34-46,51-81,84-305	5O12	SEP	2.4	ok	SEP_single	261	SEP	62.62468166899432	-121.51805104056281
P11309	OG	118.86940340982052	CB	A	1	261	1.6036644551090729	1.5274131130980872	1.5928370798691276	1.660668585776091	SEP	34-305		2	1	1	34-305	5O13	SEP	2.44	ok	SEP_single	261	SEP	68.60794142533899	-116.03714342702105
P11309	OG	125.28618219295078	CB	A	1	261	1.4788821301672175	1.4867823747672897	1.4989493304726742	1.618379469694339	SEP	33-305		2	1	1	33-305	6L11	SEP	2.05	ok	SEP_single	261	SEP	65.59746642949419	-124.93482842545887
P11309	OG	123.6728523258919	CB	A	1	261	1.530891968304857	1.5419668791366783	1.5179957227566088	1.6716258182944472	SEP	33-305		2	1	1	33-305	6L12	SEP	1.87	ok	SEP_single	261	SEP	65.92433843790872	-123.25572069515411
P11309	OG	124.19754589710529	CB	A	1	261	1.5454973116991644	1.5147109453805356	1.5548575413231744	1.6583767947097607	SEP	33-305		2	1	1	33-305	6L13	SEP	2.24	ok	SEP_single	261	SEP	68.3463668752874	-119.90059459147201
P11309	OG	124.51752977949428	CB	A	1	261	1.5046328737988572	1.485039176849642	1.5041644931743885	1.6379753133155408	SEP	33-81,84-305		2	1	1	33-81,84-260,262-305	6L14	SEP	1.95	ok	SEP_single	261	SEP	65.1327615198034	-123.13563497464501
P11309	OG	126.02079491432833	CB	A	1	261	1.4828538196104202	1.48910027813085	1.509349612176807	1.6298175366554937	SEP	33-80,84-305		2	1	1	33-80,84-260,262-305	6L16	SEP	2.1	ok	SEP_single	261	SEP	65.48234379686279	-114.32073351171252
P11309	OG	120.17992295543895	CB	A	1	261	1.489982391453326	1.4623154943378487	1.5282050040169202	1.6390453314759987	SEP	33-305		2	1	1	33-260,262-305	6L17	SEP	1.75	ok	SEP_single	261	SEP	67.48977467790552	-118.90510741849789
P11309	OG	120.62497119340502	CB	A	1	261	1.5200599380273911	1.545249438923938	1.5459456716437978	1.6647608957213402	SEP	32-46,51-305		2	1	1	32-46,51-305	6PDN	SEP	2.4	ok	SEP_single	261	SEP	65.59298871927886	-119.23750987729302
P11309	OG	117.96621118006695	CB	A	1	261	1.4344266719560166	1.5503769680467459	1.5596811662061858	1.6323644179732177	SEP	33-305		2	1	1	33-305	6YKD	SEP	1.86	ok	SEP_single	261	SEP	67.57325861026075	-111.22138827005519
P11309	OG	111.11599928057917	CB	A	1	261	1.6125500257323468	1.629595123974757	1.6379166479753373	1.6235849683736947	SEP	33-46,49-305		2	1	1	33-46,49-305	7QFM	SEP	1.95	ok	SEP_single	261	SEP	67.96657345361501	-114.31847411193765
P11309	OG	115.08447577802174	CB	A	1	261	1.6405016517652367	1.6047264942364248	1.6260622507534175	1.6233348501170581	SEP	33-46,48-80,84-98,100-305		2	1	1	33-46,48-80,84-98,100-305	7Z6U	SEP	2.28	ok	SEP_single	261	SEP	66.92976479426537	-113.05688193598928
P11309	OG	119.76990766587924	CB	A	1	261	1.53795215619301	1.5439768655654864	1.5108547283306428	1.6443911906287783	SEP	33-45,49-305		2	1	1	33-45,49-305	7ZUN	SEP	2.5	ok	SEP_single	261	SEP	69.08308994277851	-116.27309699948385
P11309	OG	112.12761507582952	CB	A	1	261	1.6062520118856594	1.6173446066515331	1.615862035452686	1.617019844455011	SEP	33-44,51-80,84-305		2	1	1	33-44,51-80,84-305	8AFR	SEP	2.15	ok	SEP_single	261	SEP	67.76081764227675	-115.21964423891232
P11309	OG	114.56531232523997	CB	A	1	261	1.6074267085345455	1.631809440403262	1.6273944116781636	1.6307030893129433	SEP	33-305		2	1	1	33-305	8R0H	SEP	1.88	ok	SEP_single	261	SEP	67.40807826493419	-116.14698994905422
P11309	OG	114.28872520319435	CB	A	1	261	1.61043236202516	1.6230533006378578	1.6198362833507824	1.6357738657166792	SEP	33-79,86-305		2	1	1	33-79,86-305	8R0Q	SEP	1.7	ok	SEP_single	261	SEP	68.29654520283978	-113.70117613020041
P11309	OG	113.85036104251762	CB	A	1	261	1.6154079889275987	1.6352303921075302	1.600324326458495	1.6229672533106712	SEP	33-305		2	1	1	33-305	8R0W	SEP	1.95	ok	SEP_single	261	SEP	65.82260968317608	-114.98928005340561
P11309	OG	112.31316338045205	CB	A	1	261	1.608064962536636	1.6299058975754668	1.6256190046307395	1.6225457632190528	SEP	33-47,50-305		2	1	1	33-47,50-305	8R0Y	SEP	2.05	ok	SEP_single	261	SEP	62.63658279719434	-114.76998717808598
P11309	OG	113.63698804584763	CB	A	1	261	1.6177884964497316	1.6213556719997337	1.6283279410825853	1.6343181543076577	SEP	33-45,51-80,84-97,100-305		2	1	1	33-45,51-80,84-97,100-305	8R10	SEP	2.2	ok	SEP_single	261	SEP	67.06993626050932	-119.86690046868942
P11309	OG	113.99466349218298	CB	A	1	261	1.6041880756467357	1.6165360340010393	1.6264417225127066	1.6273959128990854	SEP	33-305		2	1	1	33-305	8R18	SEP	1.89	ok	SEP_single	261	SEP	69.03688854208445	-117.49942454260847
P11309	OG	115.02607405907335	CB	A	1	261	1.6038232701022783	1.6315768415549754	1.6238577783170316	1.624948437712055	SEP	33-305		2	1	1	33-305	8R1K	SEP	1.95	ok	SEP_single	261	SEP	65.0248723771735	-116.99509507329648
P11309	OG	115.1333119665965	CB	A	1	261	1.6082065582124845	1.6305047040113063	1.6253564729622776	1.6233310408116965	SEP	34-305		2	1	1	34-305	8R1N	SEP	2.21	ok	SEP_single	261	SEP	62.19731300285108	-118.57857587999433
P11309	OG	114.12718451531477	CB	A	1	261	1.6226117489538157	1.6263024039876703	1.6176033597653743	1.6315274641666555	SEP	33-44,49-305		2	1	1	33-44,49-305	8R1P	SEP	2.45	ok	SEP_single	261	SEP	66.70590034665662	-117.81795677481527
P11309	OG	113.72157933303576	CB	A	1	261	1.6010042626278211	1.6294864277905048	1.6241039885196404	1.622357113931827	SEP	33-305		2	1	1	33-305	8R1T	SEP	2.0	ok	SEP_single	261	SEP	64.76420896310286	-113.16973858692816
P11309	OG	111.71205136531154	CB	A	1	261	1.6115659159821567	1.6199723177586343	1.614861199424513	1.6161391526030546	SEP	33-45,49-305		2	1	1	33-45,49-305	8R1W	SEP	2.15	ok	SEP_single	261	SEP	67.47734533164548	-115.13896017861886
P11309	OG	111.89651699964088	CB	A	1	261	1.6081278201125944	1.616583977500465	1.614197803754924	1.6167876954828315	SEP	33-305		2	1	1	33-305	8R25	SEP	2.1	ok	SEP_single	261	SEP	67.76646283973524	-114.17714311493502
P11309	OG	114.15902043019064	CB	A	1	261	1.6046232176148212	1.6231730270981701	1.6248662095836164	1.6286605389136466	SEP	33-80,82-305		2	1	1	33-80,82-305	8R27	SEP	1.95	ok	SEP_single	261	SEP	68.16895433585604	-117.42236913446845
P11309	OG	115.19550781007804	CB	A	1	261	1.6625357660420996	1.6261156280165099	1.6509842854599646	1.6868059705158738	SEP	33-306		2	1	1	33-306	9YKI	SEP	1.95	ok	SEP_single	261	SEP	69.64753653933258	-118.75613141476256
P14002	OG	111.01115589990889	CB	A	1	735	1.6104184295270116	1.6103755351237679	1.6095351452741886	1.6141015887658992	SEP	1-750		1	1	1	1-750	7MS2	SEP	2.04	ok	SEP_single	735	SEP	93.48447151356739	-8.754499331674277
P15056	OG	117.45121450035457	CB	D	1	729	1.436129394065098	1.4298053248168605	1.4404298443353099	1.534206228346752	SEP	448-607,611-733		2	1	1	448-607,611-733	6U2H	SEP	2.5	ok	SEP_single	729	SEP	7.109878373085036	137.9188368988584
P20906	OG	120.87799453749389	CB	A	1	26	1.5501927232727164	1.5682830904182403	1.5662074571598616	1.6034633627200103	SEP	2-525		1	1	1	2-525	2FWN	SEP	1.4	ok	SEP_single	26	SEP	32.23875885016107	-114.9038649292495
P21675	OG	116.41608705800643	CB	A	1	1105	1.6143087512854162	1.6136324318419772	1.611394341897331	1.627906619883434	SEP	609-929,943-992,1075-1109		2	2	1	609-929,943-992,1075-1109	4RGW	SEP	2.301	ok	SEP_mixed_with_TPO	1105	SEP	45.92250622944732	-16.393639572894358
P23874	OG	121.82595193305045	CB	A	1	150	1.484411822590955	1.4949062974644336	1.4821217167014806	1.5998876635885912	SEP	2-108,114-134,142-341,345-437		1	1	1	2-108,114-134,142-341,345-437	3TPE	SEP	1.9	ok	SEP_single	150	SEP	59.1561981828186	-48.09528879160328
P25054	OG	100.69528810510067	CB	C	4	1504,1505,1507,1510	1.5653326446962645	1.5966150055135073	1.5584440958023047	1.5453143489977572	SEP	1468-1496,1503-1529		5	5	4	1468-1496,1503-1529	1TH1	SEP	2.5	ok	SEP_mixed_with_TPO	1504	SEP,SEP,SEP,SEP	-26.567092105564644	-50.54321068698312
P25054	OG	99.3186505951564	CB	C	4	1504,1505,1507,1510	1.5702197250269097	1.6008504145947695	1.5756175978817983	1.5328765659905113	SEP	1468-1496,1503-1529		5	5	4	1468-1496,1503-1529	1TH1	SEP	2.5	ok	SEP_mixed_with_TPO	1505	SEP,SEP,SEP,SEP	-25.969770731508426	-152.15858020442184
P25054	OG	97.86128017661713	CB	C	4	1504,1505,1507,1510	1.5661155039320545	1.5847017937795411	1.5637564838180769	1.5496892305029875	SEP	1468-1496,1503-1529		5	5	4	1468-1496,1503-1529	1TH1	SEP	2.5	ok	SEP_mixed_with_TPO	1507	SEP,SEP,SEP,SEP	-28.325216525003643	150.1487415330508
P25054	OG	101.17750051889197	CB	C	4	1504,1505,1507,1510	1.566751275563209	1.6030983704710453	1.5732860647689986	1.537568454099909	SEP	1468-1496,1503-1529		5	5	4	1468-1496,1503-1529	1TH1	SEP	2.5	ok	SEP_mixed_with_TPO	1510	SEP,SEP,SEP,SEP	-25.698318214857803	167.24525013115425
P25321	OG	116.4324001122525	CB	A	2	11,339	1.5980822362641853	1.6016795624234124	1.5988846212085537	1.611350489797534	SEP	1-351		4	3	2	1-351	4WIH	SEP	1.139	ok	SEP_mixed_with_TPO	11	SEP,SEP	34.19588384597653	8.583215804781954
P25321	OG	111.25007505961182	CB	A	2	11,339	1.6092689626127878	1.607857601210618	1.6140970654813396	1.6110013177112803	SEP	1-351		4	3	2	1-351	4WIH	SEP	1.139	ok	SEP_mixed_with_TPO	339	SEP,SEP	89.41201580908722	18.552273791115283
P25924	OG	145.92394069323572	CB	B	1	128	1.5817478430192267	1.504096856308684	1.5264175809890597	1.7696268034239946	SEP	1-272,275-457		1	1	1	1-272,275-457	1PJQ	SEP	2.21	ok	SEP_single	128	SEP	131.4497446402091	173.96098772598634
P25924	OG	146.46843815389926	CB	B	1	128	1.5690292579162828	1.5085961816738551	1.506177867786939	1.7280316131781992	SEP	1-359,363-457		1	1	1	1-359,363-457	1PJS	SEP	2.4	ok	SEP_single	128	SEP	-156.08957953906054	144.89775457079796
P26276	OG	116.31215117734854	CB	A	1	108	1.5931087900548275	1.596821890057703	1.6011878122733398	1.6462185335414241	SEP	9-463		1	1	1	9-463	1K35	SEP	2.2	ok	SEP_single	108	SEP	29.238345785108685	-15.43913012319616
P26276	OG	114.7160870512773	CB	A	1	108	1.5997194347634904	1.5961281210356275	1.5950509326201736	1.6274601521697027	SEP	9-463		1	1	1	9-463	2FKF	SEP	2.0	ok	SEP_single	108	SEP	35.36290685447989	4.163740225122474
P26276	OG	121.02828917785838	CB	A	1	108	1.6204510148949849	1.6170111464977572	1.5992545521852024	1.64631939122902	SEP	6-463		1	1	1	6-463	3C04	SEP	2.2	ok	SEP_single	108	SEP	13.918186108537505	-14.89374882076612
P26276	OG	112.42274232960385	CB	A	1	108	1.5998880238797617	1.612129167480172	1.6116101013468591	1.6237409282888386	SEP	5-463		1	1	1	5-463	4IL8	SEP	1.8	ok	SEP_single	108	SEP	11.85046422575594	-5.729977502945948
P26361	OG	117.97363906583057	CB	C	4	422,659,660,670	1.6256645801676435	1.6395612074920705	1.6394452048209058	1.6444926625902536	SEP	389-413,420-670		4	4	4	389-413,420-670	1R0Z	SEP	2.35	ok	SEP_only_multi_4	422	SEP,SEP,SEP,SEP	36.124975193058944	104.23047848684821
P26361				C	4	422,659,660,670					SEP	389-413,420-670		4	4	4	389-413,420-670	1R0Z	SEP	2.35	missing_required_atoms:P	SEP_only_multi_4	659	SEP,SEP,SEP,SEP		
P26361	OG	116.99742399676877	CB	C	4	422,659,660,670	1.58309563778358	1.5753436337494868	1.5294821130203164	1.6044896831245945	SEP	389-413,420-670		4	4	4	389-413,420-670	1R0Z	SEP	2.35	ok	SEP_only_multi_4	660	SEP,SEP,SEP,SEP	-57.42971157764204	-101.33033428482514
P26361				C	4	422,659,660,670					SEP	389-413,420-670		4	4	4	389-413,420-670	1R0Z	SEP	2.35	missing_required_atoms:P	SEP_only_multi_4	670	SEP,SEP,SEP,SEP		
P27361	OG	111.04222979895616	CB	A	1	286	1.6105811167819133	1.610700936926117	1.6105148786815682	1.6139991793253705	SEP	28-191,208-218,222-373		3	1	1	28-191,208-218,222-373	9TU0	SEP	2.17	ok	SEP_single	286	SEP	-72.97681302492576	142.30909035135576
P31749	OG	120.0409876855717	CB	A	2	473,477	1.515251270838756	1.5227092786407213	1.4933275122638574	1.6182387746151927	SEP	144-450,463-478		3	3	2	144-450,463-478	6BUU	SEP	2.4	ok	SEP_mixed_with_TPO	473	SEP,SEP	67.6983909857028	-114.51947824138135
P31749	OG	121.56618464755222	CB	A	2	473,477	1.4963200094904232	1.5031876864705715	1.4989865151538915	1.6072909006008294	SEP	144-450,463-478		3	3	2	144-450,463-478	6BUU	SEP	2.4	ok	SEP_mixed_with_TPO	477	SEP,SEP	19.76789496143041	-65.24934430946631
P31749	OG	122.19184972405456	CB	B	2	473,477	1.545057144534913	1.5532834013512615	1.5464260854092875	1.6382349216274692	SEP	141-449,464-477		3	3	2	141-449,464-477	6NPZ	SEP	2.12	ok	SEP_mixed_with_TPO	473	SEP,SEP	-59.05678308748439	154.094854616359
P31749	OG	121.52245179073383	CB	B	2	473,477	1.5356850062035758	1.5247947286203674	1.5332539364353062	1.6612648661227967	SEP	141-449,464-477		3	3	2	141-449,464-477	6NPZ	SEP	2.12	ok	SEP_mixed_with_TPO	477	SEP,SEP	-42.58221306826778	119.54524948298494
P32356	OG	113.99077624719668	CB	C	2	60,83	1.6179279940535776	1.6045725034992182	1.6077090061451154	1.6042469137706643	SEP	27-37,54-436,448-751		2	2	2	27-37,54-436,448-751	5N6N	SEP	2.29	ok	SEP_only_multi_2	60	SEP,SEP	-3.5792319931050516	115.15590633973218
P32356	OG	109.52573777315796	CB	C	2	60,83	1.6031013501872236	1.6181421212962943	1.5957508997980396	1.6040457705772846	SEP	27-37,54-436,448-751		2	2	2	27-37,54-436,448-751	5N6N	SEP	2.29	ok	SEP_only_multi_2	83	SEP,SEP	-7.532359715699074	118.86245214299628
P33284	OG	123.56446541883363	CB	C	1	15	1.50972989654329	1.5138718233696873	1.5183831356709396	1.626088515322125	SEP	11-485		1	1	1	11-485	4JAX	SEP	2.26	ok	SEP_single	15	SEP	84.86030741637954	-19.57705383223656
P33981	OG	111.04107830761905	CB	A	1	677	1.6131773868656767	1.617006612022964	1.6141369674918669	1.6174865096158912	SEP	515-677,686-699,711-793		4	3	1	515-677,686-699,711-793	4O6L	SEP	2.38	ok	SEP_mixed_with_TPO	677	SEP	-14.434468793094869	-141.35577785800962
P33981	OG	113.33779070083901	CB	A	1	677	1.5441441427926048	1.5455436452599134	1.515443648433135	1.5636155849679763	SEP	519-681,684-700,708-795		4	4	1	519-681,684-700,708-795	5AP1	SEP	2.05	ok	SEP_mixed_with_TPO	677	SEP	-7.7740747990972485	-123.33480232984242
P33981	OG	112.01596535250704	CB	A	1	677	1.6144390974005103	1.6125581292873772	1.6191990409612425	1.6233590244664349	SEP	515-616,619-679,684-699,710-795		4	4	1	515-616,619-679,684-699,710-795	7CHN	SEP	2.4	ok	SEP_mixed_with_TPO	677	SEP	34.54819539996615	-176.82099125197047
P33981	OG	112.96112650546551	CB	A	1	677	1.6155225074163702	1.6162678312117345	1.6066062875899827	1.6153704253245287	SEP	515-678,686-698,711-794		4	4	1	515-678,686-698,711-794	7CHT	SEP	2.4	ok	SEP_mixed_with_TPO	677	SEP	-2.7378114324837552	-115.48873611332256
P35557	OG	122.53952646970886	CB	A	1	411	1.6123733328026695	1.604286359006005	1.6020998648049798	1.6722024080908997	SEP	12-459		1	1	1	12-459	3QIC	SEP	2.2	ok	SEP_single	411	SEP	-91.45557601081292	165.53942051304045
P36871	OG	111.20565120891285	CB	A	1	117	1.599406735106155	1.6024697798581362	1.6132451085921211	1.636953520203535	SEP	1-506,511-562		1	1	1	1-506,511-562	5JN5	SEP	1.75	ok	SEP_single	117	SEP	24.14073919625109	11.519784098056709
P36871	OG	111.39680424355639	CB	A	1	117	1.5908550761327427	1.624355326066938	1.6134748453022507	1.607572347098313	SEP	1-507,510-562		1	1	1	1-507,510-562	5TR2	SEP	2.5	ok	SEP_single	117	SEP	1.127785762214587	17.702100113620673
P36871	OG	112.93696523690342	CB	A	1	117	1.60869288277806	1.6077480843514107	1.6054416889210423	1.6862837737578429	SEP	1-562		1	1	1	1-562	5VBI	SEP	1.75000083769	ok	SEP_single	117	SEP	-19.95558931862396	-6.444707887663329
P36871	OG	115.62404286064458	CB	A	1	117	1.6102632185301597	1.6086758245731623	1.6096716655546235	1.5854491049858026	SEP	1-562		1	1	1	1-562	5VG7	SEP	1.95000322932	ok	SEP_single	117	SEP	-16.242810736419095	-15.585118699422624
P39155	OG	116.79909004855843	CB	A	1	7	1.6108641932129013	1.6018029236939808	1.6010159522221068	1.6815665219546174	SEP	1-150		1	1	1	1-150	4KK4	SEP	1.8	ok	SEP_single	7	SEP	45.89554264879009	110.75070762192763
P39579	OG	110.07003038016198	CB	A	1	36	1.6107001214952423	1.6110305047869706	1.6102923373173068	1.6115046560876274	SEP	1-78		1	1	1	1-78	4BPG	SEP	2.2	ok	SEP_single	36	SEP	0.5255974633978601	136.52763068767823
P41743	OG	109.0631552426094	CB	A	1	484	1.6132424457082803	1.6099788856601116	1.611935716039341	1.6145242555641128	SEP	248-455,466-589		3	3	1	248-455,466-589	5LI1	SEP	2.0	ok	SEP_mixed_with_TPO	484	SEP	-22.701256229205367	115.58237634139773
P49759	OG	110.96498962088484	CB	A	1	341	1.612657747155523	1.6078734665426104	1.6147816411503941	1.599542430683407	SEP	148-306,310-481		2	2	1	148-306,310-481	2VAG	SEP	1.8	ok	SEP_mixed_with_TPO	341	SEP	-10.896531200089242	128.42190699822848
P49759	OG	118.4614200127824	CB	A	1	341	1.5302464189790486	1.5245578837519211	1.5452772852122942	1.616825810629879	SEP	148-482		2	2	1	148-482	6G33	SEP	2.05	ok	SEP_mixed_with_TPO	341	SEP	-23.869942908078393	101.56518198261983
P49759	OG	119.86618353173019	CB	A	1	341	1.5118529823953069	1.5167716477098967	1.5065722880306929	1.6111618243553003	SEP	148-482		2	2	1	148-482	8UWN	SEP	1.8	ok	SEP_mixed_with_TPO	341	SEP	16.2305533308503	118.40679690262505
P49841	OG	118.52471275337034	CB	A	1	9	1.5091500580787198	1.5123104779924466	1.5082470905435057	1.5796269241081966	SEP	6-10,26-30,35-119,122-383		3	1	1	6-10,26-30,35-119,122-383	4NM3	SEP	2.1	ok	SEP_single	9	SEP	57.3890856488615	-109.97383892412203
P50613	OG	118.8992643231784	CB	A	1	164	1.5112735001124424	1.511609190570882	1.5117726565106941	1.647102715032397	SEP	46-311		2	2	1	46-311	8PYR	SEP	2.15	ok	SEP_mixed_with_TPO	164	SEP	60.35834565527778	2.844409405517582
P51584	OG	113.78662515681967	CB	A	1	954				1.606485192756335	SEP	803-1077		1	1	1	803-1077	1GKK	SEP	1.6	ok	SEP_single	954	SEP	-41.72800155808952	-17.273263419727634
P51584	OG	117.72971903016995	CB	A	1	954	1.5239311757986733	1.477374071710027	1.4728526591130153	1.5969593069605659	SEP	803-1077		1	1	1	803-1077	3ZI7	SEP	2.3	ok	SEP_single	954	SEP	-46.193850828398155	-14.68031565399236
P51584	OG	111.64085388801209	CB	A	1	954	1.5954737470735025	1.608892073372742	1.5836887180960766	1.62054071502045	SEP	803-1077		1	1	1	803-1077	4BAG	SEP	1.9	ok	SEP_single	954	SEP	-38.821928902926885	-19.536776921591763
P51584	OG	111.55431681085902	CB	A	1	954	1.5913973015302025	1.5843558145728576	1.602433422473283	1.622527454576937	SEP	803-1077		1	1	1	803-1077	4H35	SEP	1.9	ok	SEP_single	954	SEP	-39.60862602543154	-19.3868787425477
P51584	OG	118.33559714203605	CB	A	1	954	1.498053581716908	1.5253574217439032	1.509919741593825	1.610968267317053	SEP	803-1077		1	1	1	803-1077	5FXM	SEP	1.99	ok	SEP_single	954	SEP	-43.30723578723068	-13.392428200375392
P51584	OG	119.65627772396546	CB	A	1	954	1.5057353009894767	1.5048846742981923	1.4699892374073582	1.6102466000307132	SEP	803-1077		1	1	1	803-1077	6FJ4	SEP	1.7	ok	SEP_single	954	SEP	-47.59895848844261	-13.526025333797739
P52956	OG	120.55253270834658	CB	A	1	126	1.5136040985182369	1.4888762088809813	1.4838986638376024	1.5355295574312762	SEP	26-212		1	1	1	26-212	3QPD	SEP	1.571	ok	SEP_single	126	SEP	-44.542903181494914	-12.999199988561799
P61006	OG	118.97721016204602	CB	A	1	111	1.5176171383797536	1.5170032408281005	1.5171243830506722	1.6149357795365007	SEP	6-176		2	1	1	6-176	6STF	SEP	2.4	ok	SEP_single	111	SEP	4.340115991290503	114.5595959796865
P61006	OG	118.66810544833781	CB	A	1	111	1.5152069355159694	1.5151535588162024	1.5173269925940984	1.6142462304628098	SEP	6-176		2	1	1	6-176	6STG	SEP	2.5	ok	SEP_single	111	SEP	-8.140507409391784	-116.52530150699299
P62987	OG	119.64424094508321	CB	B	1	65	1.5194521057353978	1.5134719353686932	1.5129587534132265	1.6153818778442623	SEP	1-75		1	1	1	1-75	8IKM	SEP	1.92	ok	SEP_single	65	SEP	-38.95550336765186	-108.49880621531416
P62987	OG	119.35324248350945	CB	D	1	65	1.5147164291175825	1.515712203773598	1.5166363281240653	1.6050293222771934	SEP	1-74		1	1	1	1-74	8IKV	SEP	2.35	ok	SEP_single	65	SEP	-31.679652987288694	-97.71706267621477
P68400	OG	121.65904750186942	CB	A	1	2	1.521637747926187	1.5037205174682082	1.5052966310100837	1.645986265081215	SEP	2-329		1	1	1	2-329	7QUX	SEP	1.48	ok	SEP_single	2	SEP	-60.467589923470186	152.33493106875395
P70671	OG	110.49311178597605	CB	A	1	379	1.6102501835702183	1.6096839328182257	1.6109980133963755	1.6094611016423206	SEP	191-388		1	1	1	191-388	7JFM	SEP	2.23	ok	SEP_single	379	SEP	2.630333192466027	114.7381343303175
P96356	OG	120.49798178131584	CB	A	1	78	1.5093625781980347	1.5100459043897327	1.5099867390343775	1.6107008460371155	SEP	4-292		1	1	1	4-292	6J7S	SEP	2.102	ok	SEP_single	78	SEP	75.53881620222714	-1.5197703521719277
P96356	OG	115.28273890403216	CB	A	1	78	1.6068565443247194	1.6145405848016483	1.6136954026296484	1.6212473890721117	SEP	4-291		1	1	1	4-291	6Y5U	SEP	1.59	ok	SEP_single	78	SEP	53.92217298928941	6.471886782014612
P96356	OG	122.30086097026901	CB	A	1	78	1.4949883043465289	1.4998358615226894	1.4994841903704004	1.6117364313794844	SEP	4-292		1	1	1	4-292	7C48	SEP	1.6	ok	SEP_single	78	SEP	55.49723611366394	2.07039067869111
Q04759	OG	119.71621100523103	CB	A	1	695	1.4781285828676356	1.5114867982988016	1.5693165276708325	1.3993692086568676	SEP	377-649,688-696		3	2	1	377-649,688-696	1XJD	SEP	2.0	ok	SEP_mixed_with_TPO	695	SEP	-17.657659310574356	-142.93556976506753
Q04759	OG	105.12462446856996	CB	A	2	676,695	1.6149821033810576	1.6084567671137442	1.614261090247334	1.6194740396367202	SEP	375-700		3	2	2	375-700	2JED	SEP	2.32	ok	SEP_only_multi_2	676	SEP,SEP	-5.795457021811421	119.57177472238897
Q04759	OG	109.61035647563787	CB	A	2	676,695	1.6208118144566968	1.6200954716192564	1.6385822198315054	1.632810439895898	SEP	375-700		3	2	2	375-700	2JED	SEP	2.32	ok	SEP_only_multi_2	695	SEP,SEP	46.147542475309045	-105.90740512844683
Q04759	OG	105.11461906183803	CB	A	2	676,695	1.5120094807483648	1.5022046559652213	1.5039599323271604	1.6260390565981904	SEP	374-706		3	2	2	374-706	5F9E	SEP	2.0	ok	SEP_only_multi_2	676	SEP,SEP	-14.053122238055977	156.06531955830258
Q04759	OG	118.31028793338571	CB	A	2	676,695	1.529146499287708	1.4955782469124341	1.489747378320445	1.62196872544084	SEP	374-706		3	2	2	374-706	5F9E	SEP	2.0	ok	SEP_only_multi_2	695	SEP,SEP	15.326577107953922	-98.66091904578626
Q14653	OG	107.36184556173438	CB	B	2	386,402	1.4839013144296564	1.6102467282609065	1.6107600326993767	1.6095266714710696	SEP	189-232,237-426		2	2	2	189-232,237-426	3A77	SEP	1.8	ok	SEP_only_multi_2	386	SEP,SEP	-30.04731530041638	111.56789115884143
Q14653	OG	108.50216449611922	CB	B	2	386,402	1.478268441100703	1.615205837804607	1.6111151290679753	1.6183869904356034	SEP	189-232,237-426		2	2	2	189-232,237-426	3A77	SEP	1.8	ok	SEP_only_multi_2	402	SEP,SEP	-29.003199117155965	-123.4987082798461
Q14653	OG	111.15629308685982	CB	A	1	386	1.6137431795319919	1.6134459203708638	1.601228279580071	1.621271947199569	SEP	199-232,238-396		2	1	1	199-232,238-396	7JFL	SEP	1.68	ok	SEP_single	386	SEP	1.2372989716278755	112.82799894950438
Q15637	OG	111.07334884157474	CB	D	2	80,82	1.6089409653624451	1.6095521215059219	1.6101161674613749	1.609484952401875	SEP	19-25,32-126,128-132		2	2	2	19-25,32-126,128-132	4FXW	SEP	2.29	ok	SEP_only_multi_2	80	SEP,SEP	42.85602950605693	159.50912344466627
Q15637	OG	109.82479793256392	CB	D	2	80,82	1.609511876283406	1.6092570409434799	1.6102684898999484	1.6107768546382086	SEP	19-25,32-126,128-132		2	2	2	19-25,32-126,128-132	4FXW	SEP	2.29	ok	SEP_only_multi_2	82	SEP,SEP	19.184515486289943	-36.866460816897586
Q15796	OG	122.87616726521291	CB	A	2	465,467	1.5167735503138084	1.5049958946720934	1.5124067758474906	1.6279739800549389	SEP	265-467		3	2	2	265-467	1KHX	SEP	1.8	ok	SEP_only_multi_2	465	SEP,SEP	-27.176382877086162	114.06501378453802
Q15796	OG	122.33752524004204	CB	A	2	465,467	1.5184140571357345	1.5174599711609598	1.5182332090540074	1.6280069481337833	SEP	265-467		3	2	2	265-467	1KHX	SEP	1.8	ok	SEP_only_multi_2	467	SEP,SEP	-15.831197556672928	116.94830356170228
Q15796	OG	114.54776676632329	CB	A	2	465,467	1.6087690178875642	1.608027508441621	1.6041159632139999	1.6033592790093711	SEP	266-467		3	2	2	266-467	6ZVQ	SEP	2.03	ok	SEP_only_multi_2	465	SEP,SEP	-26.664478757032416	113.50841712289596
Q15796	OG	112.52446233356285	CB	A	2	465,467	1.6114747169671324	1.6081064601117685	1.605923408039552	1.6121945030791132	SEP	266-467		3	2	2	266-467	6ZVQ	SEP	2.03	ok	SEP_only_multi_2	467	SEP,SEP	-15.799909989844078	108.77761003335469
Q15843	OG	120.05804627050551	CB	B	1	65	1.5269797487301389	1.5007046107428736	1.5131747835336067	1.6200572178710204	SEP	1-73		1	1	1	1-73	8WZN	SEP	1.8	ok	SEP_single	65	SEP	-35.082153642001614	-103.83022973518517
Q15843	OG	119.36563411179097	CB	B	1	65	1.5147995419323848	1.5149222843692407	1.521866387173735	1.6163708292647485	SEP	1-72		1	1	1	1-72	8WZO	SEP	2.25	ok	SEP_single	65	SEP	-37.013910445936325	-106.1811334587155
Q16594	OG	110.37342049484904	CB	F	1	8	1.6091805059050601	1.609620124083257	1.6092861050882643	1.612732444339809	SEP	5-120		1	1	1	5-120	6F3T	SEP	2.5	ok	SEP_single	8	SEP	-21.382787798096984	118.83134921149299
Q2VRL0	OG	120.0056659656652	CB	A	1	326	1.507635407909691	1.5336679358686969	1.5417178884067544	1.6474857774833191	SEP	1-332,370-637		2	2	1	1-332,370-637	9BCZ	SEP	1.99	ok	SEP_mixed_with_TPO	326	SEP	-68.05975194061868	118.81467543585917
Q582V7	OG	109.36190984076721	CB	A	1	71	1.6100389125514485	1.6130718728715578	1.6126693848415565	1.6136464592881001	SEP	54-207,233-347		1	1	1	54-207,233-347	10JU	SEP	2.15	ok	SEP_single	71	SEP	28.86129387605428	-1.4709115499934349
Q582V7	OG	110.3659234247994	CB	A	1	71	1.6095782047130258	1.6114065377525948	1.6103128631853767	1.6064570928350312	SEP	54-208,232-348		1	1	1	54-208,232-348	9Z8K	SEP	2.05	ok	SEP_single	71	SEP	7.274378731596631	-126.22715138713555
Q5NII8	OG	110.51548365596749	CB	A	1	101	1.6096392424981703	1.6056222498120893	1.614176076380629	1.6196758565644016	SEP	3-443		1	1	1	3-443	3I3W	SEP	2.3	ok	SEP_single	101	SEP	-16.590031792892027	-12.065129567639866
Q5ZSZ6	OG	120.60773643926066	CB	A	1	54	1.5967855623450584	1.6101100254977723	1.6046558708644094	1.6124865607478915	SEP	1-311		1	1	1	1-311	7VKC	SEP	1.46	ok	SEP_single	54	SEP	-8.763867558752974	134.88442037293382
Q5ZSZ6	OG	122.48757459728691	CB	A	1	54	1.5916604280387645	1.6027681345936755	1.5997081062855147	1.6169431570868869	SEP	1-311		1	1	1	1-311	7WCF	SEP	1.3636	ok	SEP_single	54	SEP	-20.456645866785312	132.3845603417371
Q79V60	OG	117.21882992737864	CB	A	1	431	1.520487025277519	1.514903676230258	1.5060191974828785	1.625301216158108	SEP	18-111,125-151,158-246,254-497		2	1	1	18-111,125-151,158-246,254-497	7DY1	SEP	2.2	ok	SEP_single	431	SEP	61.15845672599941	-123.23837267154748
Q7YRZ8	OG	117.15923582409374	CB	A	1	429	1.5216139075608237	1.520712833762601	1.5179617461512789	1.6116036444086903	SEP	428-491		1	1	1	428-491	6SQS	SEP	1.83	ok	SEP_single	429	SEP	3.402772250428746	138.12052637077124
Q7Z4H3	OG	118.92879235619893	CB	B	1	10	1.6032534373346776	1.6117402874095808	1.6029603206368028	1.6597619732353996	SEP	6-200		1	1	1	6-200	4L1J	SEP	1.824	ok	SEP_single	10	SEP	-8.172481140136751	-126.67762112141082
Q7Z4H3	OG	116.7526226194129	CB	B	1	10	1.6136334414494427	1.6113640572854964	1.6079756646853485	1.6453792816201895	SEP	7-198		1	1	1	7-198	4L7E	SEP	2.229	ok	SEP_single	10	SEP	-4.323054366738599	-121.60614953761548
Q8IDR3	OG	115.80203780683982	CB	A	1	19	1.5981017118943166	1.6131595171474602	1.5883056977208871	1.6073865102814318	SEP	2-372,376-631,635-818		1	1	1	2-372,376-573,575-631,635-818	8A12	SEP	2.03	ok	SEP_single	19	SEP	-54.93685750380919	109.46963526911024
Q8IDR3	OG	109.5570087817312	CB	A	1	19	1.6078229689146988	1.60665901121689	1.6051846996951797	1.5915070425215858	SEP	2-370,378-631,634-818		1	1	1	2-370,378-631,634-818	8CDM	SEP	2.35	ok	SEP_single	19	SEP	27.45810451996123	-177.35272861965905
Q8IDR3	OG	113.43237633644853	CB	A	1	19	1.6091767523575922	1.6017993870423077	1.6131666008195598	1.610190340279968	SEP	2-372,376-818		1	1	1	2-372,376-818	8CDQ	SEP	2.21	ok	SEP_single	19	SEP	-54.1003024392016	104.7149313441151
Q8ZRA1	OG	115.00707470322001	CB	A	1	165	1.593197318673604	1.538440400113512	1.6241956095150736	1.62909388132443	SEP	4-25,36-321		1	1	1	4-25,36-321	3GA7	SEP	1.55	ok	SEP_single	165	SEP	-40.194480674488496	-12.159217373538457
Q92630	OG	118.35149518907235	CB	A	1	458	1.618363219187324	1.627315257031532	1.6115694154001068	1.6482766870561931	SEP	212-536		5	2	1	212-536	6K0J	SEP	2.352	ok	SEP_mixed_with_PTR	458	SEP	-81.39663945412128	150.54809586125094
Q92630	OG	117.82892422442761	CB	A	1	458	1.6229230439218507	1.6246381688817157	1.616294310102747	1.652957642148778	SEP	213-538		5	2	1	213-538	7DH3	SEP	2.33	ok	SEP_mixed_with_PTR	458	SEP	-86.64447669417855	151.3724862114361
Q92630	OG	114.98311727358812	CB	A	1	458	1.6214958595083082	1.6177333229889774	1.618371864923842	1.6381531157595122	SEP	215-538		5	2	1	215-538	7DH9	SEP	2.194	ok	SEP_mixed_with_PTR	458	SEP	-85.91411107160684	155.64121220647414
Q92630	OG	109.21874539762555	CB	A	1	458	1.6081523833279112	1.6103094066275883	1.6103642276973476	1.611520263215478	SEP	215-538		5	2	1	215-381,383-457,459-538	7DHH	SEP	2.486	ok	SEP_mixed_with_PTR	458	SEP	-77.68743313233571	139.6190657862237
Q92630	OG	111.48694367792471	CB	A	1	458	1.6100311859023564	1.6103259944719066	1.6111507802160485	1.6152419145386538	SEP	215-538		5	2	1	215-381,383-457,459-538	7DHK	SEP	2.341	ok	SEP_mixed_with_PTR	458	SEP	-77.35229875338874	135.3612924074496
Q92630	OG	115.34377368857406	CB	A	1	458	1.6123763460080611	1.613877703675049	1.6110347628499024	1.6343518731900846	SEP	215-538		5	2	1	215-538	7DHN	SEP	2.38	ok	SEP_mixed_with_PTR	458	SEP	-83.7315667254663	154.5001786081977
Q92630	OG	111.54846637849886	CB	A	1	458	1.6095969054358061	1.611159164287897	1.6100989531353238	1.6169487613305227	SEP	215-538		5	2	1	215-381,383-457,459-538	7DJO	SEP	2.499	ok	SEP_mixed_with_PTR	458	SEP	-83.76822105579465	147.5634556284261
Q94F62	OG	117.70436779314245	CB	A	1	290	1.5119057035915044	1.514970357188258	1.516629833621767	1.5564792944257442	SEP	272-321,327-573		7	6	1	272-321,327-573	3UIM	SEP	2.2	ok	SEP_mixed_with_TPO	290	SEP	-22.518138146170244	-66.36614198925942
Q96G74	OG	116.47144870070225	CB	A	1	177	1.584811307410642	1.6001353936323237	1.6009094680936395	1.6200762639170403	SEP	173-188,192-341		1	1	1	173-188,192-341	3TMP	SEP	1.91	ok	SEP_single	177	SEP	-68.36875896390761	112.92820542950012
Q96RR4	OG	122.79122203036144	CB	A	2	345,400	1.5135587344659291	1.5242324224606685	1.5143814045318462	1.5835296835850987	SEP	161-206,222-463		5	3	2	161-206,222-463	6CMJ	SEP	2.4	ok	SEP_mixed_with_TPO	345	SEP,SEP	-30.15751163893501	110.47946124141033
Q96RR4	OG	122.58088179373541	CB	A	2	345,400	1.5178632143983577	1.5193983121576717	1.5370235084044885	1.6326497950375851	SEP	161-206,222-463		5	3	2	161-206,222-463	6CMJ	SEP	2.4	ok	SEP_mixed_with_TPO	400	SEP,SEP	-88.88124386746541	-97.08108931477035
Q9BYP7	OG	109.84072480010053	CB	A	1	304	1.609620251035734	1.6101492458308209	1.609706887616331	1.6149523818237785	SEP	134-412		2	1	1	134-412	5O1V	SEP	1.723	ok	SEP_single	304	SEP	67.89368000038532	-37.301691960094914
Q9BYP7	OG	108.70875020187867	CB	B	1	304	1.6105879997151713	1.6103970413612778	1.6101874117515098	1.6058666405174484	SEP	135-408		2	1	1	135-408	5O21	SEP	2.06	ok	SEP_single	304	SEP	34.462690355132985	-87.09299242498027
Q9BYP7	OG	109.55412990131451	CB	B	1	304	1.6099720154142751	1.6104565351883462	1.6093236896240093	1.6098289017120166	SEP	132-408		2	1	1	132-408	5O23	SEP	2.25	ok	SEP_single	304	SEP	72.35110915786593	-4.493941750576331
Q9BYP7	OG	108.39693391273664	CB	A	2	304,308	1.6104429572596382	1.6096890537695028	1.6104591690909662	1.6083721684555092	SEP	135-180,184-216,221-414		2	2	2	135-180,184-216,221-414	5O26	SEP	2.379	ok	SEP_only_multi_2	304	SEP,SEP	14.884493954725437	-131.95310737281378
Q9BYP7	OG	110.06262280274963	CB	A	2	304,308	1.609024464329701	1.6082980397767226	1.6101712365258252	1.6111688652901646	SEP	135-180,184-216,221-414		2	2	2	135-180,184-216,221-414	5O26	SEP	2.379	ok	SEP_only_multi_2	308	SEP,SEP	-48.07384669897062	133.44641776236202
Q9H2G2	OG	110.19888717068513	CB	A	1	189	1.610109855450328	1.6094334459109167	1.610055150617276	1.6124669200505846	SEP	21-308		2	2	1	21-308	2JFL	SEP	2.2	ok	SEP_mixed_with_TPO	189	SEP	6.752486368081897	-23.091631369856305
Q9H2X6	OG	114.3914028417413	CB	A	1	441	1.596773241972619	1.5934716741451826	1.5769510567708174	1.59562293777635	SEP	185-207,211-230,238-269,272-353,360-535		2	2	1	185-207,211-230,238-269,272-353,360-535	6P5S	SEP	2.194	ok	SEP_mixed_with_PTR	441	SEP	-14.87643215596556	-112.51159660201607
Q9HCE5	OG	106.56312988257794	CB	B	1	399	1.6075699705212971	1.613196931835468	1.615614717473823	1.6141894400543504	SEP	116-200,205-272,274-402		1	1	1	116-200,205-272,274-402	5IL0	SEP	1.882	ok	SEP_single	399	SEP	-52.149648912790745	133.09220371095566
Q9HCE5	OG	105.56322341504747	CB	B	1	399	1.6068527020862622	1.6099824182534235	1.6107864712922835	1.6068082216813404	SEP	117-202,204-402		1	1	1	117-202,204-402	5IL1	SEP	1.71	ok	SEP_single	399	SEP	27.69511483542337	-135.55702919236592
Q9HCE5	OG	122.41239021543383	CB	B	1	399	1.4776497606521364	1.4974665689777906	1.4932099440102182	1.6083192690580692	SEP	117-202,204-402		1	1	1	117-202,204-402	5IL2	SEP	1.606	ok	SEP_single	399	SEP	20.744448974193052	-109.17818128760622
Q9JIH7	OG	121.78209358080686	CB	A	1	382	1.509910212018646	1.5417354330158153	1.5042905501485686	1.6220558039219848	SEP	210-482		1	1	1	210-482	5W7T	SEP	2.01	ok	SEP_single	382	SEP	-90.33735190656697	-123.40150771368855
Q9JLS3	OG	121.75643164265674	CB	A	1	181	1.489303438866259	1.4763035781142404	1.4758489789683753	1.582788994053688	SEP	12-320		1	1	1	12-320	1U5Q	SEP	2.1	ok	SEP_single	181	SEP	3.795548789181101	-165.32849318715287
Q9JLS3	OG	116.16801322761842	CB	A	1	181	1.4876821733723915	1.471645391519535	1.4760644360880066	1.5843605259590143	SEP	12-320		1	1	1	12-320	1U5R	SEP	2.1	ok	SEP_single	181	SEP	33.61894437010477	-117.12141689063354
Q9KWY4	OG	116.80266977603354	CB	A	1	84	1.6042470182119672	1.6058030977054667	1.6016176240382458	1.619765300073955	SEP	30-375		1	1	1	30-375	2W5V	SEP	1.78	ok	SEP_single	84	SEP	66.13103915496016	-114.30119348027412
Q9KWY4	OG	117.04942221213273	CB	A	1	84	1.5977935865341415	1.620537180151939	1.5986650327556216	1.6149734926073909	SEP	30-375		1	1	1	30-375	2W5W	SEP	1.79	ok	SEP_single	84	SEP	63.44901736824432	-123.1969145331364
Q9KWY4	OG	119.14368795280822	CB	A	1	84	1.6072724179326308	1.6137844618612638	1.595190989625074	1.6328959765769109	SEP	30-375		1	1	1	30-375	2W5X	SEP	1.99	ok	SEP_single	84	SEP	65.32561213213906	-125.57496461661755
Q9NQS7	OG	123.44151474328402	CB	B	2	893,894	1.5216011929190651	1.517560340574759	1.5131783075850875	1.6099914840291443	SEP	838-903		3	2	2	838-903	6GR8	SEP	1.75	ok	SEP_only_multi_2	893	SEP,SEP	-16.03237085554802	109.5214304908716
Q9NQS7	OG	119.5865614188517	CB	B	2	893,894	1.4983109117855147	1.5458410707683101	1.5009791136833335	1.5739879371059808	SEP	838-903		3	2	2	838-903	6GR8	SEP	1.75	ok	SEP_only_multi_2	894	SEP,SEP	-6.30761837572673	116.84778014828477
Q9NQU5	OG	113.84547826559414	CB	A	1	560	1.6127372678050271	1.5640049977246833	1.5499750500256897	1.6146098194399163	SEP	385-674		2	1	1	385-674	2C30	SEP	1.6	ok	SEP_single	560	SEP	49.76910158249216	-110.47050280998648
Q9NQU5	OG	124.24564361911126	CB	A	1	560	1.4827177647543366	1.4767215772675517	1.538914266557789	1.5962928745902523	SEP	386-672		2	1	1	386-672	4KS7	SEP	1.4	ok	SEP_single	560	SEP	-19.40884213872514	-174.44941097557987
Q9NQU5	OG	121.48722015684389	CB	A	1	560	1.4984203098455242	1.4962924850974784	1.5019741253210088	1.6080360745901892	SEP	385-671		2	1	1	385-671	4KS8	SEP	1.95	ok	SEP_single	560	SEP	-28.502338377154565	145.85299652805122
Q9NUL5	OG	106.8893368048998	CB	A	2	249,256	1.6209237086252541	1.585996766033036	1.6195331038883531	1.6061116703567495	SEP	2-278		4	4	2	2-278	9KBO	SEP	2.0	ok	SEP_mixed_with_TPO	249	SEP,SEP	-61.556900931426746	106.11555805122208
Q9NUL5	OG	121.68872341317966	CB	A	2	249,256	1.5935392477559691	1.6059635837085233	1.633220521941267	1.637615260739466	SEP	2-278		4	4	2	2-278	9KBO	SEP	2.0	ok	SEP_mixed_with_TPO	256	SEP,SEP	3.101348632856162	-122.53646364252458
Q9NWF9	OG	109.1519298202579	CB	A	1	719	1.6104088189966113	1.6094986073976225	1.6096539537841872	1.6092627961113577	SEP	652-760,765-771		1	1	1	652-760,765-771	7M4O	SEP	2.21	ok	SEP_single	719	SEP	40.215401045726495	-15.24995925443736
Q9NWZ3	OG	110.49036062388623	CB	B	1	346	1.6209277979447105	1.6171142038420374	1.6123245611539583	1.6170563382620908	SEP	163-458		4	2	1	163-458	2NRU	SEP	2.0	ok	SEP_mixed_with_TPO	346	SEP	9.756401220918072	130.7969036037957
Q9NWZ3	OG	108.08826833766851	CB	D	1	346	1.6098457260813654	1.6111943010254917	1.6127674328527077	1.612636902403541	SEP	162-187,189-215,222-459		4	3	1	162-187,189-215,222-459	2OIB	SEP	2.0	ok	SEP_mixed_with_TPO	346	SEP	-1.4804462473856659	12.464654947700202
Q9NWZ3	OG	109.77204255485681	CB	D	1	346	1.6110594582772906	1.6094161471388801	1.611936730773162	1.6167376416520085	SEP	161-215,226-337,340-459		4	3	1	161-215,226-337,340-459	2OIC	SEP	2.4	ok	SEP_mixed_with_TPO	346	SEP	-6.709319256835974	140.4926259793918
Q9NWZ3	OG	110.75436311752931	CB	D	1	346	1.6149434354305956	1.6100299928478972	1.6097415208312256	1.6096126555347798	SEP	164-195,197-215,231-337,341-459		4	3	1	164-195,197-215,231-337,341-459	2OID	SEP	2.3	ok	SEP_mixed_with_TPO	346	SEP	-18.110363661271766	155.75618924343917
Q9NWZ3	OG	119.66918496611595	CB	A	1	346	1.5146528141120137	1.5122791344484494	1.5144472829656175	1.612287411181888	SEP	165-216,221-336,340-458		4	3	1	165-216,221-336,340-458	4RMZ	SEP	2.2	ok	SEP_mixed_with_TPO	346	SEP	7.594184266068612	158.10803806699116
Q9NWZ3	OG	113.32610849162643	CB	C	1	346	1.5550348940624354	1.5401484468982094	1.555757474839443	1.5485379099569556	SEP	164-337,342-460		4	3	1	164-337,342-460	4Y73	SEP	2.14	ok	SEP_mixed_with_TPO	346	SEP	-0.8694385171602963	135.13676570181872
Q9NWZ3	OG	108.91808068188737	CB	A	1	346	1.5503808339536915	1.5359342259097821	1.5598585703217036	1.5553506942512476	SEP	163-216,222-337,341-459		4	3	1	163-216,222-337,341-459	4YO6	SEP	2.32	ok	SEP_mixed_with_TPO	346	SEP	-2.8014687755357564	148.14329385043948
Q9NWZ3	OG	111.09196158214594	CB	D	1	346	1.5617525891725603	1.545196422699149	1.5583848648212637	1.543691961167122	SEP	164-195,197-217,222-337,342-460		4	3	1	164-195,197-217,222-337,342-460	4ZTL	SEP	2.39	ok	SEP_mixed_with_TPO	346	SEP	-16.467974225503653	131.66786034838844
Q9NWZ3	OG	109.26636964752863	CB	A	1	346	1.5514621041838683	1.5560616575885275	1.5590055735145616	1.5667840352402247	SEP	163-216,221-337,342-459		4	3	1	163-216,221-337,342-459	4ZTN	SEP	2.23	ok	SEP_mixed_with_TPO	346	SEP	-10.377240058904013	141.31257473011075
Q9NWZ3	OG	109.49196655526292	CB	A	1	346	1.5402531512595379	1.5334773674924316	1.5515411707851992	1.5614710376289886	SEP	164-216,226-335,343-458		4	2	1	164-216,226-335,343-458	5K72	SEP	2.22	ok	SEP_mixed_with_TPO	346	SEP	-11.121840145711706	112.23943412408123
Q9NWZ3	OG	111.06906843249219	CB	C	1	346	1.5331347841929408	1.5400662064506498	1.5384915202094245	1.5561022397958149	SEP	164-215,221-336,343-458		4	2	1	164-215,221-336,343-458	5K75	SEP	2.03	ok	SEP_mixed_with_TPO	346	SEP	1.1099359230133499	-122.69274480529192
Q9NWZ3	OG	110.85943254824402	CB	C	1	346	1.5271159174483666	1.5320527678833156	1.5357062428186616	1.5538206216988038	SEP	164-216,220-335,343-458		4	2	1	164-216,220-335,343-458	5K7G	SEP	2.23	ok	SEP_mixed_with_TPO	346	SEP	2.827015602113936	-119.30514076000965
Q9NWZ3	OG	113.60656565433389	CB	A	1	346	1.541821960210024	1.5360520948210976	1.531282541949743	1.5361230990446895	SEP	164-215,226-252,257-335,343-458		4	2	1	164-215,226-252,257-335,343-458	5K7I	SEP	2.31	ok	SEP_mixed_with_TPO	346	SEP	-3.2637744636895336	123.12903241265408
Q9NWZ3	OG	109.51752771025674	CB	C	1	346	1.5537901243544106	1.5471918783917695	1.5599507427956318	1.5526109901945815	SEP	164-215,221-336,342-460		4	3	1	164-215,221-336,342-460	5T1S	SEP	2.3	ok	SEP_mixed_with_TPO	346	SEP	7.831803674558891	137.21700592175245
Q9NWZ3	OG	109.79145302911476	CB	C	1	346	1.5495208768151003	1.5419215245350826	1.5699131904082657	1.560436882918437	SEP	164-216,221-337,342-460		4	3	1	164-216,221-337,342-460	5T1T	SEP	2.34	ok	SEP_mixed_with_TPO	346	SEP	-1.0600274009331025	138.64976768985073
Q9NWZ3	OG	105.38953511078775	CB	A	1	346	1.5348997725907862	1.548953435525452	1.5319675255522363	1.5877802209879381	SEP	162-215,222-336,342-458		4	2	1	162-215,222-336,342-458	5UIT	SEP	1.84	ok	SEP_mixed_with_TPO	346	SEP	-17.187534247019254	121.14139032042854
Q9NWZ3	OG	111.45010142504441	CB	B	1	346	1.5654600899949223	1.5465005400595326	1.5438159539943297	1.5460824773396888	SEP	164-336,342-458		4	3	1	164-336,342-458	5UIU	SEP	2.02	ok	SEP_mixed_with_TPO	346	SEP	4.021823957653975	122.79848425134797
Q9NWZ3	OG	116.07477739403095	CB	B	1	346	1.5421192156200845	1.559644385551563	1.5305155528065106	1.5570249156339608	SEP	164-194,197-215,224-336,341-459		4	3	1	164-194,197-215,224-336,341-459	5W85	SEP	2.25	ok	SEP_mixed_with_TPO	346	SEP	65.81459214195877	142.6783875247405
Q9NWZ3	OG	114.55676208493485	CB	B	1	346	1.5459129263086178	1.525966064468473	1.5584277268258129	1.5718082092708514	SEP	164-217,221-336,344-458		4	2	1	164-217,221-336,344-458	6F3D	SEP	2.38	ok	SEP_mixed_with_TPO	346	SEP	-29.761899626067166	140.90908708883828
Q9NWZ3	OG	112.63666933805143	CB	A	1	346	1.53795084693351	1.5293392311366028	1.519233699332908	1.5502202853112854	SEP	164-187,190-194,198-216,222-254,257-335,342-458		4	3	1	164-187,190-194,198-216,222-254,257-335,342-458	6F3G	SEP	2.37	ok	SEP_mixed_with_TPO	346	SEP	-9.017912837334165	91.67996673566375
Q9NWZ3	OG	112.77895149659984	CB	B	1	346	1.5395762068209766	1.5322211263423844	1.5359497743988269	1.5475147575557398	SEP	164-215,223-336,344-458		4	2	1	164-215,223-336,344-458	6F3I	SEP	2.14	ok	SEP_mixed_with_TPO	346	SEP	-19.325644625638912	122.29159883375105
Q9NWZ3	OG	109.87966358900907	CB	B	1	346	1.524847162121036	1.530766417637706	1.55399970123036	1.54291016933933	SEP	163-459		4	2	1	163-459	6LXY	SEP	2.19	ok	SEP_mixed_with_TPO	346	SEP	-20.32718602511717	110.56897435742133
Q9NWZ3	OG	112.75296137697696	CB	D	1	346	1.6091225090474504	1.6117631104678292	1.611372793587253	1.6031842335493585	SEP	164-459		4	3	1	164-459	6MOM	SEP	2.1	ok	SEP_mixed_with_TPO	346	SEP	10.428712805209774	135.25418315663057
Q9NWZ3	OG	116.86296770182989	CB	C	1	346	1.5165949391016929	1.526655645374838	1.5186336037240173	1.6205735168838957	SEP	164-216,220-336,341-459		4	3	1	164-216,220-336,341-459	6N8G	SEP	2.0	ok	SEP_mixed_with_TPO	346	SEP	-1.2599426432340752	149.75356743834544
Q9NWZ3	OG	119.87217183482332	CB	C	1	346	1.5100071202132004	1.5112381031411495	1.5115460552706395	1.6089199973455126	SEP	163-336,341-458		4	2	1	163-336,341-458	6O8U	SEP	1.8	ok	SEP_mixed_with_TPO	346	SEP	-4.8203848794908195	-133.30629938443795
Q9NWZ3	OG	112.88652992176873	CB	B	1	346	1.5416974686494034	1.5205570292794472	1.521984435911836	1.525817478233904	SEP	162-336,341-458		4	3	1	162-336,341-458	6O94	SEP	1.98	ok	SEP_mixed_with_TPO	346	SEP	-2.774343933037209	108.33528604620011
Q9NWZ3	OG	116.46849109294537	CB	A	1	346	1.5203732539521733	1.5265144488970515	1.5362706445905974	1.5603115284659996	SEP	162-254,257-336,342-459		4	3	1	162-254,257-336,342-459	6O95	SEP	1.77	ok	SEP_mixed_with_TPO	346	SEP	8.917819472989079	124.68177989494136
Q9NWZ3	OG	113.8961183857621	CB	B	1	346	1.552438443715793	1.5508471597113973	1.5536384831769703	1.5609553664267997	SEP	164-215,223-335,344-458		4	2	1	164-215,223-335,344-458	6RFI	SEP	2.31	ok	SEP_mixed_with_TPO	346	SEP	15.370859651381165	150.42121433857085
Q9NWZ3	OG	112.43115515501455	CB	B	1	346	1.5386067741478324	1.542168807126951	1.5433826460522866	1.5678556442430012	SEP	164-215,223-336,342-458		4	2	1	164-215,223-336,342-458	6THX	SEP	1.99	ok	SEP_mixed_with_TPO	346	SEP	-4.406440235445006	132.88762197786912
Q9NWZ3	OG	113.43051866524407	CB	B	1	346	1.5364812887880628	1.5354337801582514	1.5451996755853374	1.5608367567739887	SEP	164-215,223-336,342-458		4	2	1	164-215,223-336,342-458	6THZ	SEP	2.38	ok	SEP_mixed_with_TPO	346	SEP	30.482188737534685	126.64536726869663
Q9NWZ3	OG	114.91016752707036	CB	C	1	346	1.5433270568972628	1.541517765239938	1.5489517309733414	1.5614050293017139	SEP	164-216,221-335,343-459		4	2	1	164-216,221-335,343-459	6TI8	SEP	2.32	ok	SEP_mixed_with_TPO	346	SEP	-23.773554308306142	116.89718952078782
Q9NWZ3	OG	111.96798289020806	CB	D	1	346	1.520545266118143	1.5210497209930638	1.5332907250585854	1.5486073397299205	SEP	162-335,342-458		4	3	1	162-335,342-458	6UYA	SEP	1.74	ok	SEP_mixed_with_TPO	346	SEP	25.323312774638367	159.72755144814906
Q9NWZ3	OG	116.2919294030242	CB	A	1	346	1.5353238420571351	1.5385726620365832	1.5385034725191513	1.5836373648202409	SEP	162-217,220-336,343-458		4	2	1	162-217,220-336,343-458	6VQL	SEP	2.069	ok	SEP_mixed_with_TPO	346	SEP	-45.44194330329662	142.685634084665
Q9NWZ3	OG	118.71582744763562	CB	A	1	346	1.513479363847254	1.5119177216650235	1.5145180092740311	1.6251633017065423	SEP	163-216,221-337,342-459		4	3	1	163-216,221-337,342-459	7C2V	SEP	2.44	ok	SEP_mixed_with_TPO	346	SEP	17.51597461273955	-167.95218288877942
Q9NWZ3	OG	113.45846510519648	CB	B	1	346	1.538324942704722	1.5368377858086704	1.5519422154551579	1.5550911427291152	SEP	164-216,223-336,344-458		4	2	1	164-216,223-336,344-458	7QG1	SEP	2.07	ok	SEP_mixed_with_TPO	346	SEP	-10.171353321654324	116.57632510834007
Q9NWZ3	OG	112.1187175507646	CB	A	1	346	1.540707195726842	1.5245590645001132	1.54682983290296	1.5620267458911938	SEP	164-187,190-216,222-252,257-335,342-458		4	3	1	164-187,190-216,222-252,257-335,342-458	7QG3	SEP	2.11	ok	SEP_mixed_with_TPO	346	SEP	20.136259068929768	29.644735428876608
Q9NWZ3	OG	108.9359483586667	CB	B	1	346	1.5388216248701097	1.5254663000368673	1.5201551754940943	1.5424311906576986	SEP	164-215,224-335,342-458		4	2	1	164-215,224-335,342-458	7QG5	SEP	2.3	ok	SEP_mixed_with_TPO	346	SEP	-7.789472313889934	123.48376925315421
Q9NWZ3	OG	111.08805903201521	CB	A	1	346	1.6111926851019147	1.6114349537592132	1.6123861324515762	1.6098886816426998	SEP	165-216,222-336,343-344,346-459		4	1	1	165-216,222-336,343-344,346-459	8DKS	SEP	2.45	ok	SEP_single	346	SEP	-0.5896836625494527	128.0209481692755
Q9NWZ3	OG	113.12553061635917	CB	B	1	346	1.5391622669572518	1.5397707086668333	1.544542016771432	1.5473407096678329	SEP	164-216,220-336,342-458		4	3	1	164-216,220-336,342-458	8SCE	SEP	1.89	ok	SEP_mixed_with_TPO	346	SEP	-1.3160036893907157	132.31061713553055
Q9NWZ3	OG	110.36713653153757	CB	B	1	346	1.6109369432186393	1.6091967464621224	1.6098245717270019	1.6131188727829266	SEP	164-217,220-336,342-459		4	3	1	164-217,220-336,342-459	8TVM	SEP	2.1	ok	SEP_mixed_with_TPO	346	SEP	40.24106141532605	-138.95070830076259
Q9NWZ3	OG	112.86762538029471	CB	B	1	346	1.6083785425232782	1.612382046060791	1.6112583760048549	1.6136889931303104	SEP	164-216,220-255,257-335,342-459		4	3	1	164-216,220-255,257-335,342-459	8TVN	SEP	1.95	ok	SEP_mixed_with_TPO	346	SEP	1.018959454942311	166.59753710582865
Q9NWZ3	OG	114.05771689831481	CB	B	1	346	1.6137104211110762	1.6131143521669984	1.6115335422770618	1.6094230712578381	SEP	164-337,342-459		4	3	1	164-337,342-459	8TX0	SEP	2.0	ok	SEP_mixed_with_TPO	346	SEP	10.167710344950953	130.5523748742541
Q9NWZ3	OG	110.54244662187683	CB	D	1	346	1.6098607417773725	1.6104571549297293	1.6109893121080612	1.6088519273054749	SEP	163-219,221-336,342-459		4	3	1	163-219,221-336,342-459	8UCB	SEP	1.85	ok	SEP_mixed_with_TPO	346	SEP	14.398303949540283	136.51723224398017
Q9NWZ3				A	1	346					SEP	160-336,342-459		4	2	1	160-336,342-459	8UCC	SEP	1.8	missing_required_atoms:OG,P	SEP_mixed_with_TPO	346	SEP		
Q9NWZ3	OG	118.49880611926906	CB	C	1	346	1.517870374453915	1.5264083122977723	1.5173564377400959	1.60566429119778	SEP	160-459		4	3	1	160-459	8V2F	SEP	2.09	ok	SEP_mixed_with_TPO	346	SEP	0.9618851780100864	126.45684804355653
Q9NWZ3	OG	118.61401440279931	CB	B	1	346	1.5269129855326966	1.525395024773632	1.5222932901346216	1.6303525429927985	SEP	163-336,342-459		4	3	1	163-336,342-459	8V2L	SEP	2.43	ok	SEP_mixed_with_TPO	346	SEP	-21.987809081633664	129.177805967566
Q9NWZ3	OG	107.36459483320901	CB	A	1	346	1.525144215085325	1.5189431009419383	1.5449048948780892	1.540983984081368	SEP	162-460		4	3	1	162-460	8W3W	SEP	1.976	ok	SEP_mixed_with_TPO	346	SEP	5.324183617821879	117.62810296572341
Q9NWZ3	OG	110.48562085175837	CB	A	1	346	1.524456241029051	1.5304301164930347	1.5253972819898018	1.545703217794559	SEP	162-216,222-336,342-460		4	3	1	162-216,222-336,342-460	8W3X	SEP	1.765	ok	SEP_mixed_with_TPO	346	SEP	4.971581723351468	116.61873278972035
Q9NWZ3	OG	111.56003105553461	CB	A	1	346	1.622210619233005	1.614784534360264	1.6173923348923112	1.6102115300145614	SEP	164-337,340-458		4	3	1	164-337,340-458	9NA2	SEP	1.99	ok	SEP_mixed_with_TPO	346	SEP	-71.19933823854132	106.13255840779063
Q9NWZ3	OG	110.69267965759835	CB	A	1	346	1.6100566924495086	1.6103834771919132	1.6096518751214666	1.6098410384240889	SEP	164-217,221-254,258-336,342-458		4	3	1	164-217,221-254,258-336,342-458	9NA3	SEP	2.1	ok	SEP_mixed_with_TPO	346	SEP	10.207128920003438	-133.03786074505732
Q9NWZ3	OG	109.54201383071613	CB	C	1	346	1.6100763455660758	1.6095073098843633	1.6100357694434222	1.610824911580152	SEP	164-216,221-254,257-336,342-459		4	3	1	164-216,221-254,257-336,342-459	9NA4	SEP	2.33	ok	SEP_mixed_with_TPO	346	SEP	5.028836399508307	-123.65322076334208
Q9NWZ3	OG	110.45956619640971	CB	A	1	346	1.6110899374490284	1.6114128438161799	1.612561472752989	1.6039883986034886	SEP	162-217,220-336,341-458		4	3	1	162-217,220-336,341-458	9NA5	SEP	1.73	ok	SEP_mixed_with_TPO	346	SEP	-36.67290562140863	108.14295660014851
Q9NWZ3	OG	110.71884976379648	CB	C	1	346	1.6104580628010159	1.6104140017550372	1.6098130745371022	1.6082954687006852	SEP	165-216,220-336,342-458		4	3	1	165-216,220-336,342-458	9NA6	SEP	2.14	ok	SEP_mixed_with_TPO	346	SEP	0.274407261721544	163.5986329528751
Q9NWZ3	OG	112.60034683892701	CB	A	1	346	1.6293978584368292	1.6227155257371415	1.6242750769401193	1.6315682265250642	SEP	164-215,222-336,342-458		4	3	1	164-215,222-336,342-458	9PSS	SEP	1.93	ok	SEP_mixed_with_TPO	346	SEP	-34.177635441173905	116.70829796524379
Q9NWZ3	OG	111.93941993887024	CB	A	1	346	1.616006672082863	1.6119186265475953	1.6146505709362948	1.6011809911693025	SEP	165-216,220-336,343-458		4	2	1	165-216,220-336,343-458	9PST	SEP	2.12	ok	SEP_mixed_with_TPO	346	SEP	11.35321736160329	138.38594413613455
Q9NWZ3	OG	112.53909790625607	CB	B	1	346	1.6103701870525906	1.6105279462711435	1.6107491431652683	1.6107185346150596	SEP	164-216,222-337,342-458		4	2	1	164-216,222-337,342-458	9PSU	SEP	2.43	ok	SEP_mixed_with_TPO	346	SEP	-1.7476917605971087	9.683771963375586
Q9NWZ3	OG	110.80603779057107	CB	A	1	346	1.535340854090921	1.5285399441338605	1.5376151634644761	1.5580730794906326	SEP	163-216,222-335,341-458		4	2	1	163-216,222-335,341-458	9R9G	SEP	1.88	ok	SEP_mixed_with_TPO	346	SEP	-10.408174603543728	129.63256269457057
Q9NWZ3	OG	112.53930381201809	CB	B	1	346	1.5664237675304782	1.5580522654527256	1.5566881972188422	1.5637952339723156	SEP	161-217,222-254,257-337,342-458		4	2	1	161-217,222-254,257-337,342-458	9R9J	SEP	2.39	ok	SEP_mixed_with_TPO	346	SEP	9.575404076094342	154.9579737082652
Q9NWZ3	OG	111.24812711027508	CB	B	1	346	1.5243482620029005	1.5207985328626188	1.533359505101117	1.5300465091197035	SEP	158-216,223-335,343-460		4	2	1	158-216,223-335,343-460	9R9K	SEP	1.87	ok	SEP_mixed_with_TPO	346	SEP	-7.2999673549760935	123.7327891782663
Q9P286	OG	115.10548267010711	CB	B	1	602	1.577536735138747	1.609747479205762	1.606979108148838	1.6001910914036093	SEP	425-718		1	1	1	425-718	2F57	SEP	1.8	ok	SEP_single	602	SEP	48.042885498743516	-112.7867593556459
Q9PRS8	OG	110.56890929714415	CB	A	1	61	1.5429653904930059	1.5434632415300744	1.5553715552905125	1.5662183303207895	SEP	4-142		1	1	1	4-63,69-142	1GZ2	SEP	1.5	ok	SEP_single	61	SEP	-69.9887449350689	102.83557263519513
Q9QZL0	OG	120.19842859933158	CB	A	2	184,232	1.508725477877914	1.5070064930896603	1.5093388533755019	1.6082790241902218	SEP	12-168,183-312		3	3	2	12-168,183-312	4M69	SEP	2.497	ok	SEP_mixed_with_TPO	184	SEP,SEP	6.191606920923043	108.17270675812478
Q9QZL0	OG	119.76302859688978	CB	A	2	184,232	1.508169331901668	1.5071600588655965	1.50684194571379	1.6049367355955524	SEP	12-168,183-312		3	3	2	12-168,183-312	4M69	SEP	2.497	ok	SEP_mixed_with_TPO	232	SEP,SEP	17.74535151625564	95.9253383757922
Q9UBU7	OG	111.55654419982797	CB	B	1	226	1.607930798806282	1.610288440584318	1.6040441490070794	1.5988165784487176	SEP	210-254,293-346		1	1	1	210-254,293-346	6YA6	SEP	1.44	ok	SEP_single	226	SEP	-67.80770957423556	114.45841349633932
Q9UBU7	OG	105.16332343996665	CB	B	1	226	1.6093598986019813	1.6093471871107634	1.6038400820287457	1.6085664849243348	SEP	210-254,292-346		1	1	1	210-254,292-346	6YA8	SEP	1.79	ok	SEP_single	226	SEP	-57.59301733692126	125.29546642181992
Q9UHD2	OG	113.46337866307816	CB	A	1	172	1.6021116318845217	1.6157395339121245	1.599598880641008	1.6077611418338646	SEP	2-307		1	1	1	2-307	4EUU	SEP	1.8	ok	SEP_single	172	SEP	-26.34056210435736	132.6791678818514
Q9WV60	OG	117.87117750430757	CB	A	1	9	1.508467367424683	1.5122152834034652	1.51270420444239	1.5773273055140316	SEP	6-11,26-29,35-119,122-383		2	1	1	6-11,26-29,35-119,122-383	4NU1	SEP	2.5	ok	SEP_single	9	SEP	49.77296201966413	-109.08400140604898
Q9Y478	OG	115.5779468736284	CB	B	1	108	1.495607645875342	1.5173381296567652	1.5159795115517498	1.5758708397566064	SEP	77-180,186-193,202-270		1	1	1	77-180,186-193,202-270	8BIK	SEP	2.5	ok	SEP_single	108	SEP	-43.583373742916976	13.553927249858035
Q9Y572	OG	109.34593719942735	CB	B	1	227	1.609128591967069	1.6092504592444925	1.6104545536778838	1.6117379937206473	SEP	5-27,33-85,88-163,176-193,197-311		2	2	1	5-27,33-85,88-163,176-193,197-311	7MON	SEP	2.23	ok	SEP_mixed_with_TPO	227	SEP	-8.756087758458406	113.72201897268702
